[Licensing::Module] Trying to connect to existing licensing client channel...
Built from '6000.4/staging' branch; Version is '6000.4.8f1 (f8b72d3d7343) revision 16299821'; Using compiler version '194234433'; Build Type 'Release'
OS: 'Windows 11  (10.0.26200) Core' Language: 'en' Physical Memory: 16076 MB
[Licensing::IpcConnector] Successfully connected to: "LicenseClient-sdziu" at "2026-05-28T08:43:03.5465177Z"
BatchMode: 1, IsHumanControllingUs: 0, StartBugReporterOnCrash: 0, Is64bit: 1
System  architecture: x64
Process architecture: x64
Date: 2026-05-28T08:43:03Z

COMMAND LINE ARGUMENTS:
C:\Program Files\Unity\Hub\Editor\6000.4.8f1\Editor\Unity.exe
-adb2
-batchMode
-noUpm
-name
AssetImportWorker0
-projectPath
C:/Users/sdziu/my_documents/0_repositories/whoops
-logFile
Logs/AssetImportWorker0.log
-srvPort
56663
-licensingIpc
LicenseClient-sdziu
-force-d3d12
-job-worker-count
7
-background-job-worker-count
8
-gc-helper-count
1
-name
AssetImport
Successfully changed project path to: C:/Users/sdziu/my_documents/0_repositories/whoops
C:/Users/sdziu/my_documents/0_repositories/whoops
[UnityMemory] Configuration Parameters - Can be set up in boot.config
    "memorysetup-temp-allocator-size-gi-baking-worker=262144"
    "memorysetup-temp-allocator-size-gi-baking-worker=262144"
    "memorysetup-temp-allocator-size-gi-baking-worker=262144"
    "memorysetup-temp-allocator-size-gi-baking-worker=262144"
    "memorysetup-temp-allocator-size-gi-baking-worker=262144"
    "memorysetup-temp-allocator-size-nav-mesh-worker=65536"
    "memorysetup-temp-allocator-size-audio-worker=65536"
    "memorysetup-temp-allocator-size-cloud-worker=32768"
    "memorysetup-temp-allocator-size-gfx=262144"
    "memorysetup-temp-allocator-size-preload-manager=33554432"
    "memorysetup-temp-allocator-size-job-worker=262144"
    "memorysetup-temp-allocator-size-background-worker=32768"
    "memorysetup-allocator-temp-initial-block-size-main=262144"
    "memorysetup-allocator-temp-initial-block-size-worker=262144"
    "memorysetup-bucket-allocator-granularity=16"
    "memorysetup-bucket-allocator-bucket-count=8"
    "memorysetup-bucket-allocator-block-size=33554432"
    "memorysetup-bucket-allocator-block-count=8"
    "memorysetup-main-allocator-block-size=16777216"
    "memorysetup-thread-allocator-block-size=16777216"
    "memorysetup-gfx-main-allocator-block-size=16777216"
    "memorysetup-gfx-thread-allocator-block-size=16777216"
    "memorysetup-cache-allocator-block-size=4194304"
    "memorysetup-typetree-allocator-block-size=2097152"
    "memorysetup-profiler-bucket-allocator-granularity=16"
    "memorysetup-profiler-bucket-allocator-bucket-count=8"
    "memorysetup-profiler-bucket-allocator-block-size=33554432"
    "memorysetup-profiler-bucket-allocator-block-count=8"
    "memorysetup-profiler-allocator-block-size=16777216"
    "memorysetup-profiler-editor-allocator-block-size=1048576"
    "memorysetup-temp-allocator-size-main=16777216"
    "memorysetup-job-temp-allocator-block-size=2097152"
    "memorysetup-job-temp-allocator-block-size-background=1048576"
    "memorysetup-job-temp-allocator-reduction-small-platforms=262144"
Player connection [26468]  Target information:

Player connection [26468]  * "[IP] 26.197.100.150 [Port] 0 [Flags] 2 [Guid] 2224761005 [EditorId] 2224761005 [Version] 1048832 [Id] WindowsEditor(7,DESKTOP-BMK0IR6) [Debug] 1 [PackageName] WindowsEditor [ProjectName] Editor" 

Player connection [26468]  * "[IP] 172.29.64.1 [Port] 0 [Flags] 2 [Guid] 2224761005 [EditorId] 2224761005 [Version] 1048832 [Id] WindowsEditor(7,DESKTOP-BMK0IR6) [Debug] 1 [PackageName] WindowsEditor [ProjectName] Editor" 

Player connection [26468]  * "[IP] 10.82.133.89 [Port] 0 [Flags] 2 [Guid] 2224761005 [EditorId] 2224761005 [Version] 1048832 [Id] WindowsEditor(7,DESKTOP-BMK0IR6) [Debug] 1 [PackageName] WindowsEditor [ProjectName] Editor" 

Player connection [26468]  * "[IP] 192.168.1.102 [Port] 0 [Flags] 2 [Guid] 2224761005 [EditorId] 2224761005 [Version] 1048832 [Id] WindowsEditor(7,DESKTOP-BMK0IR6) [Debug] 1 [PackageName] WindowsEditor [ProjectName] Editor" 

Player connection [26468] Host joined multi-casting on [225.0.0.222:54997]...
Player connection [26468] Host joined alternative multi-casting on [225.0.0.222:34997]...
JobSystem: Creating JobQueue using job-worker-count value 7
Input System module state changed to: Initialized.
[Physics::Module] Initialized fallback backend.
[Physics::Module] Id: 0xdecafbad
Library Redirect Path: Library/
[Physics::Module] Selected backend.
[Physics::Module] Name: PhysX
[Physics::Module] Id: 0xf2b8ea05
[Physics::Module] SDK Version: 4.1.2
[Physics::Module] Integration Version: 1.0.0
[Physics::Module] Threading Mode: Multi-Threaded
Refreshing native plugins compatible for Editor in 8.28 ms, found 5 plugins.
Initialize engine version: 6000.4.8f1 (f8b72d3d7343)
[Subsystems] Discovering subsystems at path C:/Program Files/Unity/Hub/Editor/6000.4.8f1/Editor/Data/Resources/UnitySubsystems
[Subsystems] Discovering subsystems at path C:/Users/sdziu/my_documents/0_repositories/whoops/Assets
Forcing GfxDevice: Direct3D 12
GfxDevice: creating device client; kGfxThreadingModeNonThreaded
d3d12: failed to query info queue interface (0x80004002).
Direct3D:
    Version:         Direct3D 12 [level 12.1]
    Renderer:        Intel(R) UHD Graphics (ID=0xa7a8)
    Vendor:          Intel
    VRAM:            8038 MB
    App VRAM Budget: 7380 MB
    Driver:          32.0.101.7076
    Unified Memory Architecture
    Cache Coherent UMA
Initialize mono
Mono path[0] = 'C:/Program Files/Unity/Hub/Editor/6000.4.8f1/Editor/Data/Managed'
Mono path[1] = 'C:/Program Files/Unity/Hub/Editor/6000.4.8f1/Editor/Data/MonoBleedingEdge/lib/mono/unityjit-win32'
Mono config path = 'C:/Program Files/Unity/Hub/Editor/6000.4.8f1/Editor/Data/MonoBleedingEdge/etc'
Using monoOptions --debugger-agent=transport=dt_socket,embedding=1,server=y,suspend=n,address=127.0.0.1:56828
CodeReloadManager initialized
Begin MonoManager ReloadAssembly
Registering precompiled unity dll's ...
Register platform support module: C:/Program Files/Unity/Hub/Editor/6000.4.8f1/Editor/Data/PlaybackEngines/WindowsStandaloneSupport/UnityEditor.WindowsStandalone.Extensions.dll
Registered in 0.002381 seconds.
[Licensing::Client] Error: HandshakeResponse reported an error:
	ResponseCode: 505
	ResponseStatus: Unsupported protocol version '1.18.1'.
[Licensing::Module] Error: Failed to handshake to channel: "LicenseClient-sdziu"
[Licensing::IpcConnector] LicenseClient-sdziu channel disconnected successfully.
[Licensing::IpcConnector] Successfully connected to: "LicenseClient-sdziu-6000.4.8" at "2026-05-28T08:43:04.8422791Z"
[Licensing::Client] Code 10 while verifying Licensing Client signature (process Id: 29356, path: "C:/Program Files/Unity/Hub/Editor/6000.4.8f1/Editor/Data/Resources/Licensing/Client/Unity.Licensing.Client.exe")
[Licensing::Module] LicensingClient has failed validation; ignoring
[Licensing::Client] Handshaking with LicensingClient:
  Version:                 1.18.1+9fbee8e
  Session Id:              c28e2d47c05642e2b252c69286014440
  Correlation Id:          88cd22dc8076f3b7d0539632499c5694
  External correlation Id: 7105731484293037750
  Machine Id:              Q6Vl5DVYSTnyzT9cj0suQkgA2P4=
[Licensing::Module] Successfully connected to LicensingClient on channel: "LicenseClient-sdziu-6000.4.8" (connect: 0.00s, validation: 0.00s, handshake: 0.01s)
[Licensing::IpcConnector] Successfully connected to: "LicenseClient-sdziu-6000.4.8-notifications" at "2026-05-28T08:43:04.8535865Z"
[Licensing::Module] Licensing Background thread has ended after 1.31s
Native extension for WindowsStandalone target not found
Package Manager log level set to [2]
[Package Manager] Failed to launch server process. Reason: Unity was launched with the -noUpm command-line argument
[Package Manager] Unable to send message (not connected to server process).
[Package Manager] Cannot connect to Unity Package Manager local server
ScheduleIndexationOnStartup MainProcess:False IndexOnStartup:True
Mono: successfully reloaded assembly
- Finished resetting the current domain, in  0.430 seconds
Domain Reload Profiling: 971ms
	BeginReloadAssembly (157ms)
	RebuildCommonClasses (45ms)
	RebuildNativeTypeToScriptingClass (15ms)
	initialDomainReloadingComplete (84ms)
	LoadAllAssembliesAndSetupDomain (238ms)
		LoadAssemblies (153ms)
		AnalyzeDomain (227ms)
			TypeCache.Refresh (225ms)
				TypeCache.ScanAssembly (209ms)
	FinalizeReload (432ms)
		SetupLoadedEditorAssemblies (0ms)
			InitializePlatformSupportModulesInManaged (52ms)
			BeforeProcessingInitializeOnLoad (105ms)
			ProcessInitializeOnLoadAttributes (121ms)
			ProcessInitializeOnLoadMethodAttributes (86ms)
========================================================================
Worker process is ready to serve import requests
Import Worker Mode flag is 0x00
Begin MonoManager ReloadAssembly
[Licensing::Client] Successfully resolved entitlement details
[Licensing::Module] License group:
  Id: 10170887667645-UnityPersXXXX
  Product: Unity Personal
  Type: Assigned
  Expiration: Unlimited
Assembly Assembly-CSharp-Editor-firstpass.dll at Library/ScriptAssemblies/Assembly-CSharp-Editor-firstpass.dll not valid. Loading of assembly skipped.
Assembly Assembly-CSharp-firstpass.dll at Library/ScriptAssemblies/Assembly-CSharp-firstpass.dll not valid. Loading of assembly skipped.
Assembly DocCodeExamples.dll at Library/ScriptAssemblies/DocCodeExamples.dll not valid. Loading of assembly skipped.
Assembly TestNewCustomAssembly.dll at Library/ScriptAssemblies/TestNewCustomAssembly.dll not valid. Loading of assembly skipped.
Assembly Unity.2D.Animation.EditorTests.dll at Library/ScriptAssemblies/Unity.2D.Animation.EditorTests.dll not valid. Loading of assembly skipped.
Assembly Unity.2D.Aseprite.EditorTests.dll at Library/ScriptAssemblies/Unity.2D.Aseprite.EditorTests.dll not valid. Loading of assembly skipped.
Assembly Unity.2D.Common.EditorTests.dll at Library/ScriptAssemblies/Unity.2D.Common.EditorTests.dll not valid. Loading of assembly skipped.
Assembly Unity.2D.PixelPerfect.Editor.Tests.dll at Library/ScriptAssemblies/Unity.2D.PixelPerfect.Editor.Tests.dll not valid. Loading of assembly skipped.
Assembly Unity.2D.Psdimporter.EditorTests.dll at Library/ScriptAssemblies/Unity.2D.Psdimporter.EditorTests.dll not valid. Loading of assembly skipped.
Assembly Unity.2D.Sprite.Package.EditorTests.dll at Library/ScriptAssemblies/Unity.2D.Sprite.Package.EditorTests.dll not valid. Loading of assembly skipped.
Assembly Unity.2D.SpriteShape.EditorTests.dll at Library/ScriptAssemblies/Unity.2D.SpriteShape.EditorTests.dll not valid. Loading of assembly skipped.
Assembly Unity.2D.Tilemap.Package.EditorTests.dll at Library/ScriptAssemblies/Unity.2D.Tilemap.Package.EditorTests.dll not valid. Loading of assembly skipped.
Assembly Unity.Collections.BurstCompatibilityGen.dll at Library/ScriptAssemblies/Unity.Collections.BurstCompatibilityGen.dll not valid. Loading of assembly skipped.
Assembly Unity.Collections.DocCodeSamples.dll at Library/ScriptAssemblies/Unity.Collections.DocCodeSamples.dll not valid. Loading of assembly skipped.
Assembly Unity.Collections.PerformanceTests.dll at Library/ScriptAssemblies/Unity.Collections.PerformanceTests.dll not valid. Loading of assembly skipped.
Assembly Unity.Collections.Tests.dll at Library/ScriptAssemblies/Unity.Collections.Tests.dll not valid. Loading of assembly skipped.
Assembly Unity.Collections.Tests.Playmode.dll at Library/ScriptAssemblies/Unity.Collections.Tests.Playmode.dll not valid. Loading of assembly skipped.
Assembly Unity.InputSystem.IntegrationTests.dll at Library/ScriptAssemblies/Unity.InputSystem.IntegrationTests.dll not valid. Loading of assembly skipped.
Assembly Unity.Mathematics.Tests.dll at Library/ScriptAssemblies/Unity.Mathematics.Tests.dll not valid. Loading of assembly skipped.
Assembly Unity.Multiplayer.Center.Editor.Tests.dll at Library/ScriptAssemblies/Unity.Multiplayer.Center.Editor.Tests.dll not valid. Loading of assembly skipped.
Assembly Unity.Multiplayer.Center.Tests.dll at Library/ScriptAssemblies/Unity.Multiplayer.Center.Tests.dll not valid. Loading of assembly skipped.
Assembly Unity.Nuget.Mono-Cecil.dll at Library/ScriptAssemblies/Unity.Nuget.Mono-Cecil.dll not valid. Loading of assembly skipped.
Assembly Unity.PathTracing.Editor.Tests.dll at Library/ScriptAssemblies/Unity.PathTracing.Editor.Tests.dll not valid. Loading of assembly skipped.
Assembly Unity.PathTracing.Runtime.Tests.dll at Library/ScriptAssemblies/Unity.PathTracing.Runtime.Tests.dll not valid. Loading of assembly skipped.
Assembly Unity.RenderPipelines.Core.Editor.Tests.dll at Library/ScriptAssemblies/Unity.RenderPipelines.Core.Editor.Tests.dll not valid. Loading of assembly skipped.
Assembly Unity.RenderPipelines.Core.Runtime.Tests.dll at Library/ScriptAssemblies/Unity.RenderPipelines.Core.Runtime.Tests.dll not valid. Loading of assembly skipped.
Assembly Unity.RenderPipelines.Universal.Config.Editor.Tests.dll at Library/ScriptAssemblies/Unity.RenderPipelines.Universal.Config.Editor.Tests.dll not valid. Loading of assembly skipped.
Assembly Unity.RenderPipelines.Universal.Editor.Tests.dll at Library/ScriptAssemblies/Unity.RenderPipelines.Universal.Editor.Tests.dll not valid. Loading of assembly skipped.
Assembly Unity.RenderPipelines.Universal.Runtime.Tests.dll at Library/ScriptAssemblies/Unity.RenderPipelines.Universal.Runtime.Tests.dll not valid. Loading of assembly skipped.
Assembly Unity.Searcher.EditorTests.dll at Library/ScriptAssemblies/Unity.Searcher.EditorTests.dll not valid. Loading of assembly skipped.
Assembly Unity.ShaderGraph.Editor.Tests.dll at Library/ScriptAssemblies/Unity.ShaderGraph.Editor.Tests.dll not valid. Loading of assembly skipped.
Assembly Unity.TextMeshPro.Editor.Tests.dll at Library/ScriptAssemblies/Unity.TextMeshPro.Editor.Tests.dll not valid. Loading of assembly skipped.
Assembly Unity.TextMeshPro.Tests.dll at Library/ScriptAssemblies/Unity.TextMeshPro.Tests.dll not valid. Loading of assembly skipped.
Assembly Unity.UnifiedRayTracing.Editor.Tests.dll at Library/ScriptAssemblies/Unity.UnifiedRayTracing.Editor.Tests.dll not valid. Loading of assembly skipped.
Assembly UnityEditor.UI.Common.Tests.dll at Library/ScriptAssemblies/UnityEditor.UI.Common.Tests.dll not valid. Loading of assembly skipped.
Assembly UnityEditor.UI.EditorTests.dll at Library/ScriptAssemblies/UnityEditor.UI.EditorTests.dll not valid. Loading of assembly skipped.
Assembly UnityEngine.UI.Tests.dll at Library/ScriptAssemblies/UnityEngine.UI.Tests.dll not valid. Loading of assembly skipped.
Symbol file LoadedFromMemory is not a mono symbol file
Refreshing native plugins compatible for Editor in 6.68 ms, found 5 plugins.
Native extension for WindowsStandalone target not found
[Package Manager] Failed to launch server process. Reason: Unity was launched with the -noUpm command-line argument
[Package Manager] Unable to send message (not connected to server process).
[Package Manager] Cannot connect to Unity Package Manager local server
Refreshing native plugins compatible for Editor in 7.05 ms, found 5 plugins.
[Package Manager] Failed to launch server process. Reason: Unity was launched with the -noUpm command-line argument
[Package Manager] Unable to send message (not connected to server process).
[Package Manager] Cannot connect to Unity Package Manager local server
ScheduleIndexationOnStartup MainProcess:False IndexOnStartup:True
Mono: successfully reloaded assembly
- Finished resetting the current domain, in  1.837 seconds
Domain Reload Profiling: 3815ms
	BeginReloadAssembly (281ms)
		DisableScriptedObjects (7ms)
		CreateAndSetChildDomain (39ms)
	RebuildCommonClasses (64ms)
	RebuildNativeTypeToScriptingClass (22ms)
	initialDomainReloadingComplete (138ms)
	LoadAllAssembliesAndSetupDomain (1471ms)
		LoadAssemblies (876ms)
		AnalyzeDomain (746ms)
			TypeCache.Refresh (524ms)
				TypeCache.ScanAssembly (485ms)
			BuildScriptInfoCaches (193ms)
			ResolveRequiredComponents (24ms)
	FinalizeReload (1838ms)
		SetupLoadedEditorAssemblies (0ms)
			InitializePlatformSupportModulesInManaged (5ms)
			BeforeProcessingInitializeOnLoad (352ms)
			ProcessInitializeOnLoadAttributes (811ms)
			ProcessInitializeOnLoadMethodAttributes (295ms)
			AfterProcessingInitializeOnLoad (17ms)
		AwakeInstancesAfterBackupRestoration (12ms)
Launched and connected shader compiler UnityShaderCompiler.exe after 0.03 seconds
Refreshing native plugins compatible for Editor in 6.09 ms, found 5 plugins.
Unloading 24 Unused Serialized files (Serialized files now loaded: 0)
Unloading 7417 unused Assets / (5.4 MB). Loaded Objects now: 8244.
Memory consumption went from 167.7 MB to 162.3 MB.
Total: 13.886400 ms (FindLiveObjects: 0.876200 ms CreateObjectMapping: 0.569700 ms MarkObjects: 9.109000 ms  DeleteObjects: 3.325200 ms)

========================================================================
Received Import Request.
  Time since last request: 1176226.229303 seconds.
  path: Assets/DefaultVolumeProfile.asset
  importAddress: Guid(3f9215ea0144899419cfbc0957140d3f) Importer(815301076,1909f56bfc062723c751e8b465ee728b)
Start importing Assets/DefaultVolumeProfile.asset using Guid(3f9215ea0144899419cfbc0957140d3f) Importer(815301076,1909f56bfc062723c751e8b465ee728b) (PreviewImporter) -> (Import Result ID: '8c129fc75f073ddf4202c34a3e01faa8') in 0.0596408 seconds [static and dynamic dependencies]. Details - ImportResultOutputID=69fe006145016d29bb327cea1225d966 DependenciesID=1611ae9d476f7409a4ec1e31fdf81412 StaticDependenciesID=bba1c6465d309b6c2f50b2fc0fa650aa 
Number of updated asset objects reloaded before import = 0Number of asset objects unloaded after import = 0

========================================================================
Received Import Request.
  Time since last request: 2.630681 seconds.
  path: Assets/Answer.cs
  importAddress: Guid(ef286ac358dfab2428b594276c944f60) Importer(2089858483,b0f066a214c2f5e87bad3c948f4d605d)
Start importing Assets/Answer.cs using Guid(ef286ac358dfab2428b594276c944f60) Importer(2089858483,b0f066a214c2f5e87bad3c948f4d605d) (ScriptedImporter) -> (Import Result ID: '1c14dee614fdfc5af8ef9aebba08d98c') in 0.0846437 seconds [static and dynamic dependencies]. Details - ImportResultOutputID=a98f3b3c01bdc16d50eed0cf28657c79 DependenciesID=ff3ae323e0dce82368ecc4a1ff780db9 StaticDependenciesID=2ae058ed797a829b4791192814280faf 
Number of updated asset objects reloaded before import = 0Number of asset objects unloaded after import = 0

========================================================================
Received Import Request.
  Time since last request: 0.000025 seconds.
  path: Assets/Visuals/McLangPoster.png
  importAddress: Guid(0a5fc40d2874e07459b8426605bb9f46) Importer(2089858483,b0f066a214c2f5e87bad3c948f4d605d)
Start importing Assets/Visuals/McLangPoster.png using Guid(0a5fc40d2874e07459b8426605bb9f46) Importer(2089858483,b0f066a214c2f5e87bad3c948f4d605d) (ScriptedImporter) -> (Import Result ID: '514e36e4fdab075f47c5042eff550585') in 0.0722573 seconds [static and dynamic dependencies]. Details - ImportResultOutputID=9152eae17cebcac6364a1b0984af8f19 DependenciesID=5c48d49c3289530e78feee878c04eb07 StaticDependenciesID=0fe307b69a2043513c22d73495f3891b 
Number of updated asset objects reloaded before import = 0Number of asset objects unloaded after import = 3

========================================================================
Received Import Request.
  Time since last request: 0.000041 seconds.
  path: Assets/TextMesh Pro/Shaders/TMP_SDF-Surface.shader
  importAddress: Guid(f7ada0af4f174f0694ca6a487b8f543d) Importer(2089858483,b0f066a214c2f5e87bad3c948f4d605d)
Start importing Assets/TextMesh Pro/Shaders/TMP_SDF-Surface.shader using Guid(f7ada0af4f174f0694ca6a487b8f543d) Importer(2089858483,b0f066a214c2f5e87bad3c948f4d605d) (ScriptedImporter) -> (Import Result ID: '127367681daa0d8b813b7349c355619f') in 0.0234051 seconds [static and dynamic dependencies]. Details - ImportResultOutputID=7a770612f70d60402249f6bf2057396d DependenciesID=18c270e499fc93be5b2dca0301576cce StaticDependenciesID=8c728d31b0e7ca1660994d84194b57a2 
Number of updated asset objects reloaded before import = 0Number of asset objects unloaded after import = 1

========================================================================
Received Import Request.
  Time since last request: 0.000019 seconds.
  path: Assets/Visuals/Lock.png
  importAddress: Guid(d2a090d77e0470246ba6391af05499c5) Importer(2089858483,b0f066a214c2f5e87bad3c948f4d605d)
Start importing Assets/Visuals/Lock.png using Guid(d2a090d77e0470246ba6391af05499c5) Importer(2089858483,b0f066a214c2f5e87bad3c948f4d605d) (ScriptedImporter) -> (Import Result ID: '75ae031657ce349fbead5980d1cb0e43') in 0.0244123 seconds [static and dynamic dependencies]. Details - ImportResultOutputID=f64754a2d6119a37c71cfac92ffbac4c DependenciesID=0ff29f1e8a6148adcc0ed1692828cafc StaticDependenciesID=b7da706423a01331f58f45711d1d431e 
Number of updated asset objects reloaded before import = 0Number of asset objects unloaded after import = 3

========================================================================
Received Import Request.
  Time since last request: 0.000022 seconds.
  path: Assets/MiniGameObject.cs
  importAddress: Guid(61aa719da7155d347ae90b2f135aed1c) Importer(2089858483,b0f066a214c2f5e87bad3c948f4d605d)
Start importing Assets/MiniGameObject.cs using Guid(61aa719da7155d347ae90b2f135aed1c) Importer(2089858483,b0f066a214c2f5e87bad3c948f4d605d) (ScriptedImporter) -> (Import Result ID: '4295a5f5db707028c24bb2a82e79ab2a') in 0.0190154 seconds [static and dynamic dependencies]. Details - ImportResultOutputID=7eebf0dc4e20e0a27c62557bf4f374aa DependenciesID=7a59451ac88847b7cd78e2687277e899 StaticDependenciesID=d383058b519d8b67d6c240f00abedbcc 
Number of updated asset objects reloaded before import = 0Number of asset objects unloaded after import = 0

========================================================================
Received Import Request.
  Time since last request: 0.000028 seconds.
  path: Assets/Visuals/LockButtons/5.png
  importAddress: Guid(555e63d7792f42742817dd9025fe9075) Importer(2089858483,b0f066a214c2f5e87bad3c948f4d605d)
Start importing Assets/Visuals/LockButtons/5.png using Guid(555e63d7792f42742817dd9025fe9075) Importer(2089858483,b0f066a214c2f5e87bad3c948f4d605d) (ScriptedImporter) -> (Import Result ID: '549058b6f4fab6072fb3e8feecd27fba') in 0.0372929 seconds [static and dynamic dependencies]. Details - ImportResultOutputID=b12b2395bfdaa4aec1a6e6069e38df64 DependenciesID=ce8b2d404a15c281a188a4bed32ff769 StaticDependenciesID=e2d99eefdbab0f7cf04b7b71abb4e0cc 
Number of updated asset objects reloaded before import = 0Number of asset objects unloaded after import = 3

========================================================================
Received Import Request.
  Time since last request: 0.000041 seconds.
  path: Assets/Visuals/LockButtons/6.png
  importAddress: Guid(2dad167b7c1f80e4d87eaa1f7ea90080) Importer(2089858483,b0f066a214c2f5e87bad3c948f4d605d)
Start importing Assets/Visuals/LockButtons/6.png using Guid(2dad167b7c1f80e4d87eaa1f7ea90080) Importer(2089858483,b0f066a214c2f5e87bad3c948f4d605d) (ScriptedImporter) -> (Import Result ID: 'fd53728c1426fe016a1061cbf6580423') in 0.0493881 seconds [static and dynamic dependencies]. Details - ImportResultOutputID=60bed5526d16aaa066e45b61a666ae24 DependenciesID=a11c83ee33676c06598ea6250b37c50b StaticDependenciesID=f8a302f6fb574942afc0acd05b6039ea 
Number of updated asset objects reloaded before import = 0Number of asset objects unloaded after import = 3

========================================================================
Received Import Request.
  Time since last request: 0.000071 seconds.
  path: Assets/Visuals/LockButtons/enter.png
  importAddress: Guid(8dd2d562ff19bd444870cc9ee272ca95) Importer(2089858483,b0f066a214c2f5e87bad3c948f4d605d)
Start importing Assets/Visuals/LockButtons/enter.png using Guid(8dd2d562ff19bd444870cc9ee272ca95) Importer(2089858483,b0f066a214c2f5e87bad3c948f4d605d) (ScriptedImporter) -> (Import Result ID: '458a1ec119b5eb1c872c142ae5c9a324') in 0.0426853 seconds [static and dynamic dependencies]. Details - ImportResultOutputID=f4313fd6711d11d814dc6211cb5708b1 DependenciesID=da31790dabb48b0507c61e16bd94419d StaticDependenciesID=23b991586a4060e1b2b220e2497b2ee2 
Number of updated asset objects reloaded before import = 0Number of asset objects unloaded after import = 3

========================================================================
Received Import Request.
  Time since last request: 0.000071 seconds.
  path: Assets/Resources/InventoryItems/InventoryRag.prefab
  importAddress: Guid(b4c7908cf0a24a24a86ba9316221bef6) Importer(2089858483,b0f066a214c2f5e87bad3c948f4d605d)
Start importing Assets/Resources/InventoryItems/InventoryRag.prefab using Guid(b4c7908cf0a24a24a86ba9316221bef6) Importer(2089858483,b0f066a214c2f5e87bad3c948f4d605d) (ScriptedImporter) -> (Import Result ID: 'fb2e3a0a9f52ef6e3f9471cf2763b7f7') in 0.169619 seconds [static and dynamic dependencies]. Details - ImportResultOutputID=cc8af103f1e47cafb7edd62067658e19 DependenciesID=be1a3dc1c572b29e226e321e7729c275 StaticDependenciesID=fa9d43ec35435cbc9c24a3cd4b414f15 
Number of updated asset objects reloaded before import = 0Number of asset objects unloaded after import = 10

========================================================================
Received Import Request.
  Time since last request: 0.000068 seconds.
  path: Assets/YandexGame/Prefabs/GraphicsSettings.prefab
  importAddress: Guid(96a4c910f8df9c948aecac7088022219) Importer(2089858483,b0f066a214c2f5e87bad3c948f4d605d)
Start importing Assets/YandexGame/Prefabs/GraphicsSettings.prefab using Guid(96a4c910f8df9c948aecac7088022219) Importer(2089858483,b0f066a214c2f5e87bad3c948f4d605d) (ScriptedImporter) -> (Import Result ID: '10001da416d6a553f906d83c9290a6b3') in 0.1360077 seconds [static and dynamic dependencies]. Details - ImportResultOutputID=ce9a36ee48d757d15d560a4d007d455e DependenciesID=8ad380b13cb30c92910e09734d08f383 StaticDependenciesID=72168c1574a819e592faf1cb5f77aa41 
Number of updated asset objects reloaded before import = 0Number of asset objects unloaded after import = 55

========================================================================
Received Import Request.
  Time since last request: 0.000050 seconds.
  path: Assets/YandexGame/Prefabs/DesktopShortcut.prefab
  importAddress: Guid(1861626c02f773a4faf29070f77ef149) Importer(2089858483,b0f066a214c2f5e87bad3c948f4d605d)
Start importing Assets/YandexGame/Prefabs/DesktopShortcut.prefab using Guid(1861626c02f773a4faf29070f77ef149) Importer(2089858483,b0f066a214c2f5e87bad3c948f4d605d) (ScriptedImporter) -> (Import Result ID: '3e984b394ef6281507a184e1d4a44dcd') in 0.1317106 seconds [static and dynamic dependencies]. Details - ImportResultOutputID=20467761d9fad0a9b13b515a11b9af52 DependenciesID=e34a3b72dc5303d0c1eefa79b9ac0978 StaticDependenciesID=7437a7dec0dba6535c963b645c01c19b 
Number of updated asset objects reloaded before import = 0Number of asset objects unloaded after import = 39

========================================================================
Received Import Request.
  Time since last request: 0.000061 seconds.
  path: Assets/Resources/PickupItems/PickupChest.prefab
  importAddress: Guid(3177d8535b917984e9e4e5e447b85452) Importer(2089858483,b0f066a214c2f5e87bad3c948f4d605d)
Start importing Assets/Resources/PickupItems/PickupChest.prefab using Guid(3177d8535b917984e9e4e5e447b85452) Importer(2089858483,b0f066a214c2f5e87bad3c948f4d605d) (ScriptedImporter) -> (Import Result ID: '13ba8de6051a8288b78464f973a8ff56') in 0.289452 seconds [static and dynamic dependencies]. Details - ImportResultOutputID=e08578d5a59360c8ad8669c040f79c6f DependenciesID=f07ec8eda77a6469c8cdf09d1fd2c465 StaticDependenciesID=3094bad0866ed1b2265e5aa0a88b87fe 
Number of updated asset objects reloaded before import = 0Number of asset objects unloaded after import = 16

========================================================================
Received Import Request.
  Time since last request: 0.000044 seconds.
  path: Assets/YandexGame/WorkingData/InfoYG.asset
  importAddress: Guid(162644796a8b0d044bce3d6fda0641e3) Importer(2089858483,b0f066a214c2f5e87bad3c948f4d605d)
Start importing Assets/YandexGame/WorkingData/InfoYG.asset using Guid(162644796a8b0d044bce3d6fda0641e3) Importer(2089858483,b0f066a214c2f5e87bad3c948f4d605d) (ScriptedImporter) -> (Import Result ID: 'd99cec88b47d56d7a95ea976d70a18bc') in 0.0544016 seconds [static and dynamic dependencies]. Details - ImportResultOutputID=7fe5f20e7cc87d49d6958f1448c8d330 DependenciesID=7e20ba7b4d4ea649974fbecf40175dc6 StaticDependenciesID=111c2c694e29c0f06a8abc3ddd112c17 
Number of updated asset objects reloaded before import = 0Number of asset objects unloaded after import = 1

========================================================================
Received Import Request.
  Time since last request: 0.000056 seconds.
  path: Assets/TextMesh Pro/Shaders/TMP_SDF-URP Lit.shadergraph
  importAddress: Guid(a3d800b099a06e0478fb790c5e79057a) Importer(2089858483,b0f066a214c2f5e87bad3c948f4d605d)
Start importing Assets/TextMesh Pro/Shaders/TMP_SDF-URP Lit.shadergraph using Guid(a3d800b099a06e0478fb790c5e79057a) Importer(2089858483,b0f066a214c2f5e87bad3c948f4d605d) (ScriptedImporter) -> (Import Result ID: 'ef48f2f9b34069adbcf4ec16ac089f70') in 0.1285414 seconds [static and dynamic dependencies]. Details - ImportResultOutputID=f47df412e0437bce0bc86af57018eb00 DependenciesID=73ec3501bed5c6d63fd2b71f8072a249 StaticDependenciesID=b2a4f12830732028c680f671665c7504 
Number of updated asset objects reloaded before import = 0Number of asset objects unloaded after import = 4

========================================================================
Received Import Request.
  Time since last request: 0.000074 seconds.
  path: Assets/Animation/Major/MajorAvatar.png
  importAddress: Guid(4f863ebf6d929464d9482d32d6a65a10) Importer(2089858483,b0f066a214c2f5e87bad3c948f4d605d)
Start importing Assets/Animation/Major/MajorAvatar.png using Guid(4f863ebf6d929464d9482d32d6a65a10) Importer(2089858483,b0f066a214c2f5e87bad3c948f4d605d) (ScriptedImporter) -> (Import Result ID: 'd6a826d01187076820ef4a3db8d23146') in 0.0555266 seconds [static and dynamic dependencies]. Details - ImportResultOutputID=6dce45d082f5bc7ebe8708e7db5a5572 DependenciesID=9d49aee5ad89b08265b143768b99a706 StaticDependenciesID=437446fd9064df1811007d609e176eba 
Number of updated asset objects reloaded before import = 0Number of asset objects unloaded after import = 3

========================================================================
Received Import Request.
  Time since last request: 0.000068 seconds.
  path: Assets/Animation/Diz/Idle/idle.anim
  importAddress: Guid(67a03d27681b2084da6e3ec8c6843c04) Importer(2089858483,b0f066a214c2f5e87bad3c948f4d605d)
Start importing Assets/Animation/Diz/Idle/idle.anim using Guid(67a03d27681b2084da6e3ec8c6843c04) Importer(2089858483,b0f066a214c2f5e87bad3c948f4d605d) (ScriptedImporter) -> (Import Result ID: '02d80dcdc7074e3ff04786bcd8f9f155') in 0.1026273 seconds [static and dynamic dependencies]. Details - ImportResultOutputID=16f6d96eefb5329c2a4dc97453311432 DependenciesID=fd00567bbec8325063bda05665120314 StaticDependenciesID=b41850de4a6587ab5cce8bcc27e19f35 
Number of updated asset objects reloaded before import = 0Number of asset objects unloaded after import = 1

========================================================================
Received Import Request.
  Time since last request: 0.000044 seconds.
  path: Assets/TextMesh Pro/Shaders/TMP_Bitmap-Custom-Atlas.shader
  importAddress: Guid(48bb5f55d8670e349b6e614913f9d910) Importer(2089858483,b0f066a214c2f5e87bad3c948f4d605d)
Start importing Assets/TextMesh Pro/Shaders/TMP_Bitmap-Custom-Atlas.shader using Guid(48bb5f55d8670e349b6e614913f9d910) Importer(2089858483,b0f066a214c2f5e87bad3c948f4d605d) (ScriptedImporter) -> (Import Result ID: 'ba6241288267fddfc2d4795e0a0eac40') in 0.034077 seconds [static and dynamic dependencies]. Details - ImportResultOutputID=c905c31c08ef86f2de096cfd1b4aea45 DependenciesID=062933c9abfcc918d5df3ce5bd5a2054 StaticDependenciesID=c50f8542757871ef0b63b51ec430b408 
Number of updated asset objects reloaded before import = 0Number of asset objects unloaded after import = 1

========================================================================
Received Import Request.
  Time since last request: 0.000055 seconds.
  path: Assets/Animation/Major/Idle/major_idle_0.png
  importAddress: Guid(540a578191eb60240b2ad555d3483b66) Importer(2089858483,b0f066a214c2f5e87bad3c948f4d605d)
Start importing Assets/Animation/Major/Idle/major_idle_0.png using Guid(540a578191eb60240b2ad555d3483b66) Importer(2089858483,b0f066a214c2f5e87bad3c948f4d605d) (ScriptedImporter) -> (Import Result ID: '7cb7c2bae28920d187c43fdc15dfb3a4') in 0.0454109 seconds [static and dynamic dependencies]. Details - ImportResultOutputID=ce782a4f76f94ffcd75fcbca44c8177d DependenciesID=720f9982b1ca24a74ebc4998e36ed1c9 StaticDependenciesID=d7b2ff398c4984eb21924f1f6f958c19 
Number of updated asset objects reloaded before import = 0Number of asset objects unloaded after import = 3

========================================================================
Received Import Request.
  Time since last request: 0.000038 seconds.
  path: Assets/WebGLTemplates/Notices.txt
  importAddress: Guid(c6e5b96899b80174e86c3612027acf21) Importer(2089858483,b0f066a214c2f5e87bad3c948f4d605d)
Start importing Assets/WebGLTemplates/Notices.txt using Guid(c6e5b96899b80174e86c3612027acf21) Importer(2089858483,b0f066a214c2f5e87bad3c948f4d605d) (ScriptedImporter) -> (Import Result ID: '514e06690349cad011b5a41a93a7f1e7') in 0.0289524 seconds [static and dynamic dependencies]. Details - ImportResultOutputID=a29ee96d0dcdcce34a9aef274699de59 DependenciesID=3c7232a17d2f236c3ee1aca4675bd557 StaticDependenciesID=640b8b8e520e8fe359fb14f1a8eea796 
Number of updated asset objects reloaded before import = 0Number of asset objects unloaded after import = 1

========================================================================
Received Import Request.
  Time since last request: 0.000040 seconds.
  path: Assets/ScreenInput.cs
  importAddress: Guid(1e0beb722abdad04592f6527c7d7d2cf) Importer(2089858483,b0f066a214c2f5e87bad3c948f4d605d)
Start importing Assets/ScreenInput.cs using Guid(1e0beb722abdad04592f6527c7d7d2cf) Importer(2089858483,b0f066a214c2f5e87bad3c948f4d605d) (ScriptedImporter) -> (Import Result ID: 'ef37f892c1dc146eb345bfe00e4290ed') in 0.0268704 seconds [static and dynamic dependencies]. Details - ImportResultOutputID=cff4d1924c834697e4a0253754616c80 DependenciesID=5982cb84f697f1a0b9bc7e1b7b99b606 StaticDependenciesID=5fd349f5f4698200534dcfc77d38febf 
Number of updated asset objects reloaded before import = 0Number of asset objects unloaded after import = 0

========================================================================
Received Import Request.
  Time since last request: 0.000050 seconds.
  path: Assets/Resources/InventoryItems/InventoryChest.prefab
  importAddress: Guid(5282da5a6089fb7459255826340db581) Importer(2089858483,b0f066a214c2f5e87bad3c948f4d605d)
Start importing Assets/Resources/InventoryItems/InventoryChest.prefab using Guid(5282da5a6089fb7459255826340db581) Importer(2089858483,b0f066a214c2f5e87bad3c948f4d605d) (ScriptedImporter) -> (Import Result ID: '68056acfb2d552efdfc3aa3706e46e80') in 0.0787436 seconds [static and dynamic dependencies]. Details - ImportResultOutputID=267cf6c52c77a3f90dfe667f5e733b82 DependenciesID=4a04c7992273b3d9672c84b71c3cbccc StaticDependenciesID=ae0491b913d4ec0b168e8a88fc5cafb8 
Number of updated asset objects reloaded before import = 0Number of asset objects unloaded after import = 9

========================================================================
Received Import Request.
  Time since last request: 0.000036 seconds.
  path: Assets/TextMesh Pro/Examples & Extras/Fonts/Roboto-Bold - License.txt
  importAddress: Guid(f0303f887b8fa7243a51432c478ff2f3) Importer(2089858483,b0f066a214c2f5e87bad3c948f4d605d)
Start importing Assets/TextMesh Pro/Examples & Extras/Fonts/Roboto-Bold - License.txt using Guid(f0303f887b8fa7243a51432c478ff2f3) Importer(2089858483,b0f066a214c2f5e87bad3c948f4d605d) (ScriptedImporter) -> (Import Result ID: '484546116452c9264e394135e2b24400') in 0.0549891 seconds [static and dynamic dependencies]. Details - ImportResultOutputID=39f4125d5bee7225abd5515506626d12 DependenciesID=b98ea7ab3fcb300c59c92bb4fed3d710 StaticDependenciesID=203aa40010505cfc5a4f7bfd7e34df78 
Number of updated asset objects reloaded before import = 0Number of asset objects unloaded after import = 1

========================================================================
Received Import Request.
  Time since last request: 0.000034 seconds.
  path: Assets/GameManager.cs
  importAddress: Guid(61d82da40eeecb94c9967f910ee81891) Importer(2089858483,b0f066a214c2f5e87bad3c948f4d605d)
Start importing Assets/GameManager.cs using Guid(61d82da40eeecb94c9967f910ee81891) Importer(2089858483,b0f066a214c2f5e87bad3c948f4d605d) (ScriptedImporter) -> (Import Result ID: '091522a2bf3a59fd709b582746c58ed9') in 0.0270403 seconds [static and dynamic dependencies]. Details - ImportResultOutputID=8b2c04b9387717e3404c8bcbbef828e7 DependenciesID=73b42b2982777aa934fb0344c64d6f07 StaticDependenciesID=e9ee800ab66ea80bc7b324c4d2cbf0de 
Number of updated asset objects reloaded before import = 0Number of asset objects unloaded after import = 0

========================================================================
Received Import Request.
  Time since last request: 0.000049 seconds.
  path: Assets/Dialogue.cs
  importAddress: Guid(b67ddba9fb0051d4787785f2231dec09) Importer(2089858483,b0f066a214c2f5e87bad3c948f4d605d)
Start importing Assets/Dialogue.cs using Guid(b67ddba9fb0051d4787785f2231dec09) Importer(2089858483,b0f066a214c2f5e87bad3c948f4d605d) (ScriptedImporter) -> (Import Result ID: '90bdc46f01b13849fa82fce194c5cff0') in 0.0274042 seconds [static and dynamic dependencies]. Details - ImportResultOutputID=8e33d8f19804453c9b89571c6a516426 DependenciesID=7fa9bd787132dd0b6ac687f685f42ec2 StaticDependenciesID=5af5acbaa656d45d97401d41842c7f4e 
Number of updated asset objects reloaded before import = 0Number of asset objects unloaded after import = 0

========================================================================
Received Import Request.
  Time since last request: 0.000031 seconds.
  path: Assets/TextMesh Pro/Examples & Extras/Materials/Ground - Logo Scene.mat
  importAddress: Guid(c719e38f25a9480abd2480ab621a2949) Importer(2089858483,b0f066a214c2f5e87bad3c948f4d605d)
Start importing Assets/TextMesh Pro/Examples & Extras/Materials/Ground - Logo Scene.mat using Guid(c719e38f25a9480abd2480ab621a2949) Importer(2089858483,b0f066a214c2f5e87bad3c948f4d605d) (ScriptedImporter) -> (Import Result ID: 'ea2fe488f4b1dea4977505a8c9f1762c') in 0.0936423 seconds [static and dynamic dependencies]. Details - ImportResultOutputID=f4dff2265018248944157d4e22e992d3 DependenciesID=8ceaff15f976366c5c091a9ccac29a19 StaticDependenciesID=e6730da5627925cab15ebdf809538d9f 
Number of updated asset objects reloaded before import = 0Number of asset objects unloaded after import = 2

========================================================================
Received Import Request.
  Time since last request: 0.000042 seconds.
  path: Assets/Settings/Renderer2D.asset
  importAddress: Guid(424799608f7334c24bf367e4bbfa7f9a) Importer(2089858483,b0f066a214c2f5e87bad3c948f4d605d)
Start importing Assets/Settings/Renderer2D.asset using Guid(424799608f7334c24bf367e4bbfa7f9a) Importer(2089858483,b0f066a214c2f5e87bad3c948f4d605d) (ScriptedImporter) -> (Import Result ID: '38b853cc46114022d4d49d5bb6da26a1') in 0.0486785 seconds [static and dynamic dependencies]. Details - ImportResultOutputID=14f85be1441a5d8c9c2a16c230132b81 DependenciesID=fb4a52daad2865f90a51b7e52025d90c StaticDependenciesID=6274974ce82b425c2c428478e3e7e69a 
Number of updated asset objects reloaded before import = 0Number of asset objects unloaded after import = 1

========================================================================
Received Import Request.
  Time since last request: 0.000046 seconds.
  path: Assets/Animation/Diz/Idle/diz.psb
  importAddress: Guid(32bfed26bec368c439d482bec433a433) Importer(2089858483,b0f066a214c2f5e87bad3c948f4d605d)
Start importing Assets/Animation/Diz/Idle/diz.psb using Guid(32bfed26bec368c439d482bec433a433) Importer(2089858483,b0f066a214c2f5e87bad3c948f4d605d) (ScriptedImporter) -> (Import Result ID: 'f0a7f16838b67e7f23a991f87ba6757a') in 0.1779437 seconds [static and dynamic dependencies]. Details - ImportResultOutputID=63498e35d7774da77968ff91fb091ca8 DependenciesID=8e81498cc2930f10d365ae779a568364 StaticDependenciesID=189da558cc501a58981a3a930f228dc0 
Number of updated asset objects reloaded before import = 0Number of asset objects unloaded after import = 55

========================================================================
Received Import Request.
  Time since last request: 0.000039 seconds.
  path: Assets/TextMesh Pro/Examples & Extras/Prefabs/Text Popup.prefab
  importAddress: Guid(b06f0e6c1dfa4356ac918da1bb32c603) Importer(2089858483,b0f066a214c2f5e87bad3c948f4d605d)
Start importing Assets/TextMesh Pro/Examples & Extras/Prefabs/Text Popup.prefab using Guid(b06f0e6c1dfa4356ac918da1bb32c603) Importer(2089858483,b0f066a214c2f5e87bad3c948f4d605d) (ScriptedImporter) -> (Import Result ID: 'c45c275e29efe35e7fe7030d9912abec') in 0.1252581 seconds [static and dynamic dependencies]. Details - ImportResultOutputID=fa172dfce5a5767ad96cb1eeb2bd5286 DependenciesID=17f9f86e64ce88300534bb6a6e57629e StaticDependenciesID=75aa2a33de5b690513cfe1d934c279bd 
Number of updated asset objects reloaded before import = 0Number of asset objects unloaded after import = 21

========================================================================
Received Import Request.
  Time since last request: 0.000053 seconds.
  path: Assets/TextMesh Pro/Examples & Extras/Materials/Small Crate_diffuse.mat
  importAddress: Guid(22262639920f43d6be32430e4e58350d) Importer(2089858483,b0f066a214c2f5e87bad3c948f4d605d)
Start importing Assets/TextMesh Pro/Examples & Extras/Materials/Small Crate_diffuse.mat using Guid(22262639920f43d6be32430e4e58350d) Importer(2089858483,b0f066a214c2f5e87bad3c948f4d605d) (ScriptedImporter) -> (Import Result ID: '16b810bf6d07f893af05fd97ed437eb0') in 0.0951127 seconds [static and dynamic dependencies]. Details - ImportResultOutputID=196e0b3950472ee68c8485f584883827 DependenciesID=4f6395b6cd941a1c30e1d3ad30fea069 StaticDependenciesID=3199b2e72fe1dabfbb2cbf927e7d9a7e 
Number of updated asset objects reloaded before import = 0Number of asset objects unloaded after import = 3

========================================================================
Received Import Request.
  Time since last request: 0.000033 seconds.
  path: Assets/TextMesh Pro/Examples & Extras/Fonts/Anton OFL.txt
  importAddress: Guid(73a79399807f4e8388c2cbb5494681ca) Importer(2089858483,b0f066a214c2f5e87bad3c948f4d605d)
Start importing Assets/TextMesh Pro/Examples & Extras/Fonts/Anton OFL.txt using Guid(73a79399807f4e8388c2cbb5494681ca) Importer(2089858483,b0f066a214c2f5e87bad3c948f4d605d) (ScriptedImporter) -> (Import Result ID: '52a1d647688c230b642757a0ae35962d') in 0.0507817 seconds [static and dynamic dependencies]. Details - ImportResultOutputID=acd65826e1ac7b15abce44be820b5334 DependenciesID=14a72fe79984ee14725963ae49a5615f StaticDependenciesID=ccf3ce3258dd0e688e2d6314bfc8b4e8 
Number of updated asset objects reloaded before import = 0Number of asset objects unloaded after import = 1

========================================================================
Received Import Request.
  Time since last request: 0.000032 seconds.
  path: Assets/WebGLTemplates/PluginYG/thumbnail.png
  importAddress: Guid(998574966a105074f819e34ecf809f54) Importer(2089858483,b0f066a214c2f5e87bad3c948f4d605d)
Start importing Assets/WebGLTemplates/PluginYG/thumbnail.png using Guid(998574966a105074f819e34ecf809f54) Importer(2089858483,b0f066a214c2f5e87bad3c948f4d605d) (ScriptedImporter) -> (Import Result ID: 'a78f42c5b8f695e34b99fbe443afe313') in 0.0272645 seconds [static and dynamic dependencies]. Details - ImportResultOutputID=a2aeb834745f16358f76a4d874207a2e DependenciesID=e6d28296ffd4dadd6e8c000466d723d3 StaticDependenciesID=477dc6cf92cbc55ced7649240d451c6c 
Number of updated asset objects reloaded before import = 0Number of asset objects unloaded after import = 1

========================================================================
Received Import Request.
  Time since last request: 0.000046 seconds.
  path: Assets/TextMesh Pro/Shaders/TMP_SDF-Mobile.shader
  importAddress: Guid(fe393ace9b354375a9cb14cdbbc28be4) Importer(2089858483,b0f066a214c2f5e87bad3c948f4d605d)
Start importing Assets/TextMesh Pro/Shaders/TMP_SDF-Mobile.shader using Guid(fe393ace9b354375a9cb14cdbbc28be4) Importer(2089858483,b0f066a214c2f5e87bad3c948f4d605d) (ScriptedImporter) -> (Import Result ID: 'c39e773f2c1fb1b14167ceb3af5a8741') in 0.0259475 seconds [static and dynamic dependencies]. Details - ImportResultOutputID=1a398edcb685482aa8b6dc14c8b37558 DependenciesID=6bc5e8827652c9d75c024f6d0a710be8 StaticDependenciesID=0239a100fb8a2f3d316fb2b3b17d505c 
Number of updated asset objects reloaded before import = 0Number of asset objects unloaded after import = 1

========================================================================
Received Import Request.
  Time since last request: 0.000027 seconds.
  path: Assets/TextMesh Pro/Examples & Extras/Scenes/02 - Multi-line TextMesh Pro.unity
  importAddress: Guid(251716609f634449bfe8ce75c0ed78fe) Importer(2089858483,b0f066a214c2f5e87bad3c948f4d605d)
Start importing Assets/TextMesh Pro/Examples & Extras/Scenes/02 - Multi-line TextMesh Pro.unity using Guid(251716609f634449bfe8ce75c0ed78fe) Importer(2089858483,b0f066a214c2f5e87bad3c948f4d605d) (ScriptedImporter) -> (Import Result ID: 'daf1eaa3270dde766365f8d65e9a61bd') in 0.0526596 seconds [static and dynamic dependencies]. Details - ImportResultOutputID=94c3b28c003c93c8d24de1485e2b6813 DependenciesID=b7a48b6fce5d6e4a62f3364bd168bd9c StaticDependenciesID=b7d5307db388bc08d313cb7d789b1803 
Number of updated asset objects reloaded before import = 0Number of asset objects unloaded after import = 1

========================================================================
Received Import Request.
  Time since last request: 0.000061 seconds.
  path: Assets/PlayerData.cs
  importAddress: Guid(8efb93ecced93b14cb9b63b73006f64a) Importer(2089858483,b0f066a214c2f5e87bad3c948f4d605d)
Start importing Assets/PlayerData.cs using Guid(8efb93ecced93b14cb9b63b73006f64a) Importer(2089858483,b0f066a214c2f5e87bad3c948f4d605d) (ScriptedImporter) -> (Import Result ID: '3bac77e32536720289aa187487d9b185') in 0.0258218 seconds [static and dynamic dependencies]. Details - ImportResultOutputID=0e03619211d810d862a4bcbd7ef6b768 DependenciesID=381bc821d6e6cba80e8775b43c017e31 StaticDependenciesID=eaf61ad5c0f0ac44c96e1894c3508e35 
Number of updated asset objects reloaded before import = 0Number of asset objects unloaded after import = 0

========================================================================
Received Import Request.
  Time since last request: 0.000054 seconds.
  path: Assets/TextMesh Pro/Examples & Extras/Scenes/12a - Text Interactions.unity
  importAddress: Guid(08572ab7713642c8a60789750f0bce5c) Importer(2089858483,b0f066a214c2f5e87bad3c948f4d605d)
Start importing Assets/TextMesh Pro/Examples & Extras/Scenes/12a - Text Interactions.unity using Guid(08572ab7713642c8a60789750f0bce5c) Importer(2089858483,b0f066a214c2f5e87bad3c948f4d605d) (ScriptedImporter) -> (Import Result ID: '294920168308e7cda9b0bbd88eb582bd') in 0.0583449 seconds [static and dynamic dependencies]. Details - ImportResultOutputID=7bb6fd30ae212f3ca3665faa13c01155 DependenciesID=c879570912de1a11084d711675f0ce87 StaticDependenciesID=20c85180e969d9a4d2311463e520fa31 
Number of updated asset objects reloaded before import = 0Number of asset objects unloaded after import = 1

========================================================================
Received Import Request.
  Time since last request: 0.000031 seconds.
  path: Assets/WebGLTemplates/PluginYG/background.jpg
  importAddress: Guid(dd7d27b2846a6ce40a7c5677c037d720) Importer(2089858483,b0f066a214c2f5e87bad3c948f4d605d)
Start importing Assets/WebGLTemplates/PluginYG/background.jpg using Guid(dd7d27b2846a6ce40a7c5677c037d720) Importer(2089858483,b0f066a214c2f5e87bad3c948f4d605d) (ScriptedImporter) -> (Import Result ID: 'dff469f3139778ddced3aaba4271b1b4') in 0.0254897 seconds [static and dynamic dependencies]. Details - ImportResultOutputID=d7055777093c958329794dc0b071068f DependenciesID=309ed4baf03e1076f560241898c8d630 StaticDependenciesID=8a630c56030c7de4cd3b0861fff4009e 
Number of updated asset objects reloaded before import = 0Number of asset objects unloaded after import = 1

========================================================================
Received Import Request.
  Time since last request: 0.000036 seconds.
  path: Assets/YandexGame/ScriptsYG/GetPlayerYG.cs
  importAddress: Guid(8efe342a0068cf447ac9c18752f70d1c) Importer(2089858483,b0f066a214c2f5e87bad3c948f4d605d)
Start importing Assets/YandexGame/ScriptsYG/GetPlayerYG.cs using Guid(8efe342a0068cf447ac9c18752f70d1c) Importer(2089858483,b0f066a214c2f5e87bad3c948f4d605d) (ScriptedImporter) -> (Import Result ID: 'c45d826e9fdffac49eeaaa7469a2a6d1') in 0.0271855 seconds [static and dynamic dependencies]. Details - ImportResultOutputID=bb9f7f520500afe875a062aef0639cfd DependenciesID=b6c710e4c7a476f3e36f159b447f368b StaticDependenciesID=bcfae25fe8885aaba6b64f8fd72bbc45 
Number of updated asset objects reloaded before import = 0Number of asset objects unloaded after import = 0

========================================================================
Received Import Request.
  Time since last request: 0.000059 seconds.
  path: Assets/Settings/Build Profiles/Web.asset
  importAddress: Guid(5878674d2bece5340a118bbb543588a1) Importer(2089858483,b0f066a214c2f5e87bad3c948f4d605d)
Start importing Assets/Settings/Build Profiles/Web.asset using Guid(5878674d2bece5340a118bbb543588a1) Importer(2089858483,b0f066a214c2f5e87bad3c948f4d605d) (ScriptedImporter)Missing types referenced from component BuildProfile on game object Web:
	UnityEditor.WebGL.WebGLPlatformSettings, UnityEditor.WebGL.Extensions (1 object)
 -> (Import Result ID: '968611e44303e1f4ffab65ce80b3ce71') in 0.1941516 seconds [static and dynamic dependencies]. Details - ImportResultOutputID=3befb920694a64d1027bc8febdf93529 DependenciesID=f8d567c5c9ce79c4777a13b34fa96b05 StaticDependenciesID=af4b3fe0f5ade6d7ad2d22923e03991d 
Number of updated asset objects reloaded before import = 0Number of asset objects unloaded after import = 1

========================================================================
Received Import Request.
  Time since last request: 0.000032 seconds.
  path: Assets/TextMesh Pro/Examples & Extras/Scenes/19 - Masking Texture & Soft Mask.unity
  importAddress: Guid(9abcd5bd764646568a6ea70d00f9264c) Importer(2089858483,b0f066a214c2f5e87bad3c948f4d605d)
Start importing Assets/TextMesh Pro/Examples & Extras/Scenes/19 - Masking Texture & Soft Mask.unity using Guid(9abcd5bd764646568a6ea70d00f9264c) Importer(2089858483,b0f066a214c2f5e87bad3c948f4d605d) (ScriptedImporter) -> (Import Result ID: 'a1db601e4e48831b0613c7cd216d7b4a') in 0.0507532 seconds [static and dynamic dependencies]. Details - ImportResultOutputID=0179b5a182b2dce9f9b9ad843258463a DependenciesID=9e509f7be9d284a1e956bedbea86ec92 StaticDependenciesID=2ddf27ea22cfa8460aa8c416c231ec23 
Number of updated asset objects reloaded before import = 0Number of asset objects unloaded after import = 1

========================================================================
Received Import Request.
  Time since last request: 0.000056 seconds.
  path: Assets/InventoryItem.cs
  importAddress: Guid(9fef6b72893d1b24980a6da72b62dae2) Importer(2089858483,b0f066a214c2f5e87bad3c948f4d605d)
Start importing Assets/InventoryItem.cs using Guid(9fef6b72893d1b24980a6da72b62dae2) Importer(2089858483,b0f066a214c2f5e87bad3c948f4d605d) (ScriptedImporter) -> (Import Result ID: '35ce096cb1b259b9288d5c6bbc5eb1e2') in 0.027399 seconds [static and dynamic dependencies]. Details - ImportResultOutputID=4ebf3368851e562b946921d5dcbe03d6 DependenciesID=292541b10ae53f04377a219c9b165611 StaticDependenciesID=e37cb8b2406a1057c8dcdca8f74e9601 
Number of updated asset objects reloaded before import = 0Number of asset objects unloaded after import = 0

========================================================================
Received Import Request.
  Time since last request: 0.000029 seconds.
  path: Assets/Visuals/rag.png
  importAddress: Guid(61e87151178b3b74680b71491a2c3662) Importer(2089858483,b0f066a214c2f5e87bad3c948f4d605d)
Start importing Assets/Visuals/rag.png using Guid(61e87151178b3b74680b71491a2c3662) Importer(2089858483,b0f066a214c2f5e87bad3c948f4d605d) (ScriptedImporter) -> (Import Result ID: '728031e6f73ebb93851ba66c3b731146') in 0.0407399 seconds [static and dynamic dependencies]. Details - ImportResultOutputID=22e9f642fb81f2c5f12de1123484b641 DependenciesID=bae33dfe94b92d9d1a4668d598b13b0a StaticDependenciesID=ec6709deac1b65cfcc837ee7f53130de 
Number of updated asset objects reloaded before import = 0Number of asset objects unloaded after import = 3

========================================================================
Received Import Request.
  Time since last request: 0.000035 seconds.
  path: Assets/TextMesh Pro/Examples & Extras/Scenes/25 - Sunny Days Example.unity
  importAddress: Guid(f9b4c22e15cff344ba9fc6542a58dd07) Importer(2089858483,b0f066a214c2f5e87bad3c948f4d605d)
Start importing Assets/TextMesh Pro/Examples & Extras/Scenes/25 - Sunny Days Example.unity using Guid(f9b4c22e15cff344ba9fc6542a58dd07) Importer(2089858483,b0f066a214c2f5e87bad3c948f4d605d) (ScriptedImporter) -> (Import Result ID: '71123808eed9950003da0878db681f5b') in 0.0541315 seconds [static and dynamic dependencies]. Details - ImportResultOutputID=c598b8a347b168ccf8b5386af48beb00 DependenciesID=116f690b8b3ca435be816dbae04acf80 StaticDependenciesID=c1d686dee8cedca69e90565dd026adde 
Number of updated asset objects reloaded before import = 0Number of asset objects unloaded after import = 1

========================================================================
Received Import Request.
  Time since last request: 0.000048 seconds.
  path: Assets/TextMesh Pro/Examples & Extras/Scenes/24 - Surface Shader Example URP.unity
  importAddress: Guid(57694ed9d1cd1e340a4924c0f2eac8e3) Importer(2089858483,b0f066a214c2f5e87bad3c948f4d605d)
Start importing Assets/TextMesh Pro/Examples & Extras/Scenes/24 - Surface Shader Example URP.unity using Guid(57694ed9d1cd1e340a4924c0f2eac8e3) Importer(2089858483,b0f066a214c2f5e87bad3c948f4d605d) (ScriptedImporter) -> (Import Result ID: '990d9fe4ae2b421c696a2bebe6363da9') in 0.053061 seconds [static and dynamic dependencies]. Details - ImportResultOutputID=e1fa9335522c134a770880488aa46873 DependenciesID=036cecfaa8574b655659c7af5786cc19 StaticDependenciesID=076d1f02e518e15615aa2c947ddc7fc6 
Number of updated asset objects reloaded before import = 0Number of asset objects unloaded after import = 1

========================================================================
Received Import Request.
  Time since last request: 0.000029 seconds.
  path: Assets/UniversalRenderPipelineGlobalSettings.asset
  importAddress: Guid(93b439a37f63240aca3dd4e01d978a9f) Importer(2089858483,b0f066a214c2f5e87bad3c948f4d605d)
Start importing Assets/UniversalRenderPipelineGlobalSettings.asset using Guid(93b439a37f63240aca3dd4e01d978a9f) Importer(2089858483,b0f066a214c2f5e87bad3c948f4d605d) (ScriptedImporter) -> (Import Result ID: '2804958ea48166fe436ae6105a0fdc74') in 0.0619724 seconds [static and dynamic dependencies]. Details - ImportResultOutputID=3a42bf442e626778e89dc71419e357f6 DependenciesID=1d0c126f9016c78d6be968cc2537ba8e StaticDependenciesID=cb63f5d5dd5ee6a0bca1b404ae9aa3a8 
Number of updated asset objects reloaded before import = 0Number of asset objects unloaded after import = 0

========================================================================
Received Import Request.
  Time since last request: 0.000032 seconds.
  path: Assets/TextMesh Pro/Examples & Extras/Scripts/Benchmark01_UGUI.cs
  importAddress: Guid(8ef7be1c625941f7ba8ed7cc71718c0d) Importer(2089858483,b0f066a214c2f5e87bad3c948f4d605d)
Start importing Assets/TextMesh Pro/Examples & Extras/Scripts/Benchmark01_UGUI.cs using Guid(8ef7be1c625941f7ba8ed7cc71718c0d) Importer(2089858483,b0f066a214c2f5e87bad3c948f4d605d) (ScriptedImporter) -> (Import Result ID: '8c227fd2d08416f5b46918b87db079d9') in 0.0279956 seconds [static and dynamic dependencies]. Details - ImportResultOutputID=7f810048c85ce0d0e3ec1cac5e3f1055 DependenciesID=19682c276ca99bc9898c2160872cfc3c StaticDependenciesID=7818a766cfc47a16b14ceabd22e75595 
Number of updated asset objects reloaded before import = 0Number of asset objects unloaded after import = 0

========================================================================
Received Import Request.
  Time since last request: 0.000051 seconds.
  path: Assets/TextMesh Pro/Examples & Extras/Scenes/Benchmark (Floating Text).unity
  importAddress: Guid(16177da2e3254cee91944756d5f8ddd3) Importer(2089858483,b0f066a214c2f5e87bad3c948f4d605d)
Start importing Assets/TextMesh Pro/Examples & Extras/Scenes/Benchmark (Floating Text).unity using Guid(16177da2e3254cee91944756d5f8ddd3) Importer(2089858483,b0f066a214c2f5e87bad3c948f4d605d) (ScriptedImporter) -> (Import Result ID: 'e96253f8bae7d0b7453a6debc1c02c6b') in 0.0526545 seconds [static and dynamic dependencies]. Details - ImportResultOutputID=e97734d35d457240e9da490f3a8e8077 DependenciesID=356ba8856e6ddde00496076b0275a134 StaticDependenciesID=af10e9d845baf340ff5a7e3c094fcfa7 
Number of updated asset objects reloaded before import = 0Number of asset objects unloaded after import = 1

========================================================================
Received Import Request.
  Time since last request: 0.000032 seconds.
  path: Assets/TextMesh Pro/Examples & Extras/Materials/Crate - URP.mat
  importAddress: Guid(3b5cc91c3bf8cf74391252247f52fb59) Importer(2089858483,b0f066a214c2f5e87bad3c948f4d605d)
Start importing Assets/TextMesh Pro/Examples & Extras/Materials/Crate - URP.mat using Guid(3b5cc91c3bf8cf74391252247f52fb59) Importer(2089858483,b0f066a214c2f5e87bad3c948f4d605d) (ScriptedImporter) -> (Import Result ID: '78ee12790275e48c085ad8f36f05b38a') in 0.0693046 seconds [static and dynamic dependencies]. Details - ImportResultOutputID=91522e5f8e969a9edf7d9910ab07a6fb DependenciesID=e9051473cad829bea828436399c86add StaticDependenciesID=4b658caef34d5c287b4d3389d87ee739 
Number of updated asset objects reloaded before import = 0Number of asset objects unloaded after import = 3

========================================================================
Received Import Request.
  Time since last request: 0.000048 seconds.
  path: Assets/YandexGame/Manual EN PluginYG.pdf
  importAddress: Guid(7bbd724d136023e4d951210270e8d3ce) Importer(2089858483,b0f066a214c2f5e87bad3c948f4d605d)
Start importing Assets/YandexGame/Manual EN PluginYG.pdf using Guid(7bbd724d136023e4d951210270e8d3ce) Importer(2089858483,b0f066a214c2f5e87bad3c948f4d605d) (ScriptedImporter) -> (Import Result ID: 'f6c95158e77e4b1934e049cc202488da') in 0.0275505 seconds [static and dynamic dependencies]. Details - ImportResultOutputID=b794d7b3bf07e39331b8c6f41036f1ed DependenciesID=83031e647c4af7f3c62217545b2c6198 StaticDependenciesID=9effa73a43cb099759f738960c592050 
Number of updated asset objects reloaded before import = 0Number of asset objects unloaded after import = 1

========================================================================
Received Import Request.
  Time since last request: 0.000056 seconds.
  path: Assets/TextMesh Pro/Examples & Extras/Scripts/DropdownSample.cs
  importAddress: Guid(ac1eb05af6d391b4eb0f4c070a99f1d0) Importer(2089858483,b0f066a214c2f5e87bad3c948f4d605d)
Start importing Assets/TextMesh Pro/Examples & Extras/Scripts/DropdownSample.cs using Guid(ac1eb05af6d391b4eb0f4c070a99f1d0) Importer(2089858483,b0f066a214c2f5e87bad3c948f4d605d) (ScriptedImporter) -> (Import Result ID: 'fb12f92b895f99c37cac6435a5522dd5') in 0.0279409 seconds [static and dynamic dependencies]. Details - ImportResultOutputID=b8a2f6df73db742eae54c072dee7e136 DependenciesID=f408cbedbc3b5d3f0333e85f70cced01 StaticDependenciesID=29aa31811651b6fff85a208147625726 
Number of updated asset objects reloaded before import = 0Number of asset objects unloaded after import = 0

========================================================================
Received Import Request.
  Time since last request: 0.000055 seconds.
  path: Assets/TextMesh Pro/Fonts/LiberationSans - OFL.txt
  importAddress: Guid(6e59c59b81ab47f9b6ec5781fa725d2c) Importer(2089858483,b0f066a214c2f5e87bad3c948f4d605d)
Start importing Assets/TextMesh Pro/Fonts/LiberationSans - OFL.txt using Guid(6e59c59b81ab47f9b6ec5781fa725d2c) Importer(2089858483,b0f066a214c2f5e87bad3c948f4d605d) (ScriptedImporter) -> (Import Result ID: '0e69bb11f4642b0c960b4bcf572b83b2') in 0.0466949 seconds [static and dynamic dependencies]. Details - ImportResultOutputID=1a9cef5c2efbfe74ac6e726d3b4ed049 DependenciesID=e7e0d5dcff99f4622da03a5e62bbf4be StaticDependenciesID=3fcaa1bd93857266124d16b183464309 
Number of updated asset objects reloaded before import = 0Number of asset objects unloaded after import = 1

========================================================================
Received Import Request.
  Time since last request: 0.000035 seconds.
  path: Assets/TextMesh Pro/Examples & Extras/Scenes/26 - Dropdown Placeholder Example.unity
  importAddress: Guid(0851605490a599b46b6ac5cb681d93ea) Importer(2089858483,b0f066a214c2f5e87bad3c948f4d605d)
Start importing Assets/TextMesh Pro/Examples & Extras/Scenes/26 - Dropdown Placeholder Example.unity using Guid(0851605490a599b46b6ac5cb681d93ea) Importer(2089858483,b0f066a214c2f5e87bad3c948f4d605d) (ScriptedImporter) -> (Import Result ID: '8265adfa1630825b671e32cd7d32163a') in 0.0501198 seconds [static and dynamic dependencies]. Details - ImportResultOutputID=288ee22721b58e01a755f8eba1ca95ee DependenciesID=e95534fe9235d6226ad14265617393dd StaticDependenciesID=d626be9fa8bf23ec315b0b69f5c84a1f 
Number of updated asset objects reloaded before import = 0Number of asset objects unloaded after import = 1

========================================================================
Received Import Request.
  Time since last request: 0.000056 seconds.
  path: Assets/TextMesh Pro/Shaders/TMP_SDF-Mobile Masking.shader
  importAddress: Guid(bc1ede39bf3643ee8e493720e4259791) Importer(2089858483,b0f066a214c2f5e87bad3c948f4d605d)
Start importing Assets/TextMesh Pro/Shaders/TMP_SDF-Mobile Masking.shader using Guid(bc1ede39bf3643ee8e493720e4259791) Importer(2089858483,b0f066a214c2f5e87bad3c948f4d605d) (ScriptedImporter) -> (Import Result ID: 'd30d7789fc0980a8c2852036daf37a59') in 0.0285345 seconds [static and dynamic dependencies]. Details - ImportResultOutputID=e69e8bd313d356a46c8f008436bac973 DependenciesID=7ac9dcae3b320df56fd9767346229ae2 StaticDependenciesID=4cb826bf9ec8f511dffb4438fc2dbb4b 
Number of updated asset objects reloaded before import = 0Number of asset objects unloaded after import = 1

========================================================================
Received Import Request.
  Time since last request: 0.000034 seconds.
  path: Assets/TextMesh Pro/Examples & Extras/Scripts/TMP_DigitValidator.cs
  importAddress: Guid(1a7eb92a01ed499a987bde9def05fbce) Importer(2089858483,b0f066a214c2f5e87bad3c948f4d605d)
Start importing Assets/TextMesh Pro/Examples & Extras/Scripts/TMP_DigitValidator.cs using Guid(1a7eb92a01ed499a987bde9def05fbce) Importer(2089858483,b0f066a214c2f5e87bad3c948f4d605d) (ScriptedImporter) -> (Import Result ID: '14e4d30caac2324345be849c7b11e3ad') in 0.0275572 seconds [static and dynamic dependencies]. Details - ImportResultOutputID=457e32a231b8709d2f0fa1456401d5a0 DependenciesID=6c57440764786245dfaaf73b62050e39 StaticDependenciesID=79ee0849200164b5d1957f885dbf852c 
Number of updated asset objects reloaded before import = 0Number of asset objects unloaded after import = 0

========================================================================
Received Import Request.
  Time since last request: 0.000054 seconds.
  path: Assets/TextMesh Pro/Examples & Extras/Scripts/TeleType.cs
  importAddress: Guid(e32c266ee6204b21a427753cb0694c81) Importer(2089858483,b0f066a214c2f5e87bad3c948f4d605d)
Start importing Assets/TextMesh Pro/Examples & Extras/Scripts/TeleType.cs using Guid(e32c266ee6204b21a427753cb0694c81) Importer(2089858483,b0f066a214c2f5e87bad3c948f4d605d) (ScriptedImporter) -> (Import Result ID: 'c76617b056def2c383b1bd968e4a511c') in 0.0287254 seconds [static and dynamic dependencies]. Details - ImportResultOutputID=d9cde0b31070658fe1320296e224f7a0 DependenciesID=978dd1c4e77c2e5993cfdaa7f814ba7e StaticDependenciesID=0397da3da6ce9ddc3ff30c14d6c4a374 
Number of updated asset objects reloaded before import = 0Number of asset objects unloaded after import = 0

========================================================================
Received Import Request.
  Time since last request: 0.000048 seconds.
  path: Assets/Settings/UniversalRP.asset
  importAddress: Guid(681886c5eb7344803b6206f758bf0b1c) Importer(2089858483,b0f066a214c2f5e87bad3c948f4d605d)
Start importing Assets/Settings/UniversalRP.asset using Guid(681886c5eb7344803b6206f758bf0b1c) Importer(2089858483,b0f066a214c2f5e87bad3c948f4d605d) (ScriptedImporter) -> (Import Result ID: '0b3088fd0638c3fcc9eab8cd9a055bbc') in 0.1006151 seconds [static and dynamic dependencies]. Details - ImportResultOutputID=cabba1591a0a905868535af10aab7ba0 DependenciesID=3e3e01e87976e0c77a5d9ee616be71d5 StaticDependenciesID=a4dcfcd7734138125598fc7ce449ab17 
Number of updated asset objects reloaded before import = 0Number of asset objects unloaded after import = 1

========================================================================
Received Import Request.
  Time since last request: 0.000032 seconds.
  path: Assets/YandexGame/ScriptsYG/ReviewYG.cs
  importAddress: Guid(a50aa89408dd46a4d9e4c2ed0c463947) Importer(2089858483,b0f066a214c2f5e87bad3c948f4d605d)
Start importing Assets/YandexGame/ScriptsYG/ReviewYG.cs using Guid(a50aa89408dd46a4d9e4c2ed0c463947) Importer(2089858483,b0f066a214c2f5e87bad3c948f4d605d) (ScriptedImporter) -> (Import Result ID: '4695c28d39cdd73a11c38e55a097f8d7') in 0.0263616 seconds [static and dynamic dependencies]. Details - ImportResultOutputID=dc2a4cd7dc93516f302cbb0f7670dbc0 DependenciesID=26f6e2ef484c22cd2fd0f7ca8b460d72 StaticDependenciesID=061a786406e661e5875f0d3837eff4ce 
Number of updated asset objects reloaded before import = 0Number of asset objects unloaded after import = 0

========================================================================
Received Import Request.
  Time since last request: 0.000045 seconds.
  path: Assets/TextMesh Pro/Examples & Extras/Scripts/TMP_TextSelector_B.cs
  importAddress: Guid(a05dcd8be7ec4ccbb35c26219884aa37) Importer(2089858483,b0f066a214c2f5e87bad3c948f4d605d)
Start importing Assets/TextMesh Pro/Examples & Extras/Scripts/TMP_TextSelector_B.cs using Guid(a05dcd8be7ec4ccbb35c26219884aa37) Importer(2089858483,b0f066a214c2f5e87bad3c948f4d605d) (ScriptedImporter) -> (Import Result ID: '30a8ac5023d56bcc4358e1f0b780a357') in 0.0272148 seconds [static and dynamic dependencies]. Details - ImportResultOutputID=e1b4f4fc01756275f0a56242f98790f0 DependenciesID=afd5ab66ac0989ea8c5034424b24234c StaticDependenciesID=48ff43e1c4141e3f1fb93cb702304bb7 
Number of updated asset objects reloaded before import = 0Number of asset objects unloaded after import = 0

========================================================================
Received Import Request.
  Time since last request: 0.000047 seconds.
  path: Assets/TextMesh Pro/Shaders/TMP_SDF-Mobile SSD.shader
  importAddress: Guid(c8d12adcee749c344b8117cf7c7eb912) Importer(2089858483,b0f066a214c2f5e87bad3c948f4d605d)
Start importing Assets/TextMesh Pro/Shaders/TMP_SDF-Mobile SSD.shader using Guid(c8d12adcee749c344b8117cf7c7eb912) Importer(2089858483,b0f066a214c2f5e87bad3c948f4d605d) (ScriptedImporter) -> (Import Result ID: '6cc87e2f5e2bd9887413dffb66bb56d0') in 0.0303217 seconds [static and dynamic dependencies]. Details - ImportResultOutputID=6aac4d6d3ad48de40b6c363a9483b35d DependenciesID=4bbb8d93000b14b1999f7f87c2096cc2 StaticDependenciesID=fd6fbae28baafc967c0711bf47f39b43 
Number of updated asset objects reloaded before import = 0Number of asset objects unloaded after import = 1

========================================================================
Received Import Request.
  Time since last request: 0.000027 seconds.
  path: Assets/YandexGame/ScriptsYG/PromptYG.cs
  importAddress: Guid(aabbd61b068ca6c41becc09cb68bdbbd) Importer(2089858483,b0f066a214c2f5e87bad3c948f4d605d)
Start importing Assets/YandexGame/ScriptsYG/PromptYG.cs using Guid(aabbd61b068ca6c41becc09cb68bdbbd) Importer(2089858483,b0f066a214c2f5e87bad3c948f4d605d) (ScriptedImporter) -> (Import Result ID: '1997c02455524ad62f1e93f66fefc21a') in 0.0343674 seconds [static and dynamic dependencies]. Details - ImportResultOutputID=9440e716463cad97df6bbd1d3ac5ef41 DependenciesID=cd505d5de13924f219bf7ed6cba3570b StaticDependenciesID=057424f150bbf13bfdedf56cb273fe18 
Number of updated asset objects reloaded before import = 0Number of asset objects unloaded after import = 0

========================================================================
Received Import Request.
  Time since last request: 0.000029 seconds.
  path: Assets/SaveSystem.cs
  importAddress: Guid(f4105c779553d044b946350568bebfec) Importer(2089858483,b0f066a214c2f5e87bad3c948f4d605d)
Start importing Assets/SaveSystem.cs using Guid(f4105c779553d044b946350568bebfec) Importer(2089858483,b0f066a214c2f5e87bad3c948f4d605d) (ScriptedImporter) -> (Import Result ID: 'fe1b67149f0f6f12189903f3c0a4ec28') in 0.0270546 seconds [static and dynamic dependencies]. Details - ImportResultOutputID=4597bc66593d7d8c31cba4c490ff6a61 DependenciesID=a70a68d7fe678e73a77427999ad132f1 StaticDependenciesID=9203edbb884d7bc77834b284195fc646 
Number of updated asset objects reloaded before import = 0Number of asset objects unloaded after import = 0

========================================================================
Received Import Request.
  Time since last request: 0.000051 seconds.
  path: Assets/TextMesh Pro/Examples & Extras/Scripts/VertexShakeA.cs
  importAddress: Guid(f7cfa58e417a46ea8889989684c2522e) Importer(2089858483,b0f066a214c2f5e87bad3c948f4d605d)
Start importing Assets/TextMesh Pro/Examples & Extras/Scripts/VertexShakeA.cs using Guid(f7cfa58e417a46ea8889989684c2522e) Importer(2089858483,b0f066a214c2f5e87bad3c948f4d605d) (ScriptedImporter) -> (Import Result ID: '1641909504656a387ad79db90cc31341') in 0.025698 seconds [static and dynamic dependencies]. Details - ImportResultOutputID=19421ea630ba798bb12ffd40bb5066d4 DependenciesID=4de968825eab7f6a08b13dd517feea9f StaticDependenciesID=ad4c8520f0ab61cb7a9b840c9c86695c 
Number of updated asset objects reloaded before import = 0Number of asset objects unloaded after import = 0

========================================================================
Received Import Request.
  Time since last request: 0.000029 seconds.
  path: Assets/TextMesh Pro/Examples & Extras/Scripts/WarpTextExample.cs
  importAddress: Guid(790744c462254b7ba8038e6ed28b3db2) Importer(2089858483,b0f066a214c2f5e87bad3c948f4d605d)
Start importing Assets/TextMesh Pro/Examples & Extras/Scripts/WarpTextExample.cs using Guid(790744c462254b7ba8038e6ed28b3db2) Importer(2089858483,b0f066a214c2f5e87bad3c948f4d605d) (ScriptedImporter) -> (Import Result ID: '9f3b24ee642956bd5082700cfbd3757c') in 0.0255182 seconds [static and dynamic dependencies]. Details - ImportResultOutputID=854350848d418bf4c802ceebfa565324 DependenciesID=a7be7fa704e71b0ce853ce801886f422 StaticDependenciesID=93c23b97c979dd5bee9b24f6a571a3f9 
Number of updated asset objects reloaded before import = 0Number of asset objects unloaded after import = 0

========================================================================
Received Import Request.
  Time since last request: 0.000037 seconds.
  path: Assets/TextMesh Pro/Examples & Extras/Scripts/VertexJitter.cs
  importAddress: Guid(2ed57967c52645d390a89dcf8f61ba73) Importer(2089858483,b0f066a214c2f5e87bad3c948f4d605d)
Start importing Assets/TextMesh Pro/Examples & Extras/Scripts/VertexJitter.cs using Guid(2ed57967c52645d390a89dcf8f61ba73) Importer(2089858483,b0f066a214c2f5e87bad3c948f4d605d) (ScriptedImporter) -> (Import Result ID: 'dcf5122b0fd4d20200425981e9a292ca') in 0.0273249 seconds [static and dynamic dependencies]. Details - ImportResultOutputID=80f02ea6d44e11aa2b2c7baf3ebc7698 DependenciesID=7b2c418c4a5d777353a4f78f12d59b6d StaticDependenciesID=4c25a84c8c5fcf68dfb01471ff8217c8 
Number of updated asset objects reloaded before import = 0Number of asset objects unloaded after import = 0

========================================================================
Received Import Request.
  Time since last request: 0.000046 seconds.
  path: Assets/TextMesh Pro/Examples & Extras/Sprites/Default Sprites.png
  importAddress: Guid(a0fc465d6cf04254a2938578735e2383) Importer(2089858483,b0f066a214c2f5e87bad3c948f4d605d)
Start importing Assets/TextMesh Pro/Examples & Extras/Sprites/Default Sprites.png using Guid(a0fc465d6cf04254a2938578735e2383) Importer(2089858483,b0f066a214c2f5e87bad3c948f4d605d) (ScriptedImporter) -> (Import Result ID: '907ff04d458f0381df8d06e9fc6a6880') in 0.0595183 seconds [static and dynamic dependencies]. Details - ImportResultOutputID=c7fea6f329c156c80722382213940391 DependenciesID=ef8becfafcc3efe343613cee45fa49fe StaticDependenciesID=4d3289eda206bd02f32f1d9b042361c6 
Number of updated asset objects reloaded before import = 0Number of asset objects unloaded after import = 1

========================================================================
Received Import Request.
  Time since last request: 0.000028 seconds.
  path: Assets/TextMesh Pro/Examples & Extras/Textures/Brushed Metal 3.jpg
  importAddress: Guid(f88677df267a41d6be1e7a6133e7d227) Importer(2089858483,b0f066a214c2f5e87bad3c948f4d605d)
Start importing Assets/TextMesh Pro/Examples & Extras/Textures/Brushed Metal 3.jpg using Guid(f88677df267a41d6be1e7a6133e7d227) Importer(2089858483,b0f066a214c2f5e87bad3c948f4d605d) (ScriptedImporter) -> (Import Result ID: 'a4c78ef7357644206bb880129445476a') in 0.058729 seconds [static and dynamic dependencies]. Details - ImportResultOutputID=dbb86a87f478099712d85f9773be3fda DependenciesID=b9dabac0e2118ada9a8eaf27227e92cf StaticDependenciesID=46d85e1bd644eb372c861a1586e7d89f 
Number of updated asset objects reloaded before import = 0Number of asset objects unloaded after import = 1

========================================================================
Received Import Request.
  Time since last request: 0.000051 seconds.
  path: Assets/YandexGame/ScriptsYG/ImageLoadYG.cs
  importAddress: Guid(e48d8d781d3e59d409adef5e128d2b04) Importer(2089858483,b0f066a214c2f5e87bad3c948f4d605d)
Start importing Assets/YandexGame/ScriptsYG/ImageLoadYG.cs using Guid(e48d8d781d3e59d409adef5e128d2b04) Importer(2089858483,b0f066a214c2f5e87bad3c948f4d605d) (ScriptedImporter) -> (Import Result ID: 'bf60b8901ddaec0f552b7cd7e75f5e03') in 0.0279949 seconds [static and dynamic dependencies]. Details - ImportResultOutputID=3c10fb4a0ff6c8fbe933ebcc29456a52 DependenciesID=0885a8164b369ba4183830614f8bc50c StaticDependenciesID=cc90d0d0894fafdde79765bab23f47fd 
Number of updated asset objects reloaded before import = 0Number of asset objects unloaded after import = 0

========================================================================
Received Import Request.
  Time since last request: 0.000044 seconds.
  path: Assets/TextMesh Pro/Examples & Extras/Scenes/05 - Style Tags.unity
  importAddress: Guid(70615243e2be4a81afaab9bf5d273d65) Importer(2089858483,b0f066a214c2f5e87bad3c948f4d605d)
Start importing Assets/TextMesh Pro/Examples & Extras/Scenes/05 - Style Tags.unity using Guid(70615243e2be4a81afaab9bf5d273d65) Importer(2089858483,b0f066a214c2f5e87bad3c948f4d605d) (ScriptedImporter) -> (Import Result ID: '125319bf932ee3ee143544026f4d4386') in 0.0594661 seconds [static and dynamic dependencies]. Details - ImportResultOutputID=6867ebc9bf90b37a4a9d13d01b83a8fd DependenciesID=86f5c7fb2edbdee55d28cf1d9df05854 StaticDependenciesID=867478acd93c33945f736fc66a27cd36 
Number of updated asset objects reloaded before import = 0Number of asset objects unloaded after import = 1

========================================================================
Received Import Request.
  Time since last request: 0.000028 seconds.
  path: Assets/TextMesh Pro/Shaders/TMP_SDF-Surface-Mobile.shader
  importAddress: Guid(85187c2149c549c5b33f0cdb02836b17) Importer(2089858483,b0f066a214c2f5e87bad3c948f4d605d)
Start importing Assets/TextMesh Pro/Shaders/TMP_SDF-Surface-Mobile.shader using Guid(85187c2149c549c5b33f0cdb02836b17) Importer(2089858483,b0f066a214c2f5e87bad3c948f4d605d) (ScriptedImporter) -> (Import Result ID: '8baef660fce678c4c4f308bb67fb7755') in 0.030488 seconds [static and dynamic dependencies]. Details - ImportResultOutputID=28d7f8b6c0adb83b0ffd7d39a1f439af DependenciesID=8b1392f912a463f7c5956a01d4c01b48 StaticDependenciesID=b7406ae5209a1575a767900e6ef27955 
Number of updated asset objects reloaded before import = 0Number of asset objects unloaded after import = 1

========================================================================
Received Import Request.
  Time since last request: 0.000028 seconds.
  path: Assets/TextMesh Pro/Examples & Extras/Textures/Small Crate_diffuse.jpg
  importAddress: Guid(602cb87b6a29443b8636370ea0751574) Importer(2089858483,b0f066a214c2f5e87bad3c948f4d605d)
Start importing Assets/TextMesh Pro/Examples & Extras/Textures/Small Crate_diffuse.jpg using Guid(602cb87b6a29443b8636370ea0751574) Importer(2089858483,b0f066a214c2f5e87bad3c948f4d605d) (ScriptedImporter) -> (Import Result ID: '3d4907fc6d418bcae6dd2adfe7c6a614') in 0.0324173 seconds [static and dynamic dependencies]. Details - ImportResultOutputID=08b4adec1de81faff8c67eebe629a822 DependenciesID=48aa59e9421852cf59831f8c5eec2280 StaticDependenciesID=b07933c0e99d4b8e6d925a8fc47a3581 
Number of updated asset objects reloaded before import = 0Number of asset objects unloaded after import = 1

========================================================================
Received Import Request.
  Time since last request: 0.000055 seconds.
  path: Assets/TextMesh Pro/Examples & Extras/Fonts/Oswald-Bold - OFL.txt
  importAddress: Guid(d2cf87a8a7a94aa8b80dff1c807c1178) Importer(2089858483,b0f066a214c2f5e87bad3c948f4d605d)
Start importing Assets/TextMesh Pro/Examples & Extras/Fonts/Oswald-Bold - OFL.txt using Guid(d2cf87a8a7a94aa8b80dff1c807c1178) Importer(2089858483,b0f066a214c2f5e87bad3c948f4d605d) (ScriptedImporter) -> (Import Result ID: '20e0861ad817bea7822f224730e0f33e') in 0.0491051 seconds [static and dynamic dependencies]. Details - ImportResultOutputID=0fef2ccee79bf7fd8c88efbe14da5f4b DependenciesID=62c2d600e11d77b0e4b2ac82dd217f2b StaticDependenciesID=d4881a3b9b6c0a88b4c9cd73ed41c7fa 
Number of updated asset objects reloaded before import = 0Number of asset objects unloaded after import = 1

========================================================================
Received Import Request.
  Time since last request: 0.000024 seconds.
  path: Assets/TextMesh Pro/Examples & Extras/Scenes/17 - Old Computer Terminal.unity
  importAddress: Guid(3e2e4d7b0bed4cf9ab827e9f32448f69) Importer(2089858483,b0f066a214c2f5e87bad3c948f4d605d)
Start importing Assets/TextMesh Pro/Examples & Extras/Scenes/17 - Old Computer Terminal.unity using Guid(3e2e4d7b0bed4cf9ab827e9f32448f69) Importer(2089858483,b0f066a214c2f5e87bad3c948f4d605d) (ScriptedImporter) -> (Import Result ID: 'ee2c922f4adc903920dfc9d37c189b25') in 0.0541643 seconds [static and dynamic dependencies]. Details - ImportResultOutputID=5020f980fa8fe7f9ea291de5e2a41100 DependenciesID=e250a43f44a500bdecc115c55ccde4a4 StaticDependenciesID=8b43629e5943b9e52098fc96c993dadc 
Number of updated asset objects reloaded before import = 0Number of asset objects unloaded after import = 1

========================================================================
Received Import Request.
  Time since last request: 0.000031 seconds.
  path: Assets/TextMesh Pro/Examples & Extras/Scripts/TextConsoleSimulator.cs
  importAddress: Guid(43bcd35a1c0c40ccb6d472893fe2093f) Importer(2089858483,b0f066a214c2f5e87bad3c948f4d605d)
Start importing Assets/TextMesh Pro/Examples & Extras/Scripts/TextConsoleSimulator.cs using Guid(43bcd35a1c0c40ccb6d472893fe2093f) Importer(2089858483,b0f066a214c2f5e87bad3c948f4d605d) (ScriptedImporter) -> (Import Result ID: 'b9a4d4b5973ca59732b358e3153030be') in 0.03123 seconds [static and dynamic dependencies]. Details - ImportResultOutputID=c8336418b9fe0cc3bc6553d901ad133e DependenciesID=68097cb87ba10edd7935d143733966a2 StaticDependenciesID=126c30f4869623543779e73809b54af5 
Number of updated asset objects reloaded before import = 0Number of asset objects unloaded after import = 0

========================================================================
Received Import Request.
  Time since last request: 0.000048 seconds.
  path: Assets/TextMesh Pro/Examples & Extras/Textures/Wipe Pattern - Radial Double.psd
  importAddress: Guid(7631f4eff8f74ed38eb3eb9db17134e1) Importer(2089858483,b0f066a214c2f5e87bad3c948f4d605d)
Start importing Assets/TextMesh Pro/Examples & Extras/Textures/Wipe Pattern - Radial Double.psd using Guid(7631f4eff8f74ed38eb3eb9db17134e1) Importer(2089858483,b0f066a214c2f5e87bad3c948f4d605d) (ScriptedImporter) -> (Import Result ID: '1287e72fd6ae6a9e3eba0a27d904adba') in 0.055725 seconds [static and dynamic dependencies]. Details - ImportResultOutputID=f167e290812ba21eea6124b680298975 DependenciesID=cc7924d50c189356c03c502712c2bb7a StaticDependenciesID=3ab2a76d0a4a3b19b05f8dfe3626420f 
Number of updated asset objects reloaded before import = 0Number of asset objects unloaded after import = 1

========================================================================
Received Import Request.
  Time since last request: 0.000026 seconds.
  path: Assets/YandexGame/Example/Scenes/LightingSettingsYGExample.lighting
  importAddress: Guid(f11acf94a309a33448aca1ae885164fc) Importer(2089858483,b0f066a214c2f5e87bad3c948f4d605d)
Start importing Assets/YandexGame/Example/Scenes/LightingSettingsYGExample.lighting using Guid(f11acf94a309a33448aca1ae885164fc) Importer(2089858483,b0f066a214c2f5e87bad3c948f4d605d) (ScriptedImporter)LightingSettings: switching bake backend from 2 to 1.
 -> (Import Result ID: 'a9ffb3dee36a4dda0e6abe44db0673e1') in 0.0913569 seconds [static and dynamic dependencies]. Details - ImportResultOutputID=e6581a60e36ac99ec857e066ea14002c DependenciesID=dff314cc95d5013cac9da3f0897682cc StaticDependenciesID=3fbd734029a863021e436c22691a4ed5 
Number of updated asset objects reloaded before import = 0Number of asset objects unloaded after import = 1

========================================================================
Received Import Request.
  Time since last request: 0.000033 seconds.
  path: Assets/Visuals/LockButtons/4.png
  importAddress: Guid(cc234408bd5d26b45a599dd745cd9438) Importer(2089858483,b0f066a214c2f5e87bad3c948f4d605d)
Start importing Assets/Visuals/LockButtons/4.png using Guid(cc234408bd5d26b45a599dd745cd9438) Importer(2089858483,b0f066a214c2f5e87bad3c948f4d605d) (ScriptedImporter) -> (Import Result ID: '56158bfb0d1c9e43e2c73e07bfafe120') in 0.0369581 seconds [static and dynamic dependencies]. Details - ImportResultOutputID=8fb2daf4843993358f6253db8933f2a5 DependenciesID=dce447074b6f436d9a8a4310a3678c6a StaticDependenciesID=923785874cea8538de05a01aef94102d 
Number of updated asset objects reloaded before import = 0Number of asset objects unloaded after import = 3

========================================================================
Received Import Request.
  Time since last request: 0.000047 seconds.
  path: Assets/TextMesh Pro/Resources/LineBreaking Following Characters.txt
  importAddress: Guid(fade42e8bc714b018fac513c043d323b) Importer(2089858483,b0f066a214c2f5e87bad3c948f4d605d)
Start importing Assets/TextMesh Pro/Resources/LineBreaking Following Characters.txt using Guid(fade42e8bc714b018fac513c043d323b) Importer(2089858483,b0f066a214c2f5e87bad3c948f4d605d) (ScriptedImporter) -> (Import Result ID: '1454b4fe977ba05decfca8825fa54b0c') in 0.0271382 seconds [static and dynamic dependencies]. Details - ImportResultOutputID=a2ff98e9839e13265376614ad5aca85f DependenciesID=1ddd06222cc58f11be1011d6e2dc7f1a StaticDependenciesID=61c782e1da5d1ad2f75307915ca7e1f2 
Number of updated asset objects reloaded before import = 0Number of asset objects unloaded after import = 1

========================================================================
Received Import Request.
  Time since last request: 0.000034 seconds.
  path: Assets/YandexGame/Example/Scripts/InitExample.cs
  importAddress: Guid(f499633caabeedb4ca61f6573e49ec25) Importer(2089858483,b0f066a214c2f5e87bad3c948f4d605d)
Start importing Assets/YandexGame/Example/Scripts/InitExample.cs using Guid(f499633caabeedb4ca61f6573e49ec25) Importer(2089858483,b0f066a214c2f5e87bad3c948f4d605d) (ScriptedImporter) -> (Import Result ID: '75d2bfa2c0cbdb2832be2f1d1e5e5a03') in 0.0261417 seconds [static and dynamic dependencies]. Details - ImportResultOutputID=8ff469ddbae7294de41a384b659eb92d DependenciesID=b7bb7c93734f5c4cb598f12d1f86c725 StaticDependenciesID=0cdc1f84abcdf18beca59f6f8220ce8b 
Number of updated asset objects reloaded before import = 0Number of asset objects unloaded after import = 0

========================================================================
Received Import Request.
  Time since last request: 0.000031 seconds.
  path: Assets/TextMesh Pro/Examples & Extras/Fonts/Bangers - OFL.txt
  importAddress: Guid(efe0bf4ac872451e91612d1ae593f480) Importer(2089858483,b0f066a214c2f5e87bad3c948f4d605d)
Start importing Assets/TextMesh Pro/Examples & Extras/Fonts/Bangers - OFL.txt using Guid(efe0bf4ac872451e91612d1ae593f480) Importer(2089858483,b0f066a214c2f5e87bad3c948f4d605d) (ScriptedImporter) -> (Import Result ID: '26d5bb313fce0a862b384cfe06ad3b0c') in 0.0435775 seconds [static and dynamic dependencies]. Details - ImportResultOutputID=efa2bfcc46484a1d813c2b409a5dd874 DependenciesID=c0a351214d1db7a8698a3f545b24a5af StaticDependenciesID=928990aa51fabebf87202f31f509518d 
Number of updated asset objects reloaded before import = 0Number of asset objects unloaded after import = 1

========================================================================
Received Import Request.
  Time since last request: 0.000045 seconds.
  path: Assets/TextMesh Pro/Examples & Extras/Scenes/21 - Script Example.unity
  importAddress: Guid(50f52f9274434ecfb34dd87f0836f323) Importer(2089858483,b0f066a214c2f5e87bad3c948f4d605d)
Start importing Assets/TextMesh Pro/Examples & Extras/Scenes/21 - Script Example.unity using Guid(50f52f9274434ecfb34dd87f0836f323) Importer(2089858483,b0f066a214c2f5e87bad3c948f4d605d) (ScriptedImporter) -> (Import Result ID: '000f0bc66e3618d9a3f64ca42c059653') in 0.0531694 seconds [static and dynamic dependencies]. Details - ImportResultOutputID=e22993345e75790d833637643614f65a DependenciesID=b8875061f9ac460249c03c5b23331149 StaticDependenciesID=cd8c7c90dcdbde5fda6fd2fd2841fcda 
Number of updated asset objects reloaded before import = 0Number of asset objects unloaded after import = 1

========================================================================
Received Import Request.
  Time since last request: 0.000028 seconds.
  path: Assets/TextMesh Pro/Resources/Style Sheets/Default Style Sheet.asset
  importAddress: Guid(f952c082cb03451daed3ee968ac6c63e) Importer(2089858483,b0f066a214c2f5e87bad3c948f4d605d)
Start importing Assets/TextMesh Pro/Resources/Style Sheets/Default Style Sheet.asset using Guid(f952c082cb03451daed3ee968ac6c63e) Importer(2089858483,b0f066a214c2f5e87bad3c948f4d605d) (ScriptedImporter) -> (Import Result ID: 'f1acbf39b92fb4b01d76a0ea345acf10') in 0.0323435 seconds [static and dynamic dependencies]. Details - ImportResultOutputID=2b3db7262b9b70ff53aa228b8047b2c5 DependenciesID=0e8390b4bfc02cba46d73a4c16687a28 StaticDependenciesID=29fce2b362eaf2efde4abff3423e70dc 
Number of updated asset objects reloaded before import = 0Number of asset objects unloaded after import = 1

========================================================================
Received Import Request.
  Time since last request: 0.000035 seconds.
  path: Assets/YandexGame/ScriptsYG/EnvironmentData/EnvirData_yg.cs
  importAddress: Guid(b99fd372a89b20047b2cb0d61455f6e1) Importer(2089858483,b0f066a214c2f5e87bad3c948f4d605d)
Start importing Assets/YandexGame/ScriptsYG/EnvironmentData/EnvirData_yg.cs using Guid(b99fd372a89b20047b2cb0d61455f6e1) Importer(2089858483,b0f066a214c2f5e87bad3c948f4d605d) (ScriptedImporter) -> (Import Result ID: '17876044d4a42f7dc7ee6b880eb4aade') in 0.0282818 seconds [static and dynamic dependencies]. Details - ImportResultOutputID=8336e2b53802abc9cf09fe2a31b40866 DependenciesID=2dd16d028b8b12b2f5985cfc29cf1955 StaticDependenciesID=10e6ae174ef22d38639bf414d432667b 
Number of updated asset objects reloaded before import = 0Number of asset objects unloaded after import = 0

========================================================================
Received Import Request.
  Time since last request: 0.000051 seconds.
  path: Assets/YandexGame/ScriptsYG/Language/LanguageYG.cs
  importAddress: Guid(f34f36451b093ee4c83ad4aa5459d2ac) Importer(2089858483,b0f066a214c2f5e87bad3c948f4d605d)
Start importing Assets/YandexGame/ScriptsYG/Language/LanguageYG.cs using Guid(f34f36451b093ee4c83ad4aa5459d2ac) Importer(2089858483,b0f066a214c2f5e87bad3c948f4d605d) (ScriptedImporter) -> (Import Result ID: '18ee4e36a88fc43b8ec1acb91a5b9f8b') in 0.0245801 seconds [static and dynamic dependencies]. Details - ImportResultOutputID=afbfe5b4377c85434b0644a81ff1274d DependenciesID=dd3b8700d2ad97283e064af6c6370265 StaticDependenciesID=0bdce8153140fcd5dfbec372ca81a1d9 
Number of updated asset objects reloaded before import = 0Number of asset objects unloaded after import = 0

========================================================================
Received Import Request.
  Time since last request: 0.000031 seconds.
  path: Assets/TextMesh Pro/Resources/Fonts & Materials/LiberationSans SDF - Outline.mat
  importAddress: Guid(79459efec17a4d00a321bdcc27bbc385) Importer(2089858483,b0f066a214c2f5e87bad3c948f4d605d)
Start importing Assets/TextMesh Pro/Resources/Fonts & Materials/LiberationSans SDF - Outline.mat using Guid(79459efec17a4d00a321bdcc27bbc385) Importer(2089858483,b0f066a214c2f5e87bad3c948f4d605d) (ScriptedImporter) -> (Import Result ID: '181b12ec2420afccebd8cfa6114b3b3f') in 0.0766851 seconds [static and dynamic dependencies]. Details - ImportResultOutputID=67b27de826a1d608dc2e6cbff7462f88 DependenciesID=74ae995797815d545af6fa71430fec20 StaticDependenciesID=ea4f6bdbbd3fe4a09d6f1f24747b1613 
Number of updated asset objects reloaded before import = 0Number of asset objects unloaded after import = 2

========================================================================
Received Import Request.
  Time since last request: 0.000056 seconds.
  path: Assets/TextMesh Pro/Examples & Extras/Textures/Text Overflow - Linked Text Image 1.png
  importAddress: Guid(4ccf43d26c4748c792174516f4a8fcef) Importer(2089858483,b0f066a214c2f5e87bad3c948f4d605d)
Start importing Assets/TextMesh Pro/Examples & Extras/Textures/Text Overflow - Linked Text Image 1.png using Guid(4ccf43d26c4748c792174516f4a8fcef) Importer(2089858483,b0f066a214c2f5e87bad3c948f4d605d) (ScriptedImporter) -> (Import Result ID: '7be2dabc2c5de4f8d2fc30f3ddc7437c') in 0.0593973 seconds [static and dynamic dependencies]. Details - ImportResultOutputID=ef34a24ae086f7a17e3624f4f40aab7f DependenciesID=af07b0eda20171b030f283425766b704 StaticDependenciesID=48e3ecb4934120d93e0bedbd0ea0f45f 
Number of updated asset objects reloaded before import = 0Number of asset objects unloaded after import = 1

========================================================================
Received Import Request.
  Time since last request: 0.000043 seconds.
  path: Assets/YandexGame/ScriptsYG/Leaderboards/LeaderboardYG.cs
  importAddress: Guid(423e13a42d313f948a13bcedae13febe) Importer(2089858483,b0f066a214c2f5e87bad3c948f4d605d)
Start importing Assets/YandexGame/ScriptsYG/Leaderboards/LeaderboardYG.cs using Guid(423e13a42d313f948a13bcedae13febe) Importer(2089858483,b0f066a214c2f5e87bad3c948f4d605d) (ScriptedImporter) -> (Import Result ID: '81526692547c29b87fc1b67cd6626390') in 0.0266614 seconds [static and dynamic dependencies]. Details - ImportResultOutputID=04e5e1321ff7a3535458bd5f65ef1a96 DependenciesID=4859bacd4b1ebda83d9c06cb5662bd09 StaticDependenciesID=f6cbd2e5b702da0ed7fd15912d0bdeba 
Number of updated asset objects reloaded before import = 0Number of asset objects unloaded after import = 0

========================================================================
Received Import Request.
  Time since last request: 0.000031 seconds.
  path: Assets/YandexGame/ScriptsYG/Leaderboards/LBPlayerDataYG.cs
  importAddress: Guid(a183e821a3e219a4385ee48ec1bfabcf) Importer(2089858483,b0f066a214c2f5e87bad3c948f4d605d)
Start importing Assets/YandexGame/ScriptsYG/Leaderboards/LBPlayerDataYG.cs using Guid(a183e821a3e219a4385ee48ec1bfabcf) Importer(2089858483,b0f066a214c2f5e87bad3c948f4d605d) (ScriptedImporter) -> (Import Result ID: 'c76008a3e693caf942a5d4ee64c201a1') in 0.0401406 seconds [static and dynamic dependencies]. Details - ImportResultOutputID=edf6174b47630f390ff3ff0666d8c416 DependenciesID=aadc70387758c8e35c87cc2ec1e0c14f StaticDependenciesID=4206e3b9dd085e56e963ac306a2abdca 
Number of updated asset objects reloaded before import = 0Number of asset objects unloaded after import = 0

========================================================================
Received Import Request.
  Time since last request: 0.000036 seconds.
  path: Assets/TextMesh Pro/Examples & Extras/Resources/Color Gradient Presets/Yellow to Orange - Vertical.asset
  importAddress: Guid(69a525efa7e6472eab268f6ea605f06e) Importer(2089858483,b0f066a214c2f5e87bad3c948f4d605d)
Start importing Assets/TextMesh Pro/Examples & Extras/Resources/Color Gradient Presets/Yellow to Orange - Vertical.asset using Guid(69a525efa7e6472eab268f6ea605f06e) Importer(2089858483,b0f066a214c2f5e87bad3c948f4d605d) (ScriptedImporter) -> (Import Result ID: 'da939c9b8f0f27ec45a56fd9bc4a24c3') in 0.0999865 seconds [static and dynamic dependencies]. Details - ImportResultOutputID=848511d7cbb49d3853a95eefd2ac315e DependenciesID=4bd921ff87b6fd20cf9f0f9f3e0c8281 StaticDependenciesID=afb6c45433d1f6d40233ebb57f84e58a 
Number of updated asset objects reloaded before import = 0Number of asset objects unloaded after import = 1

========================================================================
Received Import Request.
  Time since last request: 0.000079 seconds.
  path: Assets/TextMesh Pro/Examples & Extras/Resources/Fonts & Materials/Bangers SDF - Drop Shadow - 2 Pass.mat
  importAddress: Guid(947a44964e53bf0448ff698b2a2219c0) Importer(2089858483,b0f066a214c2f5e87bad3c948f4d605d)
Start importing Assets/TextMesh Pro/Examples & Extras/Resources/Fonts & Materials/Bangers SDF - Drop Shadow - 2 Pass.mat using Guid(947a44964e53bf0448ff698b2a2219c0) Importer(2089858483,b0f066a214c2f5e87bad3c948f4d605d) (ScriptedImporter) -> (Import Result ID: '887c68185d2c1106b3e55c4c9d9346c4') in 0.1374541 seconds [static and dynamic dependencies]. Details - ImportResultOutputID=0ca5651a0afc276d76894813ec02e747 DependenciesID=96eaa1ff6c629858a0b0ea1e6efe579a StaticDependenciesID=69d926d45822d550323f607a47ecff08 
Number of updated asset objects reloaded before import = 0Number of asset objects unloaded after import = 2

========================================================================
Received Import Request.
  Time since last request: 0.000032 seconds.
  path: Assets/TextMesh Pro/Examples & Extras/Resources/Fonts & Materials/Bangers SDF - Outline.mat
  importAddress: Guid(f629c6e43dba4bf38cb74d8860150664) Importer(2089858483,b0f066a214c2f5e87bad3c948f4d605d)
Start importing Assets/TextMesh Pro/Examples & Extras/Resources/Fonts & Materials/Bangers SDF - Outline.mat using Guid(f629c6e43dba4bf38cb74d8860150664) Importer(2089858483,b0f066a214c2f5e87bad3c948f4d605d) (ScriptedImporter) -> (Import Result ID: 'c2c3a7281c457ae91bfbf9312d086ca5') in 0.0884893 seconds [static and dynamic dependencies]. Details - ImportResultOutputID=9edf844ac4d11b7c5f215e5364796b3c DependenciesID=5aea914428914407b00f4cd2fee8b9a0 StaticDependenciesID=c164c6628d3af7a7a9f91e2f022152f9 
Number of updated asset objects reloaded before import = 0Number of asset objects unloaded after import = 2

========================================================================
Received Import Request.
  Time since last request: 0.000149 seconds.
  path: Assets/YandexGame/ScriptsYG/YandexMetrica/YandexMetrica.cs
  importAddress: Guid(4b807beff3bf4df498c4309ad4cd199a) Importer(2089858483,b0f066a214c2f5e87bad3c948f4d605d)
Start importing Assets/YandexGame/ScriptsYG/YandexMetrica/YandexMetrica.cs using Guid(4b807beff3bf4df498c4309ad4cd199a) Importer(2089858483,b0f066a214c2f5e87bad3c948f4d605d) (ScriptedImporter) -> (Import Result ID: '131eb934afa2c1a316fe1bbc83ad27fb') in 0.0520709 seconds [static and dynamic dependencies]. Details - ImportResultOutputID=aa6f57acd8592db2331041e9917f0106 DependenciesID=60c33b7ba34fd9ed1615b5038075ad0d StaticDependenciesID=911433514dbdad1decf65609ad2f05c4 
Number of updated asset objects reloaded before import = 0Number of asset objects unloaded after import = 0

========================================================================
Received Import Request.
  Time since last request: 0.000035 seconds.
  path: Assets/TextMesh Pro/Examples & Extras/Resources/Fonts & Materials/LiberationSans SDF - Overlay.mat
  importAddress: Guid(9ad269c99dcf42b7aedefd83dd5a7b9d) Importer(2089858483,b0f066a214c2f5e87bad3c948f4d605d)
Start importing Assets/TextMesh Pro/Examples & Extras/Resources/Fonts & Materials/LiberationSans SDF - Overlay.mat using Guid(9ad269c99dcf42b7aedefd83dd5a7b9d) Importer(2089858483,b0f066a214c2f5e87bad3c948f4d605d) (ScriptedImporter) -> (Import Result ID: '8d62f6853c89b746065df4836bff91fb') in 0.1248246 seconds [static and dynamic dependencies]. Details - ImportResultOutputID=b8fda593a718c8c889164d9e91cc7839 DependenciesID=694f8a42dcfdbd0528d66e8a807075d6 StaticDependenciesID=b12370158cd59ea0cedd0383185db829 
Number of updated asset objects reloaded before import = 0Number of asset objects unloaded after import = 2

========================================================================
Received Import Request.
  Time since last request: 0.000038 seconds.
  path: Assets/TextMesh Pro/Examples & Extras/Resources/Fonts & Materials/LiberationSans SDF - Soft Mask.mat
  importAddress: Guid(42df1c7856584b6b8db9a509b6b10074) Importer(2089858483,b0f066a214c2f5e87bad3c948f4d605d)
Start importing Assets/TextMesh Pro/Examples & Extras/Resources/Fonts & Materials/LiberationSans SDF - Soft Mask.mat using Guid(42df1c7856584b6b8db9a509b6b10074) Importer(2089858483,b0f066a214c2f5e87bad3c948f4d605d) (ScriptedImporter) -> (Import Result ID: '5a5b9fc3ac63d347f29ad219a04afd3e') in 0.0876302 seconds [static and dynamic dependencies]. Details - ImportResultOutputID=9a8d23a2d77b7a3bf6abf4dda9dc1cef DependenciesID=470307e1525b5f753289a9ecc5082082 StaticDependenciesID=01b668067114f00466956477b913c367 
Number of updated asset objects reloaded before import = 0Number of asset objects unloaded after import = 3

========================================================================
Received Import Request.
  Time since last request: 0.000065 seconds.
  path: Assets/YandexGame/Example/Content/Textures/DebugViewing.png
  importAddress: Guid(cdb950438ef0ead45a287822e66f5fa6) Importer(2089858483,b0f066a214c2f5e87bad3c948f4d605d)
Start importing Assets/YandexGame/Example/Content/Textures/DebugViewing.png using Guid(cdb950438ef0ead45a287822e66f5fa6) Importer(2089858483,b0f066a214c2f5e87bad3c948f4d605d) (ScriptedImporter) -> (Import Result ID: '3bceb1ce69eb3180dd2c4df5d2e19042') in 0.0746172 seconds [static and dynamic dependencies]. Details - ImportResultOutputID=7ccff4fcb23f08bf176698d5a1dc35b2 DependenciesID=06566df335f222bba459c31a7dfc2330 StaticDependenciesID=033a1b4dcac5ce0a375ebce13d981395 
Number of updated asset objects reloaded before import = 0Number of asset objects unloaded after import = 3

========================================================================
Received Import Request.
  Time since last request: 0.000041 seconds.
  path: Assets/TextMesh Pro/Examples & Extras/Scripts/EnvMapAnimator.cs
  importAddress: Guid(a4b6f99e8bc54541bbd149b014ff441c) Importer(2089858483,b0f066a214c2f5e87bad3c948f4d605d)
Start importing Assets/TextMesh Pro/Examples & Extras/Scripts/EnvMapAnimator.cs using Guid(a4b6f99e8bc54541bbd149b014ff441c) Importer(2089858483,b0f066a214c2f5e87bad3c948f4d605d) (ScriptedImporter) -> (Import Result ID: '9cbf54794c48345b32860067d5c7787e') in 0.0368388 seconds [static and dynamic dependencies]. Details - ImportResultOutputID=ca472f8067143c994bc727b69e0cce17 DependenciesID=b6eb5c7129359ef562a5b1bb81e94989 StaticDependenciesID=ad0ad4ed8c8b6991fc0b3a93a9311a22 
Number of updated asset objects reloaded before import = 0Number of asset objects unloaded after import = 0

========================================================================
Received Import Request.
  Time since last request: 0.000036 seconds.
  path: Assets/YandexGame/ScriptsYG/Language/LangYGAdditionalText.cs
  importAddress: Guid(cad9e1c02dca6d94884dc2b411fa3262) Importer(2089858483,b0f066a214c2f5e87bad3c948f4d605d)
Start importing Assets/YandexGame/ScriptsYG/Language/LangYGAdditionalText.cs using Guid(cad9e1c02dca6d94884dc2b411fa3262) Importer(2089858483,b0f066a214c2f5e87bad3c948f4d605d) (ScriptedImporter) -> (Import Result ID: '52fd7c4f4e9d2ae64afa9af84035b8a4') in 0.0312104 seconds [static and dynamic dependencies]. Details - ImportResultOutputID=86b52ab1bb8052c2ce5de30adf990f70 DependenciesID=b6fe91093768b9aac481f4d3175636b7 StaticDependenciesID=6894a2ff9bb9885d5a14b7f62958d5f7 
Number of updated asset objects reloaded before import = 0Number of asset objects unloaded after import = 0

========================================================================
Received Import Request.
  Time since last request: 0.000048 seconds.
  path: Assets/YandexGame/ScriptsYG/Storage/Storage_yg.cs
  importAddress: Guid(17cbcd17e2fa5ab4ba90655d62224fc3) Importer(2089858483,b0f066a214c2f5e87bad3c948f4d605d)
Start importing Assets/YandexGame/ScriptsYG/Storage/Storage_yg.cs using Guid(17cbcd17e2fa5ab4ba90655d62224fc3) Importer(2089858483,b0f066a214c2f5e87bad3c948f4d605d) (ScriptedImporter) -> (Import Result ID: '0fdbbb40ae9df624581ff2e3a2ff1317') in 0.0458554 seconds [static and dynamic dependencies]. Details - ImportResultOutputID=b15346e75223a254afc83c1974813b5e DependenciesID=204ef98bc5eb1810e5f008023fd11b22 StaticDependenciesID=aaa43a612bdf9bd40538458d83bdaded 
Number of updated asset objects reloaded before import = 0Number of asset objects unloaded after import = 0

========================================================================
Received Import Request.
  Time since last request: 0.000031 seconds.
  path: Assets/YandexGame/ScriptsYG/Authorization/Plugins/Auth.jslib
  importAddress: Guid(36f934350d0e92448a0f1e7b62c00341) Importer(2089858483,b0f066a214c2f5e87bad3c948f4d605d)
Start importing Assets/YandexGame/ScriptsYG/Authorization/Plugins/Auth.jslib using Guid(36f934350d0e92448a0f1e7b62c00341) Importer(2089858483,b0f066a214c2f5e87bad3c948f4d605d) (ScriptedImporter) -> (Import Result ID: 'a6923b0f5ac442e6554b12e169c4a3b8') in 0.0301213 seconds [static and dynamic dependencies]. Details - ImportResultOutputID=8a80696f6307177a708c2470b471e821 DependenciesID=d325400296ffb548f822ede292f3a3dd StaticDependenciesID=eeb7b8c3dfac17975ddc1a20e4fa73b1 
Number of updated asset objects reloaded before import = 0Number of asset objects unloaded after import = 0

========================================================================
Received Import Request.
  Time since last request: 0.000119 seconds.
  path: Assets/YandexGame/ScriptsYG/EnvironmentData/Plugins/EnvirData.jslib
  importAddress: Guid(479042b7e7549ea4aba3897695c5f9d0) Importer(2089858483,b0f066a214c2f5e87bad3c948f4d605d)
Start importing Assets/YandexGame/ScriptsYG/EnvironmentData/Plugins/EnvirData.jslib using Guid(479042b7e7549ea4aba3897695c5f9d0) Importer(2089858483,b0f066a214c2f5e87bad3c948f4d605d) (ScriptedImporter) -> (Import Result ID: 'bf656bc152f62f91baa1c4f650b95a7e') in 0.0282689 seconds [static and dynamic dependencies]. Details - ImportResultOutputID=9a1c9b7af229ea7e1caa470041eac8b2 DependenciesID=1fc2dbaea5fbb2729e3b697972396f41 StaticDependenciesID=46eff6610d5d5944bd3033453a6e6b4b 
Number of updated asset objects reloaded before import = 0Number of asset objects unloaded after import = 0

========================================================================
Received Import Request.
  Time since last request: 0.000045 seconds.
  path: Assets/YandexGame/ScriptsYG/Editor/PostProcessBuild/BuildLog.cs
  importAddress: Guid(41b17c27a545bc242951b1f605e78ae1) Importer(2089858483,b0f066a214c2f5e87bad3c948f4d605d)
Start importing Assets/YandexGame/ScriptsYG/Editor/PostProcessBuild/BuildLog.cs using Guid(41b17c27a545bc242951b1f605e78ae1) Importer(2089858483,b0f066a214c2f5e87bad3c948f4d605d) (ScriptedImporter) -> (Import Result ID: '73a2d4d1d03ca38a72f4823067dad49c') in 0.0283844 seconds [static and dynamic dependencies]. Details - ImportResultOutputID=c100c0254be72595018f8079cacd7549 DependenciesID=885d2588f8811085aa5df3e2f5f80b47 StaticDependenciesID=235ac375f77eb6a94c6c26a1b42e893f 
Number of updated asset objects reloaded before import = 0Number of asset objects unloaded after import = 0

========================================================================
Received Import Request.
  Time since last request: 0.000028 seconds.
  path: Assets/TextMesh Pro/Examples & Extras/Textures/Wipe Pattern - Radial Quad.psd
  importAddress: Guid(2b5e9ae96c5644d8bae932f8b4ca68a2) Importer(2089858483,b0f066a214c2f5e87bad3c948f4d605d)
Start importing Assets/TextMesh Pro/Examples & Extras/Textures/Wipe Pattern - Radial Quad.psd using Guid(2b5e9ae96c5644d8bae932f8b4ca68a2) Importer(2089858483,b0f066a214c2f5e87bad3c948f4d605d) (ScriptedImporter) -> (Import Result ID: 'c6fbc50f6af49dd5e1064befd28dc468') in 0.0524435 seconds [static and dynamic dependencies]. Details - ImportResultOutputID=1b00fcee525da90c6e3199711ab77c68 DependenciesID=9de19507b1c24726f5f57db861097811 StaticDependenciesID=8f073c2a2382046ed06a3302d7f3272e 
Number of updated asset objects reloaded before import = 0Number of asset objects unloaded after import = 1

========================================================================
Received Import Request.
  Time since last request: 0.000033 seconds.
  path: Assets/YandexGame/ScriptsYG/Leaderboards/InternalScripts/UtilsLB.cs
  importAddress: Guid(b0c03e5aaed517748a16d944115fccc9) Importer(2089858483,b0f066a214c2f5e87bad3c948f4d605d)
Start importing Assets/YandexGame/ScriptsYG/Leaderboards/InternalScripts/UtilsLB.cs using Guid(b0c03e5aaed517748a16d944115fccc9) Importer(2089858483,b0f066a214c2f5e87bad3c948f4d605d) (ScriptedImporter) -> (Import Result ID: '12431e0d62e28ceed1d22c0c33e6a202') in 0.0345641 seconds [static and dynamic dependencies]. Details - ImportResultOutputID=7c1f532b37d8f23474ebc988b140d662 DependenciesID=dcba8f793d8b14e2a03144216f1af291 StaticDependenciesID=dbfb512abe5651356466cc61e524193f 
Number of updated asset objects reloaded before import = 0Number of asset objects unloaded after import = 0

========================================================================
Received Import Request.
  Time since last request: 0.000048 seconds.
  path: Assets/YandexGame/ScriptsYG/Language/Editor/CSVManager.cs
  importAddress: Guid(f107992ca6094084a98d8a892e6c1207) Importer(2089858483,b0f066a214c2f5e87bad3c948f4d605d)
Start importing Assets/YandexGame/ScriptsYG/Language/Editor/CSVManager.cs using Guid(f107992ca6094084a98d8a892e6c1207) Importer(2089858483,b0f066a214c2f5e87bad3c948f4d605d) (ScriptedImporter) -> (Import Result ID: '8f6d4b72adeca9ef39769f064a15d3eb') in 0.0342007 seconds [static and dynamic dependencies]. Details - ImportResultOutputID=9b531d35580b4aa0dbc7d5d1c7e12c6d DependenciesID=b86d6fab594ab364c8de114a0efe4b87 StaticDependenciesID=a6e3d4368f8d4f22a5d4a7eccc71a41c 
Number of updated asset objects reloaded before import = 0Number of asset objects unloaded after import = 0

========================================================================
Received Import Request.
  Time since last request: 0.000032 seconds.
  path: Assets/TextMesh Pro/Examples & Extras/Resources/Fonts & Materials/Bangers SDF Logo.mat
  importAddress: Guid(f4e195ac1e204eff960149d1cb34e18c) Importer(2089858483,b0f066a214c2f5e87bad3c948f4d605d)
Start importing Assets/TextMesh Pro/Examples & Extras/Resources/Fonts & Materials/Bangers SDF Logo.mat using Guid(f4e195ac1e204eff960149d1cb34e18c) Importer(2089858483,b0f066a214c2f5e87bad3c948f4d605d) (ScriptedImporter) -> (Import Result ID: '052dec1b188c83d57252bf3c54c6a56b') in 0.0702583 seconds [static and dynamic dependencies]. Details - ImportResultOutputID=d2055c2aeba3a5f60258bae62f0d1930 DependenciesID=e0c89ad956253ce5989317209e1e19a3 StaticDependenciesID=39037423b12da3f6a221630b088b1928 
Number of updated asset objects reloaded before import = 0Number of asset objects unloaded after import = 4

========================================================================
Received Import Request.
  Time since last request: 0.000041 seconds.
  path: Assets/YandexGame/ScriptsYG/Editor/PostProcessBuild/ModifyIndexFile/BackgroundFormat.cs
  importAddress: Guid(aad2b8c333346804483bd07aa5d42380) Importer(2089858483,b0f066a214c2f5e87bad3c948f4d605d)
Start importing Assets/YandexGame/ScriptsYG/Editor/PostProcessBuild/ModifyIndexFile/BackgroundFormat.cs using Guid(aad2b8c333346804483bd07aa5d42380) Importer(2089858483,b0f066a214c2f5e87bad3c948f4d605d) (ScriptedImporter) -> (Import Result ID: '79c92f6a8b6028b8fb1562f4b0e24e07') in 0.0292043 seconds [static and dynamic dependencies]. Details - ImportResultOutputID=175604b1886a5141f67ea45a2f67bbac DependenciesID=fc2c2e194d02c529c05b1fb1ecc398ae StaticDependenciesID=88e39f3d63d606ad74fcafa00f345c59 
Number of updated asset objects reloaded before import = 0Number of asset objects unloaded after import = 0

========================================================================
Received Import Request.
  Time since last request: 0.000056 seconds.
  path: Assets/YandexGame/ScriptsYG/Editor/PostProcessBuild/ModifyIndexFile/AdWhenLoadingGame.cs
  importAddress: Guid(5f42895cd7404fd4a938788acba51372) Importer(2089858483,b0f066a214c2f5e87bad3c948f4d605d)
Start importing Assets/YandexGame/ScriptsYG/Editor/PostProcessBuild/ModifyIndexFile/AdWhenLoadingGame.cs using Guid(5f42895cd7404fd4a938788acba51372) Importer(2089858483,b0f066a214c2f5e87bad3c948f4d605d) (ScriptedImporter) -> (Import Result ID: '5ae9c93f0b00d20399d13392b67acd3b') in 0.0327686 seconds [static and dynamic dependencies]. Details - ImportResultOutputID=b3dca484c1600b471ac683c1c118653c DependenciesID=9980f3be0957aa9a17a0984aace14bff StaticDependenciesID=266fe931d1832ce423cdf7d868884d40 
Number of updated asset objects reloaded before import = 0Number of asset objects unloaded after import = 0

========================================================================
Received Import Request.
  Time since last request: 0.000040 seconds.
  path: Assets/YandexGame/ScriptsYG/Editor/PostProcessBuild/ModifyIndexFile/BuildLogYG.txt
  importAddress: Guid(4374714dcc9da834f9347582285bcb39) Importer(2089858483,b0f066a214c2f5e87bad3c948f4d605d)
Start importing Assets/YandexGame/ScriptsYG/Editor/PostProcessBuild/ModifyIndexFile/BuildLogYG.txt using Guid(4374714dcc9da834f9347582285bcb39) Importer(2089858483,b0f066a214c2f5e87bad3c948f4d605d) (ScriptedImporter) -> (Import Result ID: '9b7140378f80bb5e9c48713b1eb9782b') in 0.0511298 seconds [static and dynamic dependencies]. Details - ImportResultOutputID=d52b42303dec71ec874ab9b317e1afe7 DependenciesID=946ff4459efac6c3a855a6391a174141 StaticDependenciesID=0905da50130ef64cd61bf4061cd78a80 
Number of updated asset objects reloaded before import = 0Number of asset objects unloaded after import = 1

========================================================================
Received Import Request.
  Time since last request: 0.000039 seconds.
  path: Assets/YandexGame/ScriptsYG/Editor/PostProcessBuild/ModifyIndexFile/MetricaDonor.html
  importAddress: Guid(b77bfc70153c2044982ff2f41728dab0) Importer(2089858483,b0f066a214c2f5e87bad3c948f4d605d)
Start importing Assets/YandexGame/ScriptsYG/Editor/PostProcessBuild/ModifyIndexFile/MetricaDonor.html using Guid(b77bfc70153c2044982ff2f41728dab0) Importer(2089858483,b0f066a214c2f5e87bad3c948f4d605d) (ScriptedImporter) -> (Import Result ID: 'e02e12e998a86965a2e6c5fa0c1b1923') in 0.1060744 seconds [static and dynamic dependencies]. Details - ImportResultOutputID=2e135eed1b6f6fcd5bee7674351c0f9b DependenciesID=5ccf4d08dd167e714c6b09f33d819297 StaticDependenciesID=a0c9f91655368961504af7f2681d72c9 
Number of updated asset objects reloaded before import = 0Number of asset objects unloaded after import = 1

========================================================================
Received Import Request.
  Time since last request: 0.000046 seconds.
  path: Assets/YandexGame/ScriptsYG/Payments/PaymentsCatalogYG.cs
  importAddress: Guid(9a35768dbfb09d34fb34c9f9a5f54f7a) Importer(2089858483,b0f066a214c2f5e87bad3c948f4d605d)
Start importing Assets/YandexGame/ScriptsYG/Payments/PaymentsCatalogYG.cs using Guid(9a35768dbfb09d34fb34c9f9a5f54f7a) Importer(2089858483,b0f066a214c2f5e87bad3c948f4d605d) (ScriptedImporter) -> (Import Result ID: '7fc3de9c1ae416d944996d7bfa4ad7a4') in 0.0323936 seconds [static and dynamic dependencies]. Details - ImportResultOutputID=43d823081d76a1e84c112c847773af69 DependenciesID=b1aeaa44fc73f3bc875e8f03e1913e9b StaticDependenciesID=b5a1366ce2ce808e8f9fe98eaa43ff56 
Number of updated asset objects reloaded before import = 0Number of asset objects unloaded after import = 0

========================================================================
Received Import Request.
  Time since last request: 0.000025 seconds.
  path: Assets/YandexGame/Example/Scenes/ExampleYG_Two/LightingData.asset
  importAddress: Guid(291ef8d1741f07247bdef5fad7c1d3ff) Importer(2089858483,b0f066a214c2f5e87bad3c948f4d605d)
Start importing Assets/YandexGame/Example/Scenes/ExampleYG_Two/LightingData.asset using Guid(291ef8d1741f07247bdef5fad7c1d3ff) Importer(2089858483,b0f066a214c2f5e87bad3c948f4d605d) (ScriptedImporter) -> (Import Result ID: '25d0047b0045b99a9309ab8567ae96cc') in 0.0717484 seconds [static and dynamic dependencies]. Details - ImportResultOutputID=74f8a248b5bf63560f71d386b5fb0d44 DependenciesID=2b740fd765e9106f6aad03972addae46 StaticDependenciesID=5f9dcdc50315b09ba4569decc5921f35 
Number of updated asset objects reloaded before import = 0Number of asset objects unloaded after import = 2

========================================================================
Received Import Request.
  Time since last request: 0.000031 seconds.
  path: Assets/YandexGame/ScriptsYG/ActivityOnAuthorizationYG.cs
  importAddress: Guid(2c28dfb5072c53b45b9cf0382629a235) Importer(2089858483,b0f066a214c2f5e87bad3c948f4d605d)
Start importing Assets/YandexGame/ScriptsYG/ActivityOnAuthorizationYG.cs using Guid(2c28dfb5072c53b45b9cf0382629a235) Importer(2089858483,b0f066a214c2f5e87bad3c948f4d605d) (ScriptedImporter) -> (Import Result ID: 'e0f7267982b36cc0ccf2bfeb39f40984') in 0.0283348 seconds [static and dynamic dependencies]. Details - ImportResultOutputID=47d9bc542b80e25b647ae14abaaf6cf1 DependenciesID=f94809dbe794f7eadde289e452f16d6b StaticDependenciesID=8353b95a2bd59a288a33e8cea68ab6a4 
Number of updated asset objects reloaded before import = 0Number of asset objects unloaded after import = 0

========================================================================
Received Import Request.
  Time since last request: 0.000042 seconds.
  path: Assets/YandexGame/ScriptsYG/Leaderboards/Editor/Leaderboards_js.js
  importAddress: Guid(8db9b444acdba894fa2f81308c3d79d5) Importer(2089858483,b0f066a214c2f5e87bad3c948f4d605d)
Start importing Assets/YandexGame/ScriptsYG/Leaderboards/Editor/Leaderboards_js.js using Guid(8db9b444acdba894fa2f81308c3d79d5) Importer(2089858483,b0f066a214c2f5e87bad3c948f4d605d) (ScriptedImporter) -> (Import Result ID: 'abf91942e5fa8ee341b2e2400cf73c19') in 0.0289336 seconds [static and dynamic dependencies]. Details - ImportResultOutputID=689b16f9ffd80474dec71a7ecf6053b0 DependenciesID=555e043baa1e656e6d86920761067bde StaticDependenciesID=72468e316b605cae91ac2e316e6729a1 
Number of updated asset objects reloaded before import = 0Number of asset objects unloaded after import = 1

========================================================================
Received Import Request.
  Time since last request: 0.000024 seconds.
  path: Assets/WebGLTemplates/PluginYG/style.css
  importAddress: Guid(ac417be406a59a340bf7df6a62945424) Importer(2089858483,b0f066a214c2f5e87bad3c948f4d605d)
Start importing Assets/WebGLTemplates/PluginYG/style.css using Guid(ac417be406a59a340bf7df6a62945424) Importer(2089858483,b0f066a214c2f5e87bad3c948f4d605d) (ScriptedImporter) -> (Import Result ID: '1832a5d9e8de27b311854e835d9853e5') in 0.0284666 seconds [static and dynamic dependencies]. Details - ImportResultOutputID=6ae86f8b936b7c8a421ad00a5f24ba2d DependenciesID=b8e96c2cbd21ec55b9a90744be0a287f StaticDependenciesID=4ca2d225e36430b9b840cec5204baf34 
Number of updated asset objects reloaded before import = 0Number of asset objects unloaded after import = 1

========================================================================
Received Import Request.
  Time since last request: 0.000033 seconds.
  path: Assets/NumberButton.cs
  importAddress: Guid(95f3309557ab1164d87c171c80236c06) Importer(2089858483,b0f066a214c2f5e87bad3c948f4d605d)
Start importing Assets/NumberButton.cs using Guid(95f3309557ab1164d87c171c80236c06) Importer(2089858483,b0f066a214c2f5e87bad3c948f4d605d) (ScriptedImporter) -> (Import Result ID: '48d0401e086c514599777ea35e04ea8b') in 0.0274944 seconds [static and dynamic dependencies]. Details - ImportResultOutputID=769b31908267e0107701c487ee72bc4d DependenciesID=cc82f7c9d09c9982f8ab1f3b3886f168 StaticDependenciesID=6feafc756cb890e92b569756aafe2f2e 
Number of updated asset objects reloaded before import = 0Number of asset objects unloaded after import = 0

========================================================================
Received Import Request.
  Time since last request: 0.000055 seconds.
  path: Assets/Inventory.cs
  importAddress: Guid(6e4124d286f7cc24b84fa5e5ae3563db) Importer(2089858483,b0f066a214c2f5e87bad3c948f4d605d)
Start importing Assets/Inventory.cs using Guid(6e4124d286f7cc24b84fa5e5ae3563db) Importer(2089858483,b0f066a214c2f5e87bad3c948f4d605d) (ScriptedImporter) -> (Import Result ID: '05f13d7a23118a0674a88dca4510228c') in 0.0244917 seconds [static and dynamic dependencies]. Details - ImportResultOutputID=87260dc9bd88fb61e4fe8dd92a413070 DependenciesID=2a8aa5d078eda1fc0a646c4dfa68f81c StaticDependenciesID=13e720b21e43d395e4c135eb50772f10 
Number of updated asset objects reloaded before import = 0Number of asset objects unloaded after import = 0

========================================================================
Received Import Request.
  Time since last request: 0.000029 seconds.
  path: Assets/TextMesh Pro/Examples & Extras/Scenes/07 - Superscript & Subscript Example.unity
  importAddress: Guid(03ec435d4b7140e9b2d87f79136d8374) Importer(2089858483,b0f066a214c2f5e87bad3c948f4d605d)
Start importing Assets/TextMesh Pro/Examples & Extras/Scenes/07 - Superscript & Subscript Example.unity using Guid(03ec435d4b7140e9b2d87f79136d8374) Importer(2089858483,b0f066a214c2f5e87bad3c948f4d605d) (ScriptedImporter) -> (Import Result ID: '29e8002c146c8ef471be09121f0eca52') in 0.0538786 seconds [static and dynamic dependencies]. Details - ImportResultOutputID=ba4df28bdd5d0cf03cd13a0eeff65daf DependenciesID=251a459c469a84e2cd72bb3963c3f15d StaticDependenciesID=68abe86ba8a8b662b09f4b37f7dc24b2 
Number of updated asset objects reloaded before import = 0Number of asset objects unloaded after import = 1

========================================================================
Received Import Request.
  Time since last request: 0.000031 seconds.
  path: Assets/TextMesh Pro/Examples & Extras/Scenes/24 - Surface Shader Example.unity
  importAddress: Guid(8c4969fd8ba94a68b07cf11f3e7a5137) Importer(2089858483,b0f066a214c2f5e87bad3c948f4d605d)
Start importing Assets/TextMesh Pro/Examples & Extras/Scenes/24 - Surface Shader Example.unity using Guid(8c4969fd8ba94a68b07cf11f3e7a5137) Importer(2089858483,b0f066a214c2f5e87bad3c948f4d605d) (ScriptedImporter) -> (Import Result ID: '19d6e73dfd44ece08131908542c119bb') in 0.0645241 seconds [static and dynamic dependencies]. Details - ImportResultOutputID=89717dcabfbecb66565ce6c10960295b DependenciesID=c9d796a21397a2fa34ccad652a6e59ce StaticDependenciesID=529f986e9de9d0043da5469d66ec1711 
Number of updated asset objects reloaded before import = 0Number of asset objects unloaded after import = 1

========================================================================
Received Import Request.
  Time since last request: 0.000045 seconds.
  path: Assets/TextMesh Pro/Examples & Extras/Textures/Sunny Days - Seamless.jpg
  importAddress: Guid(17c350171f7a3ca479f830547c66d187) Importer(2089858483,b0f066a214c2f5e87bad3c948f4d605d)
Start importing Assets/TextMesh Pro/Examples & Extras/Textures/Sunny Days - Seamless.jpg using Guid(17c350171f7a3ca479f830547c66d187) Importer(2089858483,b0f066a214c2f5e87bad3c948f4d605d) (ScriptedImporter) -> (Import Result ID: 'f8a42d524e3a916be9366855fa95cc1f') in 0.0343529 seconds [static and dynamic dependencies]. Details - ImportResultOutputID=d8e0cb1181c1a84d81d7bdc2bab662ba DependenciesID=aaff1f77ebe39288f6e5d8c74201f042 StaticDependenciesID=112e1252efce2b05baa47d16e00acca8 
Number of updated asset objects reloaded before import = 0Number of asset objects unloaded after import = 1

========================================================================
Received Import Request.
  Time since last request: 0.000023 seconds.
  path: Assets/TextMesh Pro/Examples & Extras/Fonts/Roboto-Bold - AFL.txt
  importAddress: Guid(f28c334d44214474d9702d3ad79ecb0a) Importer(2089858483,b0f066a214c2f5e87bad3c948f4d605d)
Start importing Assets/TextMesh Pro/Examples & Extras/Fonts/Roboto-Bold - AFL.txt using Guid(f28c334d44214474d9702d3ad79ecb0a) Importer(2089858483,b0f066a214c2f5e87bad3c948f4d605d) (ScriptedImporter) -> (Import Result ID: 'e5fc115f523bad872ec07c70f4dfa547') in 0.0494342 seconds [static and dynamic dependencies]. Details - ImportResultOutputID=e458253ccd20ac86618cda8b98401956 DependenciesID=53a132cd74e455582f5e2d3d5e5616e9 StaticDependenciesID=3b2dbbd035bb0fafe1ef4a3d9ec284ab 
Number of updated asset objects reloaded before import = 0Number of asset objects unloaded after import = 1

========================================================================
Received Import Request.
  Time since last request: 0.000041 seconds.
  path: Assets/TextMesh Pro/Examples & Extras/Textures/Mask Zig-n-Zag.psd
  importAddress: Guid(bb8dfcd263ad4eb383a33d74a720be6f) Importer(2089858483,b0f066a214c2f5e87bad3c948f4d605d)
Start importing Assets/TextMesh Pro/Examples & Extras/Textures/Mask Zig-n-Zag.psd using Guid(bb8dfcd263ad4eb383a33d74a720be6f) Importer(2089858483,b0f066a214c2f5e87bad3c948f4d605d) (ScriptedImporter) -> (Import Result ID: '724ea74dbc9a23b90aa9b02ef745bc92') in 0.0540644 seconds [static and dynamic dependencies]. Details - ImportResultOutputID=b2f54a402f4829386050244b74e1feef DependenciesID=f19d32d87039bcca987bfec9a941a81b StaticDependenciesID=f5264ec3ffc20c693727896236641e84 
Number of updated asset objects reloaded before import = 0Number of asset objects unloaded after import = 1

========================================================================
Received Import Request.
  Time since last request: 0.000049 seconds.
  path: Assets/TextMesh Pro/Shaders/TMP_SDF SSD.shader
  importAddress: Guid(14eb328de4b8eb245bb7cea29e4ac00b) Importer(2089858483,b0f066a214c2f5e87bad3c948f4d605d)
Start importing Assets/TextMesh Pro/Shaders/TMP_SDF SSD.shader using Guid(14eb328de4b8eb245bb7cea29e4ac00b) Importer(2089858483,b0f066a214c2f5e87bad3c948f4d605d) (ScriptedImporter) -> (Import Result ID: '2ec4d66a7a6fefffae79ce5f787a2333') in 0.0291874 seconds [static and dynamic dependencies]. Details - ImportResultOutputID=c07b8bf30215c92f8cd6ece3bc253f4f DependenciesID=c7bccd31c37afd7d4cd6101990869786 StaticDependenciesID=bb6ef00354f6778039c0c06cdd96860e 
Number of updated asset objects reloaded before import = 0Number of asset objects unloaded after import = 1

========================================================================
Received Import Request.
  Time since last request: 0.000027 seconds.
  path: Assets/TextMesh Pro/Examples & Extras/Fonts/Anton.ttf
  importAddress: Guid(997a43b767814dd0a7642ec9b78cba41) Importer(2089858483,b0f066a214c2f5e87bad3c948f4d605d)
Start importing Assets/TextMesh Pro/Examples & Extras/Fonts/Anton.ttf using Guid(997a43b767814dd0a7642ec9b78cba41) Importer(2089858483,b0f066a214c2f5e87bad3c948f4d605d) (ScriptedImporter) -> (Import Result ID: '675616efc1038323cdff535f57225b6f') in 0.0547183 seconds [static and dynamic dependencies]. Details - ImportResultOutputID=27bd1b41cd59f60f42b80c174dd17132 DependenciesID=9bb7653da9a9593800a081fc6253a009 StaticDependenciesID=ec096214fa32972f5045b2785c8c39a8 
Number of updated asset objects reloaded before import = 0Number of asset objects unloaded after import = 3

========================================================================
Received Import Request.
  Time since last request: 0.000093 seconds.
  path: Assets/YandexGame/Example/Content/Textures/DebugViewingRender.renderTexture
  importAddress: Guid(4d24706698c829a46a56d8fa7d7b21c2) Importer(2089858483,b0f066a214c2f5e87bad3c948f4d605d)
Start importing Assets/YandexGame/Example/Content/Textures/DebugViewingRender.renderTexture using Guid(4d24706698c829a46a56d8fa7d7b21c2) Importer(2089858483,b0f066a214c2f5e87bad3c948f4d605d) (ScriptedImporter) -> (Import Result ID: 'a2287edb9ef63d2698a525a7a06853b7') in 0.0778627 seconds [static and dynamic dependencies]. Details - ImportResultOutputID=e4dd1e8e898b8278b6fedf597534d9ab DependenciesID=92646653c7bedc15409bc1f3d1e79392 StaticDependenciesID=7d9c9bdfb26b0d4a1b8164d23863ffb3 
Number of updated asset objects reloaded before import = 0Number of asset objects unloaded after import = 1

========================================================================
Received Import Request.
  Time since last request: 0.000050 seconds.
  path: Assets/TextMesh Pro/Shaders/TMP_SDF Overlay.shader
  importAddress: Guid(dd89cf5b9246416f84610a006f916af7) Importer(2089858483,b0f066a214c2f5e87bad3c948f4d605d)
Start importing Assets/TextMesh Pro/Shaders/TMP_SDF Overlay.shader using Guid(dd89cf5b9246416f84610a006f916af7) Importer(2089858483,b0f066a214c2f5e87bad3c948f4d605d) (ScriptedImporter) -> (Import Result ID: 'b8a880cefa97a67ded2872d0d6a759d8') in 0.0318722 seconds [static and dynamic dependencies]. Details - ImportResultOutputID=811f58cb5769428dc92275384e761198 DependenciesID=ddddc706bfb730b0338410d00292d73e StaticDependenciesID=69a919ac527c43f7a91cb599ed3bdd4e 
Number of updated asset objects reloaded before import = 0Number of asset objects unloaded after import = 1

========================================================================
Received Import Request.
  Time since last request: 0.000026 seconds.
  path: Assets/YandexGame/ScriptsYG/LocalStorage/LocalStorage_yg.cs
  importAddress: Guid(35df5d2532a7ef2489a47cf39a04faa6) Importer(2089858483,b0f066a214c2f5e87bad3c948f4d605d)
Start importing Assets/YandexGame/ScriptsYG/LocalStorage/LocalStorage_yg.cs using Guid(35df5d2532a7ef2489a47cf39a04faa6) Importer(2089858483,b0f066a214c2f5e87bad3c948f4d605d) (ScriptedImporter) -> (Import Result ID: 'f0b4a562c2f1cd3d0b23f34a9746b01f') in 0.0256061 seconds [static and dynamic dependencies]. Details - ImportResultOutputID=dfa6aec611cde3beb04d77b90bd7afe2 DependenciesID=b2ad11f86d8af1fbe3b38eea474da340 StaticDependenciesID=84f3a8d7f4ae3f60ad9de1d729f462be 
Number of updated asset objects reloaded before import = 0Number of asset objects unloaded after import = 0

========================================================================
Received Import Request.
  Time since last request: 0.000031 seconds.
  path: Assets/TextMesh Pro/Examples & Extras/Resources/Fonts & Materials/Anton SDF.asset
  importAddress: Guid(8a89fa14b10d46a99122fd4f73fca9a2) Importer(2089858483,b0f066a214c2f5e87bad3c948f4d605d)
Start importing Assets/TextMesh Pro/Examples & Extras/Resources/Fonts & Materials/Anton SDF.asset using Guid(8a89fa14b10d46a99122fd4f73fca9a2) Importer(2089858483,b0f066a214c2f5e87bad3c948f4d605d) (ScriptedImporter) -> (Import Result ID: 'b9f80c602f355df62ebe547ced8b902b') in 0.0476044 seconds [static and dynamic dependencies]. Details - ImportResultOutputID=ee47ed0084dc7be26b2b98f348c2417d DependenciesID=8abf7f40439c960b103db21f11aaf009 StaticDependenciesID=c00528fb45bc7562b23c2110239290a9 
Number of updated asset objects reloaded before import = 0Number of asset objects unloaded after import = 5

========================================================================
Received Import Request.
  Time since last request: 0.000053 seconds.
  path: Assets/TextMesh Pro/Shaders/TMP_Bitmap.shader
  importAddress: Guid(128e987d567d4e2c824d754223b3f3b0) Importer(2089858483,b0f066a214c2f5e87bad3c948f4d605d)
Start importing Assets/TextMesh Pro/Shaders/TMP_Bitmap.shader using Guid(128e987d567d4e2c824d754223b3f3b0) Importer(2089858483,b0f066a214c2f5e87bad3c948f4d605d) (ScriptedImporter) -> (Import Result ID: 'c50157671d5772c5ed4d751dfa00b9bf') in 0.0320792 seconds [static and dynamic dependencies]. Details - ImportResultOutputID=f2b2d0c9061cf3926682188bb02899a4 DependenciesID=3e61b88fc46bbb3b1a5bf10d33c716c4 StaticDependenciesID=ad778ef7e3f74e02581f72d92c79cb0b 
Number of updated asset objects reloaded before import = 0Number of asset objects unloaded after import = 1

========================================================================
Received Import Request.
  Time since last request: 0.000035 seconds.
  path: Assets/TextMesh Pro/Sprites/EmojiOne.json
  importAddress: Guid(8f05276190cf498a8153f6cbe761d4e6) Importer(2089858483,b0f066a214c2f5e87bad3c948f4d605d)
Start importing Assets/TextMesh Pro/Sprites/EmojiOne.json using Guid(8f05276190cf498a8153f6cbe761d4e6) Importer(2089858483,b0f066a214c2f5e87bad3c948f4d605d) (ScriptedImporter) -> (Import Result ID: 'd6a8de22ea448c738fd9c1590db0ee95') in 0.0462233 seconds [static and dynamic dependencies]. Details - ImportResultOutputID=ba12e3692300efceb09bcb624084a8db DependenciesID=f8de1c1cca7a3064cb2f6594c0a4857d StaticDependenciesID=1f147e9d775d7e1ddaea36a8cef5f9a1 
Number of updated asset objects reloaded before import = 0Number of asset objects unloaded after import = 1

========================================================================
Received Import Request.
  Time since last request: 0.000049 seconds.
  path: Assets/TextMesh Pro/Examples & Extras/Scenes/06 - Extra Rich Text Examples.unity
  importAddress: Guid(39a1fa96ad2a449b908fca29d4297a74) Importer(2089858483,b0f066a214c2f5e87bad3c948f4d605d)
Start importing Assets/TextMesh Pro/Examples & Extras/Scenes/06 - Extra Rich Text Examples.unity using Guid(39a1fa96ad2a449b908fca29d4297a74) Importer(2089858483,b0f066a214c2f5e87bad3c948f4d605d) (ScriptedImporter) -> (Import Result ID: 'ec2a594f7d150685554141f209e14a21') in 0.0571373 seconds [static and dynamic dependencies]. Details - ImportResultOutputID=3ffe162508c8b0161ba2fc2c00ac18be DependenciesID=99792403be8d31145c3f452891d7d1ec StaticDependenciesID=bcc003b8af3ede96d2bd52c263a73628 
Number of updated asset objects reloaded before import = 0Number of asset objects unloaded after import = 1

========================================================================
Received Import Request.
  Time since last request: 20.760203 seconds.
  path: Assets/Animation/Barber/Idle/Barber.png
  importAddress: Guid(50323c14a5132e040ad6910ec9e6be6e) Importer(815301076,1909f56bfc062723c751e8b465ee728b)
Start importing Assets/Animation/Barber/Idle/Barber.png using Guid(50323c14a5132e040ad6910ec9e6be6e) Importer(815301076,1909f56bfc062723c751e8b465ee728b) (PreviewImporter) -> (Import Result ID: '999257f34113f7503ad5c7b5c505be6e') in 0.0839806 seconds [static and dynamic dependencies]. Details - ImportResultOutputID=fee62b5dee3f83c978c307a3eef8f571 DependenciesID=f4cca8eb0e4b87fdf81540d36c15e17f StaticDependenciesID=37aaddc180fb4c8fbb73fdb9e110786b 
Number of updated asset objects reloaded before import = 0Number of asset objects unloaded after import = 3

========================================================================
Received Prepare
Begin MonoManager ReloadAssembly
[Licensing::Client] Successfully resolved entitlement details
Assembly Assembly-CSharp-Editor-firstpass.dll at Library/ScriptAssemblies/Assembly-CSharp-Editor-firstpass.dll not valid. Loading of assembly skipped.
Assembly Assembly-CSharp-firstpass.dll at Library/ScriptAssemblies/Assembly-CSharp-firstpass.dll not valid. Loading of assembly skipped.
Assembly DocCodeExamples.dll at Library/ScriptAssemblies/DocCodeExamples.dll not valid. Loading of assembly skipped.
Assembly TestNewCustomAssembly.dll at Library/ScriptAssemblies/TestNewCustomAssembly.dll not valid. Loading of assembly skipped.
Assembly Unity.2D.Animation.EditorTests.dll at Library/ScriptAssemblies/Unity.2D.Animation.EditorTests.dll not valid. Loading of assembly skipped.
Assembly Unity.2D.Aseprite.EditorTests.dll at Library/ScriptAssemblies/Unity.2D.Aseprite.EditorTests.dll not valid. Loading of assembly skipped.
Assembly Unity.2D.Common.EditorTests.dll at Library/ScriptAssemblies/Unity.2D.Common.EditorTests.dll not valid. Loading of assembly skipped.
Assembly Unity.2D.PixelPerfect.Editor.Tests.dll at Library/ScriptAssemblies/Unity.2D.PixelPerfect.Editor.Tests.dll not valid. Loading of assembly skipped.
Assembly Unity.2D.Psdimporter.EditorTests.dll at Library/ScriptAssemblies/Unity.2D.Psdimporter.EditorTests.dll not valid. Loading of assembly skipped.
Assembly Unity.2D.Sprite.Package.EditorTests.dll at Library/ScriptAssemblies/Unity.2D.Sprite.Package.EditorTests.dll not valid. Loading of assembly skipped.
Assembly Unity.2D.SpriteShape.EditorTests.dll at Library/ScriptAssemblies/Unity.2D.SpriteShape.EditorTests.dll not valid. Loading of assembly skipped.
Assembly Unity.2D.Tilemap.Package.EditorTests.dll at Library/ScriptAssemblies/Unity.2D.Tilemap.Package.EditorTests.dll not valid. Loading of assembly skipped.
Assembly Unity.Collections.BurstCompatibilityGen.dll at Library/ScriptAssemblies/Unity.Collections.BurstCompatibilityGen.dll not valid. Loading of assembly skipped.
Assembly Unity.Collections.DocCodeSamples.dll at Library/ScriptAssemblies/Unity.Collections.DocCodeSamples.dll not valid. Loading of assembly skipped.
Assembly Unity.Collections.PerformanceTests.dll at Library/ScriptAssemblies/Unity.Collections.PerformanceTests.dll not valid. Loading of assembly skipped.
Assembly Unity.Collections.Tests.dll at Library/ScriptAssemblies/Unity.Collections.Tests.dll not valid. Loading of assembly skipped.
Assembly Unity.Collections.Tests.Playmode.dll at Library/ScriptAssemblies/Unity.Collections.Tests.Playmode.dll not valid. Loading of assembly skipped.
Assembly Unity.InputSystem.IntegrationTests.dll at Library/ScriptAssemblies/Unity.InputSystem.IntegrationTests.dll not valid. Loading of assembly skipped.
Assembly Unity.Mathematics.Tests.dll at Library/ScriptAssemblies/Unity.Mathematics.Tests.dll not valid. Loading of assembly skipped.
Assembly Unity.Multiplayer.Center.Editor.Tests.dll at Library/ScriptAssemblies/Unity.Multiplayer.Center.Editor.Tests.dll not valid. Loading of assembly skipped.
Assembly Unity.Multiplayer.Center.Tests.dll at Library/ScriptAssemblies/Unity.Multiplayer.Center.Tests.dll not valid. Loading of assembly skipped.
Assembly Unity.Nuget.Mono-Cecil.dll at Library/ScriptAssemblies/Unity.Nuget.Mono-Cecil.dll not valid. Loading of assembly skipped.
Assembly Unity.PathTracing.Editor.Tests.dll at Library/ScriptAssemblies/Unity.PathTracing.Editor.Tests.dll not valid. Loading of assembly skipped.
Assembly Unity.PathTracing.Runtime.Tests.dll at Library/ScriptAssemblies/Unity.PathTracing.Runtime.Tests.dll not valid. Loading of assembly skipped.
Assembly Unity.RenderPipelines.Core.Editor.Tests.dll at Library/ScriptAssemblies/Unity.RenderPipelines.Core.Editor.Tests.dll not valid. Loading of assembly skipped.
Assembly Unity.RenderPipelines.Core.Runtime.Tests.dll at Library/ScriptAssemblies/Unity.RenderPipelines.Core.Runtime.Tests.dll not valid. Loading of assembly skipped.
Assembly Unity.RenderPipelines.Universal.Config.Editor.Tests.dll at Library/ScriptAssemblies/Unity.RenderPipelines.Universal.Config.Editor.Tests.dll not valid. Loading of assembly skipped.
Assembly Unity.RenderPipelines.Universal.Editor.Tests.dll at Library/ScriptAssemblies/Unity.RenderPipelines.Universal.Editor.Tests.dll not valid. Loading of assembly skipped.
Assembly Unity.RenderPipelines.Universal.Runtime.Tests.dll at Library/ScriptAssemblies/Unity.RenderPipelines.Universal.Runtime.Tests.dll not valid. Loading of assembly skipped.
Assembly Unity.Searcher.EditorTests.dll at Library/ScriptAssemblies/Unity.Searcher.EditorTests.dll not valid. Loading of assembly skipped.
Assembly Unity.ShaderGraph.Editor.Tests.dll at Library/ScriptAssemblies/Unity.ShaderGraph.Editor.Tests.dll not valid. Loading of assembly skipped.
Assembly Unity.TextMeshPro.Editor.Tests.dll at Library/ScriptAssemblies/Unity.TextMeshPro.Editor.Tests.dll not valid. Loading of assembly skipped.
Assembly Unity.TextMeshPro.Tests.dll at Library/ScriptAssemblies/Unity.TextMeshPro.Tests.dll not valid. Loading of assembly skipped.
Assembly Unity.UnifiedRayTracing.Editor.Tests.dll at Library/ScriptAssemblies/Unity.UnifiedRayTracing.Editor.Tests.dll not valid. Loading of assembly skipped.
Assembly UnityEditor.UI.Common.Tests.dll at Library/ScriptAssemblies/UnityEditor.UI.Common.Tests.dll not valid. Loading of assembly skipped.
Assembly UnityEditor.UI.EditorTests.dll at Library/ScriptAssemblies/UnityEditor.UI.EditorTests.dll not valid. Loading of assembly skipped.
Assembly UnityEngine.UI.Tests.dll at Library/ScriptAssemblies/UnityEngine.UI.Tests.dll not valid. Loading of assembly skipped.
Symbol file LoadedFromMemory is not a mono symbol file
Refreshing native plugins compatible for Editor in 2.47 ms, found 5 plugins.
Native extension for WindowsStandalone target not found
[Package Manager] Failed to launch server process. Reason: Unity was launched with the -noUpm command-line argument
[Package Manager] Unable to send message (not connected to server process).
[Package Manager] Cannot connect to Unity Package Manager local server
[Package Manager] Failed to launch server process. Reason: Unity was launched with the -noUpm command-line argument
[Package Manager] Unable to send message (not connected to server process).
[Package Manager] Cannot connect to Unity Package Manager local server
ScheduleIndexationOnStartup MainProcess:False IndexOnStartup:True
Mono: successfully reloaded assembly
- Finished resetting the current domain, in  0.773 seconds
Domain Reload Profiling: 1600ms
	BeginReloadAssembly (239ms)
		DisableScriptedObjects (22ms)
		CreateAndSetChildDomain (68ms)
	RebuildCommonClasses (32ms)
	RebuildNativeTypeToScriptingClass (9ms)
	initialDomainReloadingComplete (57ms)
	LoadAllAssembliesAndSetupDomain (489ms)
		LoadAssemblies (356ms)
		AnalyzeDomain (212ms)
			TypeCache.Refresh (10ms)
			BuildScriptInfoCaches (188ms)
			ResolveRequiredComponents (10ms)
	FinalizeReload (774ms)
		SetupLoadedEditorAssemblies (0ms)
			BeforeProcessingInitializeOnLoad (134ms)
			ProcessInitializeOnLoadAttributes (353ms)
			ProcessInitializeOnLoadMethodAttributes (93ms)
			AfterProcessingInitializeOnLoad (6ms)
		AwakeInstancesAfterBackupRestoration (30ms)
Refreshing native plugins compatible for Editor in 4.49 ms, found 5 plugins.
Unloading 24 Unused Serialized files (Serialized files now loaded: 0)
Unloading 7422 unused Assets / (5.4 MB). Loaded Objects now: 8262.
Memory consumption went from 169.9 MB to 164.5 MB.
Total: 8.521200 ms (FindLiveObjects: 0.753700 ms CreateObjectMapping: 0.602200 ms MarkObjects: 5.018600 ms  DeleteObjects: 2.144700 ms)

Prepare: number of updated asset objects reloaded= 0
========================================================================
Received Import Request.
  Time since last request: 1574.608429 seconds.
  path: Assets/Visuals/Lock.png
  importAddress: Guid(d2a090d77e0470246ba6391af05499c5) Importer(815301076,1909f56bfc062723c751e8b465ee728b)
Start importing Assets/Visuals/Lock.png using Guid(d2a090d77e0470246ba6391af05499c5) Importer(815301076,1909f56bfc062723c751e8b465ee728b) (PreviewImporter) -> (Import Result ID: 'f2ea72dfedc03589d005a59758f8eefc') in 0.0953845 seconds [static and dynamic dependencies]. Details - ImportResultOutputID=396fe975673879c1e2821fc47b8fd35f DependenciesID=72f7d27370d339a4d69cd59f02c37cd1 StaticDependenciesID=4f310b2a6af441e82e366ae30a6fcc53 
Number of updated asset objects reloaded before import = 0Number of asset objects unloaded after import = 3

========================================================================
Received Import Request.
  Time since last request: 0.000028 seconds.
  path: Assets/Visuals/rag.png
  importAddress: Guid(61e87151178b3b74680b71491a2c3662) Importer(815301076,1909f56bfc062723c751e8b465ee728b)
Start importing Assets/Visuals/rag.png using Guid(61e87151178b3b74680b71491a2c3662) Importer(815301076,1909f56bfc062723c751e8b465ee728b) (PreviewImporter) -> (Import Result ID: 'ffb5f2bdabb867e385a23407e8a3e1f9') in 0.0249003 seconds [static and dynamic dependencies]. Details - ImportResultOutputID=42529381f8a5fb267003d8beb8dbf5b9 DependenciesID=218ed606d5414e8aa82589653986d54a StaticDependenciesID=7d000e36358bcf618624f5fdd4035eab 
Number of updated asset objects reloaded before import = 0Number of asset objects unloaded after import = 3

========================================================================
Received Import Request.
  Time since last request: 0.000034 seconds.
  path: Assets/Visuals/sink.png
  importAddress: Guid(b94e78108f9e26c43a3a82ca402773e2) Importer(815301076,1909f56bfc062723c751e8b465ee728b)
Start importing Assets/Visuals/sink.png using Guid(b94e78108f9e26c43a3a82ca402773e2) Importer(815301076,1909f56bfc062723c751e8b465ee728b) (PreviewImporter) -> (Import Result ID: '4dc0600d4eb9bbf84e310495b118aa50') in 0.0238539 seconds [static and dynamic dependencies]. Details - ImportResultOutputID=cb11d67b3d6a43eddf443056a1e5bf99 DependenciesID=0976c102671336aeb15192dc349d5950 StaticDependenciesID=5110d5e190e21d23ed0a6c700be8fab6 
Number of updated asset objects reloaded before import = 0Number of asset objects unloaded after import = 3

Editor requested this worker to shutdown with reason: Scaling down because of idle timeout
AssetImportWorker is now disconnected from the server
Process exiting
Exiting without the bug reporter. Application will terminate with return code 0