[Licensing::Module] Trying to connect to existing licensing client channel...
Built from '6000.4/staging' branch; Version is '6000.4.8f1 (f8b72d3d7343) revision 16299821'; Using compiler version '194234433'; Build Type 'Release'
OS: 'Windows 11  (10.0.26200) Core' Language: 'en' Physical Memory: 16076 MB
[Licensing::IpcConnector] Successfully connected to: "LicenseClient-sdziu" at "2026-05-28T08:43:03.8309831Z"
BatchMode: 1, IsHumanControllingUs: 0, StartBugReporterOnCrash: 0, Is64bit: 1
System  architecture: x64
Process architecture: x64
Date: 2026-05-28T08:43:03Z

COMMAND LINE ARGUMENTS:
C:\Program Files\Unity\Hub\Editor\6000.4.8f1\Editor\Unity.exe
-adb2
-batchMode
-noUpm
-name
AssetImportWorker1
-projectPath
C:/Users/sdziu/my_documents/0_repositories/whoops
-logFile
Logs/AssetImportWorker1.log
-srvPort
56663
-licensingIpc
LicenseClient-sdziu
-force-d3d12
-job-worker-count
7
-background-job-worker-count
8
-gc-helper-count
1
-name
AssetImport
Successfully changed project path to: C:/Users/sdziu/my_documents/0_repositories/whoops
C:/Users/sdziu/my_documents/0_repositories/whoops
[UnityMemory] Configuration Parameters - Can be set up in boot.config
    "memorysetup-temp-allocator-size-gi-baking-worker=262144"
    "memorysetup-temp-allocator-size-gi-baking-worker=262144"
    "memorysetup-temp-allocator-size-gi-baking-worker=262144"
    "memorysetup-temp-allocator-size-gi-baking-worker=262144"
    "memorysetup-temp-allocator-size-gi-baking-worker=262144"
    "memorysetup-temp-allocator-size-nav-mesh-worker=65536"
    "memorysetup-temp-allocator-size-audio-worker=65536"
    "memorysetup-temp-allocator-size-cloud-worker=32768"
    "memorysetup-temp-allocator-size-gfx=262144"
    "memorysetup-temp-allocator-size-preload-manager=33554432"
    "memorysetup-temp-allocator-size-job-worker=262144"
    "memorysetup-temp-allocator-size-background-worker=32768"
    "memorysetup-allocator-temp-initial-block-size-main=262144"
    "memorysetup-allocator-temp-initial-block-size-worker=262144"
    "memorysetup-bucket-allocator-granularity=16"
    "memorysetup-bucket-allocator-bucket-count=8"
    "memorysetup-bucket-allocator-block-size=33554432"
    "memorysetup-bucket-allocator-block-count=8"
    "memorysetup-main-allocator-block-size=16777216"
    "memorysetup-thread-allocator-block-size=16777216"
    "memorysetup-gfx-main-allocator-block-size=16777216"
    "memorysetup-gfx-thread-allocator-block-size=16777216"
    "memorysetup-cache-allocator-block-size=4194304"
    "memorysetup-typetree-allocator-block-size=2097152"
    "memorysetup-profiler-bucket-allocator-granularity=16"
    "memorysetup-profiler-bucket-allocator-bucket-count=8"
    "memorysetup-profiler-bucket-allocator-block-size=33554432"
    "memorysetup-profiler-bucket-allocator-block-count=8"
    "memorysetup-profiler-allocator-block-size=16777216"
    "memorysetup-profiler-editor-allocator-block-size=1048576"
    "memorysetup-temp-allocator-size-main=16777216"
    "memorysetup-job-temp-allocator-block-size=2097152"
    "memorysetup-job-temp-allocator-block-size-background=1048576"
    "memorysetup-job-temp-allocator-reduction-small-platforms=262144"
Player connection [14292]  Target information:

Player connection [14292]  * "[IP] 26.197.100.150 [Port] 0 [Flags] 2 [Guid] 125788143 [EditorId] 125788143 [Version] 1048832 [Id] WindowsEditor(7,DESKTOP-BMK0IR6) [Debug] 1 [PackageName] WindowsEditor [ProjectName] Editor" 

Player connection [14292]  * "[IP] 172.29.64.1 [Port] 0 [Flags] 2 [Guid] 125788143 [EditorId] 125788143 [Version] 1048832 [Id] WindowsEditor(7,DESKTOP-BMK0IR6) [Debug] 1 [PackageName] WindowsEditor [ProjectName] Editor" 

Player connection [14292]  * "[IP] 10.82.133.89 [Port] 0 [Flags] 2 [Guid] 125788143 [EditorId] 125788143 [Version] 1048832 [Id] WindowsEditor(7,DESKTOP-BMK0IR6) [Debug] 1 [PackageName] WindowsEditor [ProjectName] Editor" 

Player connection [14292]  * "[IP] 192.168.1.102 [Port] 0 [Flags] 2 [Guid] 125788143 [EditorId] 125788143 [Version] 1048832 [Id] WindowsEditor(7,DESKTOP-BMK0IR6) [Debug] 1 [PackageName] WindowsEditor [ProjectName] Editor" 

Player connection [14292] Host joined multi-casting on [225.0.0.222:54997]...
Player connection [14292] Host joined alternative multi-casting on [225.0.0.222:34997]...
JobSystem: Creating JobQueue using job-worker-count value 7
Input System module state changed to: Initialized.
[Physics::Module] Initialized fallback backend.
[Physics::Module] Id: 0xdecafbad
Library Redirect Path: Library/
[Physics::Module] Selected backend.
[Physics::Module] Name: PhysX
[Physics::Module] Id: 0xf2b8ea05
[Physics::Module] SDK Version: 4.1.2
[Physics::Module] Integration Version: 1.0.0
[Physics::Module] Threading Mode: Multi-Threaded
Refreshing native plugins compatible for Editor in 5.59 ms, found 5 plugins.
Initialize engine version: 6000.4.8f1 (f8b72d3d7343)
[Subsystems] Discovering subsystems at path C:/Program Files/Unity/Hub/Editor/6000.4.8f1/Editor/Data/Resources/UnitySubsystems
[Subsystems] Discovering subsystems at path C:/Users/sdziu/my_documents/0_repositories/whoops/Assets
Forcing GfxDevice: Direct3D 12
GfxDevice: creating device client; kGfxThreadingModeNonThreaded
d3d12: failed to query info queue interface (0x80004002).
Direct3D:
    Version:         Direct3D 12 [level 12.1]
    Renderer:        Intel(R) UHD Graphics (ID=0xa7a8)
    Vendor:          Intel
    VRAM:            8038 MB
    App VRAM Budget: 7380 MB
    Driver:          32.0.101.7076
    Unified Memory Architecture
    Cache Coherent UMA
Initialize mono
Mono path[0] = 'C:/Program Files/Unity/Hub/Editor/6000.4.8f1/Editor/Data/Managed'
Mono path[1] = 'C:/Program Files/Unity/Hub/Editor/6000.4.8f1/Editor/Data/MonoBleedingEdge/lib/mono/unityjit-win32'
Mono config path = 'C:/Program Files/Unity/Hub/Editor/6000.4.8f1/Editor/Data/MonoBleedingEdge/etc'
Using monoOptions --debugger-agent=transport=dt_socket,embedding=1,server=y,suspend=n,address=127.0.0.1:56016
CodeReloadManager initialized
Begin MonoManager ReloadAssembly
Registering precompiled unity dll's ...
Register platform support module: C:/Program Files/Unity/Hub/Editor/6000.4.8f1/Editor/Data/PlaybackEngines/WindowsStandaloneSupport/UnityEditor.WindowsStandalone.Extensions.dll
Registered in 0.003240 seconds.
[Licensing::Client] Error: HandshakeResponse reported an error:
	ResponseCode: 505
	ResponseStatus: Unsupported protocol version '1.18.1'.
[Licensing::Module] Error: Failed to handshake to channel: "LicenseClient-sdziu"
[Licensing::IpcConnector] LicenseClient-sdziu channel disconnected successfully.
[Licensing::IpcConnector] Successfully connected to: "LicenseClient-sdziu-6000.4.8" at "2026-05-28T08:43:05.1579813Z"
[Licensing::Client] Code 10 while verifying Licensing Client signature (process Id: 29356, path: "C:/Program Files/Unity/Hub/Editor/6000.4.8f1/Editor/Data/Resources/Licensing/Client/Unity.Licensing.Client.exe")
[Licensing::Module] LicensingClient has failed validation; ignoring
[Licensing::Client] Handshaking with LicensingClient:
  Version:                 1.18.1+9fbee8e
  Session Id:              aaa10cd9e676463d9e221a0f7ad41e46
  Correlation Id:          88cd22dc8076f3b7d0539632499c5694
  External correlation Id: 9217026142987189113
  Machine Id:              Q6Vl5DVYSTnyzT9cj0suQkgA2P4=
[Licensing::Module] Successfully connected to LicensingClient on channel: "LicenseClient-sdziu-6000.4.8" (connect: 0.00s, validation: 0.00s, handshake: 0.01s)
[Licensing::IpcConnector] Successfully connected to: "LicenseClient-sdziu-6000.4.8-notifications" at "2026-05-28T08:43:05.1677385Z"
[Licensing::Module] Licensing Background thread has ended after 1.34s
Native extension for WindowsStandalone target not found
Package Manager log level set to [2]
[Package Manager] Failed to launch server process. Reason: Unity was launched with the -noUpm command-line argument
[Package Manager] Unable to send message (not connected to server process).
[Package Manager] Cannot connect to Unity Package Manager local server
ScheduleIndexationOnStartup MainProcess:False IndexOnStartup:True
Mono: successfully reloaded assembly
- Finished resetting the current domain, in  0.414 seconds
Domain Reload Profiling: 936ms
	BeginReloadAssembly (154ms)
	RebuildCommonClasses (44ms)
	RebuildNativeTypeToScriptingClass (14ms)
	initialDomainReloadingComplete (80ms)
	LoadAllAssembliesAndSetupDomain (229ms)
		LoadAssemblies (150ms)
		AnalyzeDomain (219ms)
			TypeCache.Refresh (218ms)
				TypeCache.ScanAssembly (203ms)
	FinalizeReload (416ms)
		SetupLoadedEditorAssemblies (0ms)
			InitializePlatformSupportModulesInManaged (46ms)
			BeforeProcessingInitializeOnLoad (83ms)
			ProcessInitializeOnLoadAttributes (110ms)
			ProcessInitializeOnLoadMethodAttributes (99ms)
========================================================================
Worker process is ready to serve import requests
Import Worker Mode flag is 0x00
Begin MonoManager ReloadAssembly
[Licensing::Client] Successfully resolved entitlement details
[Licensing::Module] License group:
  Id: 10170887667645-UnityPersXXXX
  Product: Unity Personal
  Type: Assigned
  Expiration: Unlimited
Assembly Assembly-CSharp-Editor-firstpass.dll at Library/ScriptAssemblies/Assembly-CSharp-Editor-firstpass.dll not valid. Loading of assembly skipped.
Assembly Assembly-CSharp-firstpass.dll at Library/ScriptAssemblies/Assembly-CSharp-firstpass.dll not valid. Loading of assembly skipped.
Assembly DocCodeExamples.dll at Library/ScriptAssemblies/DocCodeExamples.dll not valid. Loading of assembly skipped.
Assembly TestNewCustomAssembly.dll at Library/ScriptAssemblies/TestNewCustomAssembly.dll not valid. Loading of assembly skipped.
Assembly Unity.2D.Animation.EditorTests.dll at Library/ScriptAssemblies/Unity.2D.Animation.EditorTests.dll not valid. Loading of assembly skipped.
Assembly Unity.2D.Aseprite.EditorTests.dll at Library/ScriptAssemblies/Unity.2D.Aseprite.EditorTests.dll not valid. Loading of assembly skipped.
Assembly Unity.2D.Common.EditorTests.dll at Library/ScriptAssemblies/Unity.2D.Common.EditorTests.dll not valid. Loading of assembly skipped.
Assembly Unity.2D.PixelPerfect.Editor.Tests.dll at Library/ScriptAssemblies/Unity.2D.PixelPerfect.Editor.Tests.dll not valid. Loading of assembly skipped.
Assembly Unity.2D.Psdimporter.EditorTests.dll at Library/ScriptAssemblies/Unity.2D.Psdimporter.EditorTests.dll not valid. Loading of assembly skipped.
Assembly Unity.2D.Sprite.Package.EditorTests.dll at Library/ScriptAssemblies/Unity.2D.Sprite.Package.EditorTests.dll not valid. Loading of assembly skipped.
Assembly Unity.2D.SpriteShape.EditorTests.dll at Library/ScriptAssemblies/Unity.2D.SpriteShape.EditorTests.dll not valid. Loading of assembly skipped.
Assembly Unity.2D.Tilemap.Package.EditorTests.dll at Library/ScriptAssemblies/Unity.2D.Tilemap.Package.EditorTests.dll not valid. Loading of assembly skipped.
Assembly Unity.Collections.BurstCompatibilityGen.dll at Library/ScriptAssemblies/Unity.Collections.BurstCompatibilityGen.dll not valid. Loading of assembly skipped.
Assembly Unity.Collections.DocCodeSamples.dll at Library/ScriptAssemblies/Unity.Collections.DocCodeSamples.dll not valid. Loading of assembly skipped.
Assembly Unity.Collections.PerformanceTests.dll at Library/ScriptAssemblies/Unity.Collections.PerformanceTests.dll not valid. Loading of assembly skipped.
Assembly Unity.Collections.Tests.dll at Library/ScriptAssemblies/Unity.Collections.Tests.dll not valid. Loading of assembly skipped.
Assembly Unity.Collections.Tests.Playmode.dll at Library/ScriptAssemblies/Unity.Collections.Tests.Playmode.dll not valid. Loading of assembly skipped.
Assembly Unity.InputSystem.IntegrationTests.dll at Library/ScriptAssemblies/Unity.InputSystem.IntegrationTests.dll not valid. Loading of assembly skipped.
Assembly Unity.Mathematics.Tests.dll at Library/ScriptAssemblies/Unity.Mathematics.Tests.dll not valid. Loading of assembly skipped.
Assembly Unity.Multiplayer.Center.Editor.Tests.dll at Library/ScriptAssemblies/Unity.Multiplayer.Center.Editor.Tests.dll not valid. Loading of assembly skipped.
Assembly Unity.Multiplayer.Center.Tests.dll at Library/ScriptAssemblies/Unity.Multiplayer.Center.Tests.dll not valid. Loading of assembly skipped.
Assembly Unity.Nuget.Mono-Cecil.dll at Library/ScriptAssemblies/Unity.Nuget.Mono-Cecil.dll not valid. Loading of assembly skipped.
Assembly Unity.PathTracing.Editor.Tests.dll at Library/ScriptAssemblies/Unity.PathTracing.Editor.Tests.dll not valid. Loading of assembly skipped.
Assembly Unity.PathTracing.Runtime.Tests.dll at Library/ScriptAssemblies/Unity.PathTracing.Runtime.Tests.dll not valid. Loading of assembly skipped.
Assembly Unity.RenderPipelines.Core.Editor.Tests.dll at Library/ScriptAssemblies/Unity.RenderPipelines.Core.Editor.Tests.dll not valid. Loading of assembly skipped.
Assembly Unity.RenderPipelines.Core.Runtime.Tests.dll at Library/ScriptAssemblies/Unity.RenderPipelines.Core.Runtime.Tests.dll not valid. Loading of assembly skipped.
Assembly Unity.RenderPipelines.Universal.Config.Editor.Tests.dll at Library/ScriptAssemblies/Unity.RenderPipelines.Universal.Config.Editor.Tests.dll not valid. Loading of assembly skipped.
Assembly Unity.RenderPipelines.Universal.Editor.Tests.dll at Library/ScriptAssemblies/Unity.RenderPipelines.Universal.Editor.Tests.dll not valid. Loading of assembly skipped.
Assembly Unity.RenderPipelines.Universal.Runtime.Tests.dll at Library/ScriptAssemblies/Unity.RenderPipelines.Universal.Runtime.Tests.dll not valid. Loading of assembly skipped.
Assembly Unity.Searcher.EditorTests.dll at Library/ScriptAssemblies/Unity.Searcher.EditorTests.dll not valid. Loading of assembly skipped.
Assembly Unity.ShaderGraph.Editor.Tests.dll at Library/ScriptAssemblies/Unity.ShaderGraph.Editor.Tests.dll not valid. Loading of assembly skipped.
Assembly Unity.TextMeshPro.Editor.Tests.dll at Library/ScriptAssemblies/Unity.TextMeshPro.Editor.Tests.dll not valid. Loading of assembly skipped.
Assembly Unity.TextMeshPro.Tests.dll at Library/ScriptAssemblies/Unity.TextMeshPro.Tests.dll not valid. Loading of assembly skipped.
Assembly Unity.UnifiedRayTracing.Editor.Tests.dll at Library/ScriptAssemblies/Unity.UnifiedRayTracing.Editor.Tests.dll not valid. Loading of assembly skipped.
Assembly UnityEditor.UI.Common.Tests.dll at Library/ScriptAssemblies/UnityEditor.UI.Common.Tests.dll not valid. Loading of assembly skipped.
Assembly UnityEditor.UI.EditorTests.dll at Library/ScriptAssemblies/UnityEditor.UI.EditorTests.dll not valid. Loading of assembly skipped.
Assembly UnityEngine.UI.Tests.dll at Library/ScriptAssemblies/UnityEngine.UI.Tests.dll not valid. Loading of assembly skipped.
Symbol file LoadedFromMemory is not a mono symbol file
Refreshing native plugins compatible for Editor in 7.47 ms, found 5 plugins.
Native extension for WindowsStandalone target not found
[Package Manager] Failed to launch server process. Reason: Unity was launched with the -noUpm command-line argument
[Package Manager] Unable to send message (not connected to server process).
[Package Manager] Cannot connect to Unity Package Manager local server
Refreshing native plugins compatible for Editor in 7.92 ms, found 5 plugins.
[Package Manager] Failed to launch server process. Reason: Unity was launched with the -noUpm command-line argument
[Package Manager] Unable to send message (not connected to server process).
[Package Manager] Cannot connect to Unity Package Manager local server
ScheduleIndexationOnStartup MainProcess:False IndexOnStartup:True
Mono: successfully reloaded assembly
- Finished resetting the current domain, in  1.824 seconds
Domain Reload Profiling: 3849ms
	BeginReloadAssembly (324ms)
		DisableScriptedObjects (9ms)
		CreateAndSetChildDomain (44ms)
	RebuildCommonClasses (72ms)
	RebuildNativeTypeToScriptingClass (25ms)
	initialDomainReloadingComplete (146ms)
	LoadAllAssembliesAndSetupDomain (1457ms)
		LoadAssemblies (942ms)
		AnalyzeDomain (695ms)
			TypeCache.Refresh (464ms)
				TypeCache.ScanAssembly (428ms)
			BuildScriptInfoCaches (203ms)
			ResolveRequiredComponents (24ms)
	FinalizeReload (1825ms)
		SetupLoadedEditorAssemblies (0ms)
			InitializePlatformSupportModulesInManaged (6ms)
			BeforeProcessingInitializeOnLoad (410ms)
			ProcessInitializeOnLoadAttributes (724ms)
			ProcessInitializeOnLoadMethodAttributes (288ms)
			AfterProcessingInitializeOnLoad (10ms)
		AwakeInstancesAfterBackupRestoration (11ms)
Launched and connected shader compiler UnityShaderCompiler.exe after 0.05 seconds
Refreshing native plugins compatible for Editor in 5.04 ms, found 5 plugins.
Unloading 24 Unused Serialized files (Serialized files now loaded: 0)
Unloading 7417 unused Assets / (5.4 MB). Loaded Objects now: 8244.
Memory consumption went from 169.7 MB to 164.3 MB.
Total: 11.866500 ms (FindLiveObjects: 0.864000 ms CreateObjectMapping: 0.777700 ms MarkObjects: 7.531600 ms  DeleteObjects: 2.689700 ms)

========================================================================
Received Import Request.
  Time since last request: 1176229.388359 seconds.
  path: Assets/AnswerButton.cs
  importAddress: Guid(39e77662b3f08094e8b6a6fbc5827b08) Importer(2089858483,b0f066a214c2f5e87bad3c948f4d605d)
Start importing Assets/AnswerButton.cs using Guid(39e77662b3f08094e8b6a6fbc5827b08) Importer(2089858483,b0f066a214c2f5e87bad3c948f4d605d) (ScriptedImporter) -> (Import Result ID: 'fc98ba9800f4300f381817257299c6d0') in 0.0824901 seconds [static and dynamic dependencies]. Details - ImportResultOutputID=c11d14670c3cfdfbc9f43fb83e143a75 DependenciesID=e68b692afdb561784bac7b7241aea86c StaticDependenciesID=35b6d5f79ce66a94d849b7a4deed85b9 
Number of updated asset objects reloaded before import = 0Number of asset objects unloaded after import = 0

========================================================================
Received Import Request.
  Time since last request: 0.000023 seconds.
  path: Assets/TextMesh Pro/Shaders/TMP_SDF.shader
  importAddress: Guid(68e6db2ebdc24f95958faec2be5558d6) Importer(2089858483,b0f066a214c2f5e87bad3c948f4d605d)
Start importing Assets/TextMesh Pro/Shaders/TMP_SDF.shader using Guid(68e6db2ebdc24f95958faec2be5558d6) Importer(2089858483,b0f066a214c2f5e87bad3c948f4d605d) (ScriptedImporter) -> (Import Result ID: 'b73067a19b4400454f09e5a06afd86e2') in 0.0284504 seconds [static and dynamic dependencies]. Details - ImportResultOutputID=8e848b5b0810466f0222026628621c99 DependenciesID=bc06f1b167d0155f19661193f6d6529f StaticDependenciesID=6fccdf5c0d40f72a0171f8fda7ff39b4 
Number of updated asset objects reloaded before import = 0Number of asset objects unloaded after import = 1

========================================================================
Received Import Request.
  Time since last request: 0.000019 seconds.
  path: Assets/TextMesh Pro/Fonts/LiberationSans.ttf
  importAddress: Guid(e3265ab4bf004d28a9537516768c1c75) Importer(2089858483,b0f066a214c2f5e87bad3c948f4d605d)
Start importing Assets/TextMesh Pro/Fonts/LiberationSans.ttf using Guid(e3265ab4bf004d28a9537516768c1c75) Importer(2089858483,b0f066a214c2f5e87bad3c948f4d605d) (ScriptedImporter) -> (Import Result ID: '31b62ccb220ffe2daa9ee5d1e866bd46') in 0.0471898 seconds [static and dynamic dependencies]. Details - ImportResultOutputID=ed64771bd143d9ec9d208e90b9aa2675 DependenciesID=fb5ba9a522771eb2f62cc95cc007fe78 StaticDependenciesID=518d7db7c3f5a2bfbdb8fce2e125b24b 
Number of updated asset objects reloaded before import = 0Number of asset objects unloaded after import = 3

========================================================================
Received Import Request.
  Time since last request: 0.000036 seconds.
  path: Assets/Settings/Lit2DSceneTemplate.scenetemplate
  importAddress: Guid(d03ed43fc9d8a4f2e9fa70c1c7916eb9) Importer(2089858483,b0f066a214c2f5e87bad3c948f4d605d)
Start importing Assets/Settings/Lit2DSceneTemplate.scenetemplate using Guid(d03ed43fc9d8a4f2e9fa70c1c7916eb9) Importer(2089858483,b0f066a214c2f5e87bad3c948f4d605d) (ScriptedImporter) -> (Import Result ID: '3835de91f6203c1f9a7da117df474579') in 0.0989332 seconds [static and dynamic dependencies]. Details - ImportResultOutputID=a1161bcc47ebd57c5a9b05f93251f91c DependenciesID=5c0bd2cb90af4e2791144fb1182f67c3 StaticDependenciesID=8fcf58ac9945924203f704a338d26430 
Number of updated asset objects reloaded before import = 0Number of asset objects unloaded after import = 3

========================================================================
Received Import Request.
  Time since last request: 0.000056 seconds.
  path: Assets/DialogueBoxHandler.cs
  importAddress: Guid(3aaab544daae51848884f5fdf6fcd969) Importer(2089858483,b0f066a214c2f5e87bad3c948f4d605d)
Start importing Assets/DialogueBoxHandler.cs using Guid(3aaab544daae51848884f5fdf6fcd969) Importer(2089858483,b0f066a214c2f5e87bad3c948f4d605d) (ScriptedImporter) -> (Import Result ID: '59057f9053fadbf1770dab2b4b9a0eae') in 0.0201996 seconds [static and dynamic dependencies]. Details - ImportResultOutputID=3bb6256b828096136f449686f5d0dde1 DependenciesID=f8a895419d78fd6931e2cd9c145036e3 StaticDependenciesID=acf840501c3752b8d8276c522dd49618 
Number of updated asset objects reloaded before import = 0Number of asset objects unloaded after import = 0

========================================================================
Received Import Request.
  Time since last request: 0.000037 seconds.
  path: Assets/Visuals/Drawer.png
  importAddress: Guid(e4f08e04179359046b258ba5da840f4b) Importer(2089858483,b0f066a214c2f5e87bad3c948f4d605d)
Start importing Assets/Visuals/Drawer.png using Guid(e4f08e04179359046b258ba5da840f4b) Importer(2089858483,b0f066a214c2f5e87bad3c948f4d605d) (ScriptedImporter) -> (Import Result ID: '76517820e367386cd3e302ed2cd5e7f8') in 0.1126554 seconds [static and dynamic dependencies]. Details - ImportResultOutputID=6b51d53dfa03f255ee77d14c75ec3960 DependenciesID=233c272a427a144ed180e98bfa1ee2f4 StaticDependenciesID=94456c9e97b39894dc4cb97ba3edad18 
Number of updated asset objects reloaded before import = 0Number of asset objects unloaded after import = 3

========================================================================
Received Import Request.
  Time since last request: 0.000065 seconds.
  path: Assets/YandexGame/Prefabs/YandexGame.prefab
  importAddress: Guid(caf9732433f4dc044845763962493607) Importer(2089858483,b0f066a214c2f5e87bad3c948f4d605d)
Start importing Assets/YandexGame/Prefabs/YandexGame.prefab using Guid(caf9732433f4dc044845763962493607) Importer(2089858483,b0f066a214c2f5e87bad3c948f4d605d) (ScriptedImporter) -> (Import Result ID: 'a976e4ecfca1b544279390774f568b00') in 0.1285255 seconds [static and dynamic dependencies]. Details - ImportResultOutputID=c57f0177ae1c5775246ab07f4f197aee DependenciesID=98491c4e134fda3bc5220a70722274f2 StaticDependenciesID=c223f0b73a2ed44fcd0e35c0ead0a68d 
Number of updated asset objects reloaded before import = 0Number of asset objects unloaded after import = 7

========================================================================
Received Import Request.
  Time since last request: 0.000046 seconds.
  path: Assets/YandexGame/Prefabs/Review.prefab
  importAddress: Guid(a1dfdbb0103bfba439419b727773e9b4) Importer(2089858483,b0f066a214c2f5e87bad3c948f4d605d)
Start importing Assets/YandexGame/Prefabs/Review.prefab using Guid(a1dfdbb0103bfba439419b727773e9b4) Importer(2089858483,b0f066a214c2f5e87bad3c948f4d605d) (ScriptedImporter) -> (Import Result ID: 'c4fd537b0c2fbafd943c7e154e51c603') in 0.1630326 seconds [static and dynamic dependencies]. Details - ImportResultOutputID=66ba111feac60f2a5e299edf66545b85 DependenciesID=786dced37ae6bb84e76a8293a097fe86 StaticDependenciesID=7c44299f669810222d96d4b76950b044 
Number of updated asset objects reloaded before import = 0Number of asset objects unloaded after import = 23

========================================================================
Received Import Request.
  Time since last request: 0.000095 seconds.
  path: Assets/HoverTip.cs
  importAddress: Guid(e362fe377ce9f1143b837a110a93d064) Importer(2089858483,b0f066a214c2f5e87bad3c948f4d605d)
Start importing Assets/HoverTip.cs using Guid(e362fe377ce9f1143b837a110a93d064) Importer(2089858483,b0f066a214c2f5e87bad3c948f4d605d) (ScriptedImporter) -> (Import Result ID: 'deec84e5fbba941ba1d5a022ca37971b') in 0.0394247 seconds [static and dynamic dependencies]. Details - ImportResultOutputID=8709241aafa4adf6c00065560d5a3624 DependenciesID=049acc203cee1fd4f5510eae2a87a05c StaticDependenciesID=7543c1d371fa79ff4a290bc298662e6c 
Number of updated asset objects reloaded before import = 0Number of asset objects unloaded after import = 0

========================================================================
Received Import Request.
  Time since last request: 0.000036 seconds.
  path: Assets/DialogueLine.cs
  importAddress: Guid(746879c75e2b43046836d0bd33331fc8) Importer(2089858483,b0f066a214c2f5e87bad3c948f4d605d)
Start importing Assets/DialogueLine.cs using Guid(746879c75e2b43046836d0bd33331fc8) Importer(2089858483,b0f066a214c2f5e87bad3c948f4d605d) (ScriptedImporter) -> (Import Result ID: '23df6ddf4e24e01f3ed56b1b98ddf1d2') in 0.0444169 seconds [static and dynamic dependencies]. Details - ImportResultOutputID=b3c577407dcbbd7242eb1e8606f7c4b2 DependenciesID=fd4059eca24cd7dabc4d5e7ed9150a1e StaticDependenciesID=d6583ab5702a905134938d8a0b537b0e 
Number of updated asset objects reloaded before import = 0Number of asset objects unloaded after import = 0

========================================================================
Received Import Request.
  Time since last request: 0.000042 seconds.
  path: Assets/Animation/Diz/DizAvatar.png
  importAddress: Guid(c92ba37479e83f84685ed1b0d7246f3b) Importer(2089858483,b0f066a214c2f5e87bad3c948f4d605d)
Start importing Assets/Animation/Diz/DizAvatar.png using Guid(c92ba37479e83f84685ed1b0d7246f3b) Importer(2089858483,b0f066a214c2f5e87bad3c948f4d605d) (ScriptedImporter) -> (Import Result ID: '560f29e92f8807babca7b9170e6e2516') in 0.0505524 seconds [static and dynamic dependencies]. Details - ImportResultOutputID=ca0053eff59b45806e5fed2a72983abc DependenciesID=3420aa3902464094cfe0a17adb33d089 StaticDependenciesID=1894b589087da1d1a605ab2f314f141f 
Number of updated asset objects reloaded before import = 0Number of asset objects unloaded after import = 3

========================================================================
Received Import Request.
  Time since last request: 0.000064 seconds.
  path: Assets/TextMesh Pro/Shaders/TMPro_Properties.cginc
  importAddress: Guid(3997e2241185407d80309a82f9148466) Importer(2089858483,b0f066a214c2f5e87bad3c948f4d605d)
Start importing Assets/TextMesh Pro/Shaders/TMPro_Properties.cginc using Guid(3997e2241185407d80309a82f9148466) Importer(2089858483,b0f066a214c2f5e87bad3c948f4d605d) (ScriptedImporter) -> (Import Result ID: '187bd79948f741e346032c2180cc2c7f') in 0.0658501 seconds [static and dynamic dependencies]. Details - ImportResultOutputID=b434b7e9000411d0c5648d782db63581 DependenciesID=f241a03e54a502d688863bc6e2028938 StaticDependenciesID=8dc136d80213b79cc2bcb42db4fe1e2a 
Number of updated asset objects reloaded before import = 0Number of asset objects unloaded after import = 1

========================================================================
Received Import Request.
  Time since last request: 0.000030 seconds.
  path: Assets/Animation/Racoon/RacoonAvatar.png
  importAddress: Guid(b5bbd0828b36bde44b6ab51b7799c38b) Importer(2089858483,b0f066a214c2f5e87bad3c948f4d605d)
Start importing Assets/Animation/Racoon/RacoonAvatar.png using Guid(b5bbd0828b36bde44b6ab51b7799c38b) Importer(2089858483,b0f066a214c2f5e87bad3c948f4d605d) (ScriptedImporter) -> (Import Result ID: 'aa3d237b826e15c1499ef0104b04b2d4') in 0.0527132 seconds [static and dynamic dependencies]. Details - ImportResultOutputID=a8564c0ae266d8751cfbeff30a905271 DependenciesID=ba7081257cc52d04c6843803fc453f5a StaticDependenciesID=31f4a63dc64cff690073bc5b07d8ccb6 
Number of updated asset objects reloaded before import = 0Number of asset objects unloaded after import = 3

========================================================================
Received Import Request.
  Time since last request: 0.000054 seconds.
  path: Assets/YandexGame/WorkingData/SavesYG.cs
  importAddress: Guid(7cd05ce482d4bd6469c360b48ca328d1) Importer(2089858483,b0f066a214c2f5e87bad3c948f4d605d)
Start importing Assets/YandexGame/WorkingData/SavesYG.cs using Guid(7cd05ce482d4bd6469c360b48ca328d1) Importer(2089858483,b0f066a214c2f5e87bad3c948f4d605d) (ScriptedImporter) -> (Import Result ID: '82b3e5b4056d3c75663dd71c7cff6b83') in 0.0378818 seconds [static and dynamic dependencies]. Details - ImportResultOutputID=a102d47e0dc6924ab9b0d69b70f6a5b9 DependenciesID=f132d23e71a1efe562383ecf9b96a8d5 StaticDependenciesID=bdafed74b4ddeb081eea39797d82608e 
Number of updated asset objects reloaded before import = 0Number of asset objects unloaded after import = 0

========================================================================
Received Import Request.
  Time since last request: 0.000077 seconds.
  path: Assets/TextMesh Pro/Shaders/TMP_SDF-Mobile Overlay.shader
  importAddress: Guid(a02a7d8c237544f1962732b55a9aebf1) Importer(2089858483,b0f066a214c2f5e87bad3c948f4d605d)
Start importing Assets/TextMesh Pro/Shaders/TMP_SDF-Mobile Overlay.shader using Guid(a02a7d8c237544f1962732b55a9aebf1) Importer(2089858483,b0f066a214c2f5e87bad3c948f4d605d) (ScriptedImporter) -> (Import Result ID: '5a5e2cc08988f354da314a0668c60603') in 0.0338023 seconds [static and dynamic dependencies]. Details - ImportResultOutputID=5c445aef1bc5b6b1912fefffc98c1973 DependenciesID=51510df11d46a74275b25131f5022173 StaticDependenciesID=776311549543df7b727f2d699b0406ea 
Number of updated asset objects reloaded before import = 0Number of asset objects unloaded after import = 1

========================================================================
Received Import Request.
  Time since last request: 0.000034 seconds.
  path: Assets/YandexGame/Readme.txt
  importAddress: Guid(c843f4e7c77ec6848bc78b65164de94f) Importer(2089858483,b0f066a214c2f5e87bad3c948f4d605d)
Start importing Assets/YandexGame/Readme.txt using Guid(c843f4e7c77ec6848bc78b65164de94f) Importer(2089858483,b0f066a214c2f5e87bad3c948f4d605d) (ScriptedImporter) -> (Import Result ID: '81a18b4bdb43be39ebe0c689bf57b7c6') in 0.0705402 seconds [static and dynamic dependencies]. Details - ImportResultOutputID=abda0d299ffe9e7a73256f0ed5f086a6 DependenciesID=e349aeaacb1fece54b9bf0af298741b8 StaticDependenciesID=2c399611d66376ea9075bf4eea50e085 
Number of updated asset objects reloaded before import = 0Number of asset objects unloaded after import = 1

========================================================================
Received Import Request.
  Time since last request: 0.000036 seconds.
  path: Assets/Animation/Evie/Idle/Evie.png
  importAddress: Guid(505211b488ee42344aac92a3ac4ab221) Importer(2089858483,b0f066a214c2f5e87bad3c948f4d605d)
Start importing Assets/Animation/Evie/Idle/Evie.png using Guid(505211b488ee42344aac92a3ac4ab221) Importer(2089858483,b0f066a214c2f5e87bad3c948f4d605d) (ScriptedImporter) -> (Import Result ID: 'f6247fd745f9a97bcffe5f3f7898c01a') in 0.0915995 seconds [static and dynamic dependencies]. Details - ImportResultOutputID=959ce45398a1d529ea730e602c9fd79d DependenciesID=86302851f2ad14f441a9c5a9636e3449 StaticDependenciesID=3fdfadabbd22e4ca0bf06de6d9e77e9d 
Number of updated asset objects reloaded before import = 0Number of asset objects unloaded after import = 3

========================================================================
Received Import Request.
  Time since last request: 0.000056 seconds.
  path: Assets/Animation/GrumpyCustomer/GrumpyCustomerAvatar.png
  importAddress: Guid(be13558ff704cdc45ae5d5648b142068) Importer(2089858483,b0f066a214c2f5e87bad3c948f4d605d)
Start importing Assets/Animation/GrumpyCustomer/GrumpyCustomerAvatar.png using Guid(be13558ff704cdc45ae5d5648b142068) Importer(2089858483,b0f066a214c2f5e87bad3c948f4d605d) (ScriptedImporter) -> (Import Result ID: '74e13e47412c4436ece9125788d8a0a0') in 0.0582177 seconds [static and dynamic dependencies]. Details - ImportResultOutputID=5792e3a4fc8892315bdab1001cb5d244 DependenciesID=85ee3f238387317985681a534725ee2a StaticDependenciesID=4a8ee7dbb8f960f5070ec02b62c561f8 
Number of updated asset objects reloaded before import = 0Number of asset objects unloaded after import = 3

========================================================================
Received Import Request.
  Time since last request: 0.000049 seconds.
  path: Assets/WebGLTemplates/PluginYG/index.html
  importAddress: Guid(4723168e9fbaa674ba57fe2bcc045196) Importer(2089858483,b0f066a214c2f5e87bad3c948f4d605d)
Start importing Assets/WebGLTemplates/PluginYG/index.html using Guid(4723168e9fbaa674ba57fe2bcc045196) Importer(2089858483,b0f066a214c2f5e87bad3c948f4d605d) (ScriptedImporter) -> (Import Result ID: '317f67ff92f9d32855ae53824026ca5e') in 0.0351346 seconds [static and dynamic dependencies]. Details - ImportResultOutputID=1143dc6403e546fe943c03453b529f2b DependenciesID=0a9cfb6d5b70ac272c466f2d658c8286 StaticDependenciesID=c63facdac0d870f65d1efc0da79417e8 
Number of updated asset objects reloaded before import = 0Number of asset objects unloaded after import = 1

========================================================================
Received Import Request.
  Time since last request: 0.000033 seconds.
  path: Assets/Animation/GrumpyCustomer/Idle/GrumpyCustomer.png
  importAddress: Guid(9bf9ba6ec3fdaf44784794ae5de73bc8) Importer(2089858483,b0f066a214c2f5e87bad3c948f4d605d)
Start importing Assets/Animation/GrumpyCustomer/Idle/GrumpyCustomer.png using Guid(9bf9ba6ec3fdaf44784794ae5de73bc8) Importer(2089858483,b0f066a214c2f5e87bad3c948f4d605d) (ScriptedImporter) -> (Import Result ID: '0f732f8c5f9ec55929e81c933fd5fae6') in 0.0440472 seconds [static and dynamic dependencies]. Details - ImportResultOutputID=5c9eebe78362d9cef21280abbdf9743c DependenciesID=04e20080d91bcaba88b54264bd658b61 StaticDependenciesID=8b89372ee35bca5099a1b124dd79c072 
Number of updated asset objects reloaded before import = 0Number of asset objects unloaded after import = 3

========================================================================
Received Import Request.
  Time since last request: 0.000055 seconds.
  path: Assets/TextMesh Pro/Shaders/TMPro_Surface.cginc
  importAddress: Guid(d930090c0cd643c7b55f19a38538c162) Importer(2089858483,b0f066a214c2f5e87bad3c948f4d605d)
Start importing Assets/TextMesh Pro/Shaders/TMPro_Surface.cginc using Guid(d930090c0cd643c7b55f19a38538c162) Importer(2089858483,b0f066a214c2f5e87bad3c948f4d605d) (ScriptedImporter) -> (Import Result ID: '075fcd56f307aad5fc49cb7e13502a20') in 0.0509019 seconds [static and dynamic dependencies]. Details - ImportResultOutputID=313281025cba6643c011cab158e61b29 DependenciesID=1a1ec2e312fedf071425149a9b855a35 StaticDependenciesID=87dcff36445655cfcfef4d2b43615770 
Number of updated asset objects reloaded before import = 0Number of asset objects unloaded after import = 1

========================================================================
Received Import Request.
  Time since last request: 0.000032 seconds.
  path: Assets/Visuals/LockButtons/3.png
  importAddress: Guid(285e6935cd0156a42a9b3f79b4c6a6bf) Importer(2089858483,b0f066a214c2f5e87bad3c948f4d605d)
Start importing Assets/Visuals/LockButtons/3.png using Guid(285e6935cd0156a42a9b3f79b4c6a6bf) Importer(2089858483,b0f066a214c2f5e87bad3c948f4d605d) (ScriptedImporter) -> (Import Result ID: '3a8376a8fd345df009fcd59d22b2344d') in 0.0401985 seconds [static and dynamic dependencies]. Details - ImportResultOutputID=e372a4131c4981bdda3702ba7ceed269 DependenciesID=18cce0c067d1fbbebb0e1405aa0986f8 StaticDependenciesID=e0bb98fdcfdb5e7e7345fbe1bc00edf3 
Number of updated asset objects reloaded before import = 0Number of asset objects unloaded after import = 3

========================================================================
Received Import Request.
  Time since last request: 0.000035 seconds.
  path: Assets/TextMesh Pro/Examples & Extras/Fonts/Bangers.ttf
  importAddress: Guid(5dd49b3eacc540408c98eee0de38e0f1) Importer(2089858483,b0f066a214c2f5e87bad3c948f4d605d)
Start importing Assets/TextMesh Pro/Examples & Extras/Fonts/Bangers.ttf using Guid(5dd49b3eacc540408c98eee0de38e0f1) Importer(2089858483,b0f066a214c2f5e87bad3c948f4d605d) (ScriptedImporter) -> (Import Result ID: '29281b58c2a4cd081fc4b5c7fce36fcb') in 0.0572878 seconds [static and dynamic dependencies]. Details - ImportResultOutputID=b05f5f5c5b1f8f61f07664e7636df41e DependenciesID=07c8dc82fe0e51440e8b28761bd827e1 StaticDependenciesID=564edc120401d848daf17320185bfcdd 
Number of updated asset objects reloaded before import = 0Number of asset objects unloaded after import = 3

========================================================================
Received Import Request.
  Time since last request: 0.000053 seconds.
  path: Assets/TextMesh Pro/Examples & Extras/Fonts/Roboto-Bold.ttf
  importAddress: Guid(4beb055f07aaff244873dec698d0363e) Importer(2089858483,b0f066a214c2f5e87bad3c948f4d605d)
Start importing Assets/TextMesh Pro/Examples & Extras/Fonts/Roboto-Bold.ttf using Guid(4beb055f07aaff244873dec698d0363e) Importer(2089858483,b0f066a214c2f5e87bad3c948f4d605d) (ScriptedImporter) -> (Import Result ID: '728fd60e1ac2b26572be2e533923e978') in 0.0594878 seconds [static and dynamic dependencies]. Details - ImportResultOutputID=5c698225250c00a800a30a31bd1d62a0 DependenciesID=e917afa53de09a69030768450ee72407 StaticDependenciesID=b34df6765b052422d4863cbfb4910f63 
Number of updated asset objects reloaded before import = 0Number of asset objects unloaded after import = 3

========================================================================
Received Import Request.
  Time since last request: 0.000033 seconds.
  path: Assets/Resources/PickupItems/Rag.prefab
  importAddress: Guid(0c5b74820ff665b4f852feeaae0f349d) Importer(2089858483,b0f066a214c2f5e87bad3c948f4d605d)
Start importing Assets/Resources/PickupItems/Rag.prefab using Guid(0c5b74820ff665b4f852feeaae0f349d) Importer(2089858483,b0f066a214c2f5e87bad3c948f4d605d) (ScriptedImporter) -> (Import Result ID: 'e80b95a6cdf7f32333f75112f9ca83fc') in 0.1222294 seconds [static and dynamic dependencies]. Details - ImportResultOutputID=a302e845d8b724bcf63c779aec7f2e0f DependenciesID=282cecf87d7d063d08eab6036c253f61 StaticDependenciesID=972f310073bf1dd8ba7de8fb6f81fb4a 
Number of updated asset objects reloaded before import = 0Number of asset objects unloaded after import = 18

========================================================================
Received Import Request.
  Time since last request: 0.000038 seconds.
  path: Assets/TextMesh Pro/Examples & Extras/Fonts/Unity - OFL.txt
  importAddress: Guid(0251f66ebc602a944b35bccd13be2738) Importer(2089858483,b0f066a214c2f5e87bad3c948f4d605d)
Start importing Assets/TextMesh Pro/Examples & Extras/Fonts/Unity - OFL.txt using Guid(0251f66ebc602a944b35bccd13be2738) Importer(2089858483,b0f066a214c2f5e87bad3c948f4d605d) (ScriptedImporter) -> (Import Result ID: '48e093d7ef818630db17f49a31d87d2a') in 0.0525553 seconds [static and dynamic dependencies]. Details - ImportResultOutputID=d9a305fd29bac2067765663357c77ae0 DependenciesID=c1f1e299a85d0f3f114d742b93959531 StaticDependenciesID=0c052a6a83ada0c83c60eed1b6e0f79a 
Number of updated asset objects reloaded before import = 0Number of asset objects unloaded after import = 1

========================================================================
Received Import Request.
  Time since last request: 0.000054 seconds.
  path: Assets/TextMesh Pro/Resources/LineBreaking Leading Characters.txt
  importAddress: Guid(d82c1b31c7e74239bff1220585707d2b) Importer(2089858483,b0f066a214c2f5e87bad3c948f4d605d)
Start importing Assets/TextMesh Pro/Resources/LineBreaking Leading Characters.txt using Guid(d82c1b31c7e74239bff1220585707d2b) Importer(2089858483,b0f066a214c2f5e87bad3c948f4d605d) (ScriptedImporter) -> (Import Result ID: '9dd3e115fbb291a9a12f8b622b4036ed') in 0.0288102 seconds [static and dynamic dependencies]. Details - ImportResultOutputID=e5be22d61c9a3bd7cf1e6d1260395982 DependenciesID=bfc3e43de51e5ab169e502fd2c96f305 StaticDependenciesID=40ccf77d3d6225561dc0ba29a4745b6d 
Number of updated asset objects reloaded before import = 0Number of asset objects unloaded after import = 1

========================================================================
Received Import Request.
  Time since last request: 0.000026 seconds.
  path: Assets/TextMesh Pro/Shaders/TMPro_Mobile.cginc
  importAddress: Guid(c334973cef89a9840b0b0c507e0377ab) Importer(2089858483,b0f066a214c2f5e87bad3c948f4d605d)
Start importing Assets/TextMesh Pro/Shaders/TMPro_Mobile.cginc using Guid(c334973cef89a9840b0b0c507e0377ab) Importer(2089858483,b0f066a214c2f5e87bad3c948f4d605d) (ScriptedImporter) -> (Import Result ID: '9bd314f0f1b215a44ad0148edf724a86') in 0.0423172 seconds [static and dynamic dependencies]. Details - ImportResultOutputID=3c2da4adcb7eb42cda202ebb9ff9d252 DependenciesID=f4808a14690e252de441079c01487822 StaticDependenciesID=9f32418efac9b7cd93d55184b26f7f9a 
Number of updated asset objects reloaded before import = 0Number of asset objects unloaded after import = 1

========================================================================
Received Import Request.
  Time since last request: 0.000034 seconds.
  path: Assets/YandexGame/Prefabs/GetPlayerYG.prefab
  importAddress: Guid(2ec135cc55d81a047909558246ef6ae6) Importer(2089858483,b0f066a214c2f5e87bad3c948f4d605d)
Start importing Assets/YandexGame/Prefabs/GetPlayerYG.prefab using Guid(2ec135cc55d81a047909558246ef6ae6) Importer(2089858483,b0f066a214c2f5e87bad3c948f4d605d) (ScriptedImporter) -> (Import Result ID: 'fd9edfc15956d31db7a6fb62133ad9ff') in 0.0927982 seconds [static and dynamic dependencies]. Details - ImportResultOutputID=dfd674d847aa5b45a5a414eb712131f7 DependenciesID=1e23d040d2c4bca2f26e591f7edea8c3 StaticDependenciesID=629a01ef42fd50af5611d03c95caf3ad 
Number of updated asset objects reloaded before import = 0Number of asset objects unloaded after import = 24

========================================================================
Received Import Request.
  Time since last request: 0.000059 seconds.
  path: Assets/TextMesh Pro/Examples & Extras/Prefabs/TextMeshPro - Prefab 1.prefab
  importAddress: Guid(a6e39ced0ea046bcb636c3f0b2e2a745) Importer(2089858483,b0f066a214c2f5e87bad3c948f4d605d)
Start importing Assets/TextMesh Pro/Examples & Extras/Prefabs/TextMeshPro - Prefab 1.prefab using Guid(a6e39ced0ea046bcb636c3f0b2e2a745) Importer(2089858483,b0f066a214c2f5e87bad3c948f4d605d) (ScriptedImporter) -> (Import Result ID: 'e7c20be22bdf5b30ee69242288245231') in 0.2137523 seconds [static and dynamic dependencies]. Details - ImportResultOutputID=fd0a41c594c9180b0f1c785ce3c66e51 DependenciesID=34568ddda9eace1a4525ed3674cd0ee9 StaticDependenciesID=539de3aef569b86d7b620c0504930fd0 
Number of updated asset objects reloaded before import = 0Number of asset objects unloaded after import = 16

========================================================================
Received Import Request.
  Time since last request: 0.000037 seconds.
  path: Assets/TextMesh Pro/Examples & Extras/Prefabs/TextMeshPro - Prefab 2.prefab
  importAddress: Guid(fdad9d952ae84cafb74c63f2e694d042) Importer(2089858483,b0f066a214c2f5e87bad3c948f4d605d)
Start importing Assets/TextMesh Pro/Examples & Extras/Prefabs/TextMeshPro - Prefab 2.prefab using Guid(fdad9d952ae84cafb74c63f2e694d042) Importer(2089858483,b0f066a214c2f5e87bad3c948f4d605d) (ScriptedImporter) -> (Import Result ID: 'decc8268d54a8aa61082a475a88042ea') in 0.1171137 seconds [static and dynamic dependencies]. Details - ImportResultOutputID=39dd06ea673c480fe9906216ce428ca7 DependenciesID=f52f8c435e3947ac706d77b874dda883 StaticDependenciesID=70ac37c7ddbe724f9809f7d99eca1dac 
Number of updated asset objects reloaded before import = 0Number of asset objects unloaded after import = 16

========================================================================
Received Import Request.
  Time since last request: 0.000073 seconds.
  path: Assets/TextMesh Pro/Examples & Extras/Scenes/03 - Line Justification.unity
  importAddress: Guid(21a509e1d3cd49978623fa564adb6f02) Importer(2089858483,b0f066a214c2f5e87bad3c948f4d605d)
Start importing Assets/TextMesh Pro/Examples & Extras/Scenes/03 - Line Justification.unity using Guid(21a509e1d3cd49978623fa564adb6f02) Importer(2089858483,b0f066a214c2f5e87bad3c948f4d605d) (ScriptedImporter) -> (Import Result ID: '98993ef938b321703c5ad3c90ebbe639') in 0.0510697 seconds [static and dynamic dependencies]. Details - ImportResultOutputID=cc171697b07844a85e04e161daaa4206 DependenciesID=c06091f53dccecb01727fd35e54f696b StaticDependenciesID=893337dbb64619ee1b2c955abdde909b 
Number of updated asset objects reloaded before import = 0Number of asset objects unloaded after import = 1

========================================================================
Received Import Request.
  Time since last request: 0.000046 seconds.
  path: Assets/YandexGame/ScriptsYG/TimerBeforeAdsYG.cs
  importAddress: Guid(9c70c93a5ff1043419125d7cff580a7a) Importer(2089858483,b0f066a214c2f5e87bad3c948f4d605d)
Start importing Assets/YandexGame/ScriptsYG/TimerBeforeAdsYG.cs using Guid(9c70c93a5ff1043419125d7cff580a7a) Importer(2089858483,b0f066a214c2f5e87bad3c948f4d605d) (ScriptedImporter) -> (Import Result ID: 'e20fa38127b398942906bea67f9f5ff4') in 0.026961 seconds [static and dynamic dependencies]. Details - ImportResultOutputID=3a1f73baf2b04418ee4e648614bbfd91 DependenciesID=1aafcd22e0c527429fd6bec4cb985fc5 StaticDependenciesID=3943f2cfedaad3654201ac0fe8db7646 
Number of updated asset objects reloaded before import = 0Number of asset objects unloaded after import = 0

========================================================================
Received Import Request.
  Time since last request: 0.000034 seconds.
  path: Assets/TextMesh Pro/Examples & Extras/Materials/Ground - Surface Shader Scene.mat
  importAddress: Guid(aadd5a709a48466c887296bb5b1b8110) Importer(2089858483,b0f066a214c2f5e87bad3c948f4d605d)
Start importing Assets/TextMesh Pro/Examples & Extras/Materials/Ground - Surface Shader Scene.mat using Guid(aadd5a709a48466c887296bb5b1b8110) Importer(2089858483,b0f066a214c2f5e87bad3c948f4d605d) (ScriptedImporter) -> (Import Result ID: '615ec8f186e1ff1ac960cd2eab47e878') in 0.085657 seconds [static and dynamic dependencies]. Details - ImportResultOutputID=c95494b47dfd2b078126596adf4fce38 DependenciesID=0d9bc1f56d31e877a13f71d01298e0a6 StaticDependenciesID=f700ee872bf925e267ec7adb80f7619d 
Number of updated asset objects reloaded before import = 0Number of asset objects unloaded after import = 2

========================================================================
Received Import Request.
  Time since last request: 0.000060 seconds.
  path: Assets/TextMesh Pro/Examples & Extras/Scenes/12 - Link Example.unity
  importAddress: Guid(9747140c28254be2adc582210dfb89b8) Importer(2089858483,b0f066a214c2f5e87bad3c948f4d605d)
Start importing Assets/TextMesh Pro/Examples & Extras/Scenes/12 - Link Example.unity using Guid(9747140c28254be2adc582210dfb89b8) Importer(2089858483,b0f066a214c2f5e87bad3c948f4d605d) (ScriptedImporter) -> (Import Result ID: '5d3deb073038741b9363ba4e97e52d07') in 0.0576775 seconds [static and dynamic dependencies]. Details - ImportResultOutputID=5d02ecd08de811268083c39a87fa073d DependenciesID=ec71622e291a74bf9501058e2f042d0a StaticDependenciesID=2a51df9f225176995f809d8952170e9f 
Number of updated asset objects reloaded before import = 0Number of asset objects unloaded after import = 1

========================================================================
Received Import Request.
  Time since last request: 0.000030 seconds.
  path: Assets/TextMesh Pro/Examples & Extras/Scenes/08 - Improved Text Alignment.unity
  importAddress: Guid(5fe2257128d9401fad0790f581dc8a6f) Importer(2089858483,b0f066a214c2f5e87bad3c948f4d605d)
Start importing Assets/TextMesh Pro/Examples & Extras/Scenes/08 - Improved Text Alignment.unity using Guid(5fe2257128d9401fad0790f581dc8a6f) Importer(2089858483,b0f066a214c2f5e87bad3c948f4d605d) (ScriptedImporter) -> (Import Result ID: '996daae1c2d680bff2611cbe54ab90a1') in 0.0555458 seconds [static and dynamic dependencies]. Details - ImportResultOutputID=d742207fc0b62954a0a480d7f0bad309 DependenciesID=0ba5ddbd271141c7248b5e06bf4e6b9f StaticDependenciesID=1ea4cbdb9c5e5008c3ddd409263273c3 
Number of updated asset objects reloaded before import = 0Number of asset objects unloaded after import = 1

========================================================================
Received Import Request.
  Time since last request: 0.000032 seconds.
  path: Assets/YandexGame/ScriptsYG/ForVisualScriptYG.cs
  importAddress: Guid(2600394ff637ed94aa89cbc5674ef071) Importer(2089858483,b0f066a214c2f5e87bad3c948f4d605d)
Start importing Assets/YandexGame/ScriptsYG/ForVisualScriptYG.cs using Guid(2600394ff637ed94aa89cbc5674ef071) Importer(2089858483,b0f066a214c2f5e87bad3c948f4d605d) (ScriptedImporter) -> (Import Result ID: '206cd821d55bb46098194e9b384ffafe') in 0.0269286 seconds [static and dynamic dependencies]. Details - ImportResultOutputID=8d94d534980332f43ab457dc65441a59 DependenciesID=f2dd29b2584f78b33ed2864f6aa36ad2 StaticDependenciesID=86964ff4eaed1cba76887db8eb04e0ec 
Number of updated asset objects reloaded before import = 0Number of asset objects unloaded after import = 0

========================================================================
Received Import Request.
  Time since last request: 0.000066 seconds.
  path: Assets/TextMesh Pro/Shaders/TMP_SDF-URP Unlit.shadergraph
  importAddress: Guid(124c112a6e8f1a54e8b0870e881b56d8) Importer(2089858483,b0f066a214c2f5e87bad3c948f4d605d)
Start importing Assets/TextMesh Pro/Shaders/TMP_SDF-URP Unlit.shadergraph using Guid(124c112a6e8f1a54e8b0870e881b56d8) Importer(2089858483,b0f066a214c2f5e87bad3c948f4d605d) (ScriptedImporter) -> (Import Result ID: '7f0a914a52cd7e4533e97e24aec50cb4') in 0.0835628 seconds [static and dynamic dependencies]. Details - ImportResultOutputID=ed5287670b414b7af3c82494986aa380 DependenciesID=86651b27f7daa8cb57291a5e18dd37f3 StaticDependenciesID=de6a800fcf5b5ebdc1658bc6a7c4c57a 
Number of updated asset objects reloaded before import = 0Number of asset objects unloaded after import = 4

========================================================================
Received Import Request.
  Time since last request: 0.000034 seconds.
  path: Assets/TextMesh Pro/Examples & Extras/Scenes/14 - Multi Font & Sprites.unity
  importAddress: Guid(22a2fba786ad4c40ac0ba09f0b933100) Importer(2089858483,b0f066a214c2f5e87bad3c948f4d605d)
Start importing Assets/TextMesh Pro/Examples & Extras/Scenes/14 - Multi Font & Sprites.unity using Guid(22a2fba786ad4c40ac0ba09f0b933100) Importer(2089858483,b0f066a214c2f5e87bad3c948f4d605d) (ScriptedImporter) -> (Import Result ID: 'ecdf4c950a094173d80e6f11c189d4f2') in 0.0479072 seconds [static and dynamic dependencies]. Details - ImportResultOutputID=f321d448fe32e5c992793c6c4f4882f1 DependenciesID=1cbf1557663b9fac24c4351ee13469f5 StaticDependenciesID=17b7064b823a3f1c2762984188724054 
Number of updated asset objects reloaded before import = 0Number of asset objects unloaded after import = 1

========================================================================
Received Import Request.
  Time since last request: 0.000037 seconds.
  path: Assets/TextMesh Pro/Examples & Extras/Scenes/16 - Linked text overflow mode example.unity
  importAddress: Guid(9442cda25baa4a0bb544c4d095b00caa) Importer(2089858483,b0f066a214c2f5e87bad3c948f4d605d)
Start importing Assets/TextMesh Pro/Examples & Extras/Scenes/16 - Linked text overflow mode example.unity using Guid(9442cda25baa4a0bb544c4d095b00caa) Importer(2089858483,b0f066a214c2f5e87bad3c948f4d605d) (ScriptedImporter) -> (Import Result ID: 'bcfc5b1a9eb5b37f06be034ab664fc93') in 0.0478255 seconds [static and dynamic dependencies]. Details - ImportResultOutputID=4874a9866e6013ac179d49c6a6eb5f7e DependenciesID=9e2bee5b815b2e1f33f9a9dd781b58ee StaticDependenciesID=3db5623afcd6cab4428c3519b597f279 
Number of updated asset objects reloaded before import = 0Number of asset objects unloaded after import = 1

========================================================================
Received Import Request.
  Time since last request: 0.000053 seconds.
  path: Assets/TextMesh Pro/Examples & Extras/Scenes/20 - Input Field with Scrollbar.unity
  importAddress: Guid(337f92480dd24675aae9e79210fb1ad9) Importer(2089858483,b0f066a214c2f5e87bad3c948f4d605d)
Start importing Assets/TextMesh Pro/Examples & Extras/Scenes/20 - Input Field with Scrollbar.unity using Guid(337f92480dd24675aae9e79210fb1ad9) Importer(2089858483,b0f066a214c2f5e87bad3c948f4d605d) (ScriptedImporter) -> (Import Result ID: 'eab0da4ff656b53da1d200207e64de4c') in 0.0532272 seconds [static and dynamic dependencies]. Details - ImportResultOutputID=a84ab9ada0241b117c4336b7d1a5f5a5 DependenciesID=183652cee85aa46ce874f95bd2a86354 StaticDependenciesID=076f4b2c1cdddb9d04e4a938c4dac37c 
Number of updated asset objects reloaded before import = 0Number of asset objects unloaded after import = 1

========================================================================
Received Import Request.
  Time since last request: 0.000037 seconds.
  path: Assets/TextMesh Pro/Shaders/SDFFunctions.hlsl
  importAddress: Guid(96de908384869cd409c75efa351d5edf) Importer(2089858483,b0f066a214c2f5e87bad3c948f4d605d)
Start importing Assets/TextMesh Pro/Shaders/SDFFunctions.hlsl using Guid(96de908384869cd409c75efa351d5edf) Importer(2089858483,b0f066a214c2f5e87bad3c948f4d605d) (ScriptedImporter) -> (Import Result ID: '43ef82198166bcb9644c838c829626ba') in 0.0515191 seconds [static and dynamic dependencies]. Details - ImportResultOutputID=2f0611e5a68853c1fa92315715440921 DependenciesID=e5dcb9db32d410e5f4e7060e4c56954b StaticDependenciesID=a8e1d6bfd2150c859a38d309c983c995 
Number of updated asset objects reloaded before import = 0Number of asset objects unloaded after import = 1

========================================================================
Received Import Request.
  Time since last request: 0.000042 seconds.
  path: Assets/TextMesh Pro/Examples & Extras/Scenes/22 - Basic Scripting Example.unity
  importAddress: Guid(6250f98e58fe4abbaada5d84b7ca846d) Importer(2089858483,b0f066a214c2f5e87bad3c948f4d605d)
Start importing Assets/TextMesh Pro/Examples & Extras/Scenes/22 - Basic Scripting Example.unity using Guid(6250f98e58fe4abbaada5d84b7ca846d) Importer(2089858483,b0f066a214c2f5e87bad3c948f4d605d) (ScriptedImporter) -> (Import Result ID: 'd1990e6e35eae44a8a74c482e9c0af1f') in 0.0551115 seconds [static and dynamic dependencies]. Details - ImportResultOutputID=d9e41720de7c02d930fe42c2bbc55377 DependenciesID=af6f7bb202d5efa49979b3e697a844b4 StaticDependenciesID=b9bab6d37712722e6d54d894f6ed7df5 
Number of updated asset objects reloaded before import = 0Number of asset objects unloaded after import = 1

========================================================================
Received Import Request.
  Time since last request: 0.000052 seconds.
  path: Assets/TextMesh Pro/Examples & Extras/Scenes/27 - Double Pass Shader Example.unity
  importAddress: Guid(3b38a6ba32b869f48812e595baf39746) Importer(2089858483,b0f066a214c2f5e87bad3c948f4d605d)
Start importing Assets/TextMesh Pro/Examples & Extras/Scenes/27 - Double Pass Shader Example.unity using Guid(3b38a6ba32b869f48812e595baf39746) Importer(2089858483,b0f066a214c2f5e87bad3c948f4d605d) (ScriptedImporter) -> (Import Result ID: '150e1615299809006204696f7304827e') in 0.0519802 seconds [static and dynamic dependencies]. Details - ImportResultOutputID=4e812ce0e114a81a574686579aa98182 DependenciesID=54ee8f8f355e94672135ee3b201459a1 StaticDependenciesID=c7412e6f2b96f3b2be22d83971a7f792 
Number of updated asset objects reloaded before import = 0Number of asset objects unloaded after import = 1

========================================================================
Received Import Request.
  Time since last request: 0.000027 seconds.
  path: Assets/YandexGame/ScriptsYG/AdNotificationYG.cs
  importAddress: Guid(e65969bdf1e6f594dad0d590a5a83ad1) Importer(2089858483,b0f066a214c2f5e87bad3c948f4d605d)
Start importing Assets/YandexGame/ScriptsYG/AdNotificationYG.cs using Guid(e65969bdf1e6f594dad0d590a5a83ad1) Importer(2089858483,b0f066a214c2f5e87bad3c948f4d605d) (ScriptedImporter) -> (Import Result ID: '944524f2e83e28c0ba76744ec7f96cdc') in 0.0255353 seconds [static and dynamic dependencies]. Details - ImportResultOutputID=51cc2fe072bfd9c782f7ca7afa9e848e DependenciesID=0ce81c3ef040f4706cdab2896aee2c4f StaticDependenciesID=3976e9dfcdb7b54dd5d6050d3be747f4 
Number of updated asset objects reloaded before import = 0Number of asset objects unloaded after import = 0

========================================================================
Received Import Request.
  Time since last request: 0.000033 seconds.
  path: Assets/TextMesh Pro/Examples & Extras/Scripts/Benchmark01.cs
  importAddress: Guid(f970ea55f9f84bf79b05dab180b8c125) Importer(2089858483,b0f066a214c2f5e87bad3c948f4d605d)
Start importing Assets/TextMesh Pro/Examples & Extras/Scripts/Benchmark01.cs using Guid(f970ea55f9f84bf79b05dab180b8c125) Importer(2089858483,b0f066a214c2f5e87bad3c948f4d605d) (ScriptedImporter) -> (Import Result ID: 'b94f4db903174972ebec4e02ee970337') in 0.025514 seconds [static and dynamic dependencies]. Details - ImportResultOutputID=314972032377db56c21b5a38d4c9fc45 DependenciesID=6abebbd1a72201acd76cd190e0e97cac StaticDependenciesID=3b89c2ae3074875a6c8499a94a132021 
Number of updated asset objects reloaded before import = 0Number of asset objects unloaded after import = 0

========================================================================
Received Import Request.
  Time since last request: 0.000048 seconds.
  path: Assets/TextMesh Pro/Examples & Extras/Scripts/Benchmark02.cs
  importAddress: Guid(e8538afcddc14efbb5d9e94b7ae50197) Importer(2089858483,b0f066a214c2f5e87bad3c948f4d605d)
Start importing Assets/TextMesh Pro/Examples & Extras/Scripts/Benchmark02.cs using Guid(e8538afcddc14efbb5d9e94b7ae50197) Importer(2089858483,b0f066a214c2f5e87bad3c948f4d605d) (ScriptedImporter) -> (Import Result ID: 'fd48fe85767de2529cdf3c5c781db852') in 0.0252515 seconds [static and dynamic dependencies]. Details - ImportResultOutputID=1404170276d7e4571adc6fb7b0fa2238 DependenciesID=e564faaa9ed1df7f99e37be086e65489 StaticDependenciesID=add7fa6d0f0d8e08a13e8399471f870d 
Number of updated asset objects reloaded before import = 0Number of asset objects unloaded after import = 0

========================================================================
Received Import Request.
  Time since last request: 0.000030 seconds.
  path: Assets/TextMesh Pro/Examples & Extras/Scripts/Benchmark03.cs
  importAddress: Guid(a73109742c8d47ac822895a473300c29) Importer(2089858483,b0f066a214c2f5e87bad3c948f4d605d)
Start importing Assets/TextMesh Pro/Examples & Extras/Scripts/Benchmark03.cs using Guid(a73109742c8d47ac822895a473300c29) Importer(2089858483,b0f066a214c2f5e87bad3c948f4d605d) (ScriptedImporter) -> (Import Result ID: '10099eef122fb660e5cde7cd45049e4d') in 0.0264684 seconds [static and dynamic dependencies]. Details - ImportResultOutputID=5c6f4502a8676c20a200b3567ebb50d9 DependenciesID=b2ad9399a878a98ff25dd41a74fece40 StaticDependenciesID=0fb902751184822af1220435cb022903 
Number of updated asset objects reloaded before import = 0Number of asset objects unloaded after import = 0

========================================================================
Received Import Request.
  Time since last request: 0.000034 seconds.
  path: Assets/YandexGame/ScriptsYG/GraphicSettingsYG.cs
  importAddress: Guid(c4127a0db2d06d94f9cb82abf81f1147) Importer(2089858483,b0f066a214c2f5e87bad3c948f4d605d)
Start importing Assets/YandexGame/ScriptsYG/GraphicSettingsYG.cs using Guid(c4127a0db2d06d94f9cb82abf81f1147) Importer(2089858483,b0f066a214c2f5e87bad3c948f4d605d) (ScriptedImporter) -> (Import Result ID: 'a259371cff65a0a962db8a1485f345dc') in 0.0243386 seconds [static and dynamic dependencies]. Details - ImportResultOutputID=2e96fdf3a9abdf4b8a290f99bb7dfb98 DependenciesID=545a80d320655941d4aa1bdc0731f2ca StaticDependenciesID=7de56537c305959d603ea3196579ed59 
Number of updated asset objects reloaded before import = 0Number of asset objects unloaded after import = 0

========================================================================
Received Import Request.
  Time since last request: 0.000049 seconds.
  path: Assets/TextMesh Pro/Examples & Extras/Materials/Crate - Surface Shader Scene.mat
  importAddress: Guid(e6b9b44320f4448d9d5e0ee634259966) Importer(2089858483,b0f066a214c2f5e87bad3c948f4d605d)
Start importing Assets/TextMesh Pro/Examples & Extras/Materials/Crate - Surface Shader Scene.mat using Guid(e6b9b44320f4448d9d5e0ee634259966) Importer(2089858483,b0f066a214c2f5e87bad3c948f4d605d) (ScriptedImporter) -> (Import Result ID: '6726b562d4ae9d220518511b29259f3e') in 0.0939031 seconds [static and dynamic dependencies]. Details - ImportResultOutputID=46294b974ca86eebd9fdcfd160667232 DependenciesID=48181ffd8dc8aa6a291faf435015a736 StaticDependenciesID=c45c6fb55d51a1dff50da40fb830d4ad 
Number of updated asset objects reloaded before import = 0Number of asset objects unloaded after import = 3

========================================================================
Received Import Request.
  Time since last request: 0.000036 seconds.
  path: Assets/TextMesh Pro/Examples & Extras/Scripts/SimpleScript.cs
  importAddress: Guid(9eff140b25d64601aabc6ba32245d099) Importer(2089858483,b0f066a214c2f5e87bad3c948f4d605d)
Start importing Assets/TextMesh Pro/Examples & Extras/Scripts/SimpleScript.cs using Guid(9eff140b25d64601aabc6ba32245d099) Importer(2089858483,b0f066a214c2f5e87bad3c948f4d605d) (ScriptedImporter) -> (Import Result ID: '127b944ea991c0011e56e79091fd26f6') in 0.0290151 seconds [static and dynamic dependencies]. Details - ImportResultOutputID=5ee13f52792629ad456a32582678c769 DependenciesID=3c527580020fa96737c557b09beb211d StaticDependenciesID=cb89a71d8f2398590845fb8fcd4c7130 
Number of updated asset objects reloaded before import = 0Number of asset objects unloaded after import = 0

========================================================================
Received Import Request.
  Time since last request: 0.000062 seconds.
  path: Assets/PickupItem.cs
  importAddress: Guid(95d8dbae7af984646a37ff0c31491314) Importer(2089858483,b0f066a214c2f5e87bad3c948f4d605d)
Start importing Assets/PickupItem.cs using Guid(95d8dbae7af984646a37ff0c31491314) Importer(2089858483,b0f066a214c2f5e87bad3c948f4d605d) (ScriptedImporter) -> (Import Result ID: '761d9c8cdf2728d3ca405f76ef0f344d') in 0.0295123 seconds [static and dynamic dependencies]. Details - ImportResultOutputID=23fb3ae1f65b39dabcc3dbb7dd0c924c DependenciesID=108bae20971fd399fd48d6a6a6fcfa97 StaticDependenciesID=32e91257d184dca2e5522ccb1ac1103d 
Number of updated asset objects reloaded before import = 0Number of asset objects unloaded after import = 0

========================================================================
Received Import Request.
  Time since last request: 0.000055 seconds.
  path: Assets/Background/detectiveoffice.jpg
  importAddress: Guid(be533d003795b2a4d8d8e70184e34cd4) Importer(2089858483,b0f066a214c2f5e87bad3c948f4d605d)
Start importing Assets/Background/detectiveoffice.jpg using Guid(be533d003795b2a4d8d8e70184e34cd4) Importer(2089858483,b0f066a214c2f5e87bad3c948f4d605d) (ScriptedImporter) -> (Import Result ID: '1c77946faa27c453582ba24d0fcc2da8') in 0.0574241 seconds [static and dynamic dependencies]. Details - ImportResultOutputID=b6a314ddfba2212e2d09e5d08a1f358d DependenciesID=63b2541f56a812228bb3fc6d750bc643 StaticDependenciesID=a9dd2cfdbc986af45b6ddc269d075557 
Number of updated asset objects reloaded before import = 0Number of asset objects unloaded after import = 3

========================================================================
Received Import Request.
  Time since last request: 0.000039 seconds.
  path: Assets/TextMesh Pro/Examples & Extras/Scripts/TextMeshProFloatingText.cs
  importAddress: Guid(a4d4c76e63944cba8c7d00f56334b98c) Importer(2089858483,b0f066a214c2f5e87bad3c948f4d605d)
Start importing Assets/TextMesh Pro/Examples & Extras/Scripts/TextMeshProFloatingText.cs using Guid(a4d4c76e63944cba8c7d00f56334b98c) Importer(2089858483,b0f066a214c2f5e87bad3c948f4d605d) (ScriptedImporter) -> (Import Result ID: '75988b7f0a9a5e858ae06843635bb574') in 0.0293942 seconds [static and dynamic dependencies]. Details - ImportResultOutputID=fdaa8bf9f902bdf2f817701c3a1fd78c DependenciesID=cfea82e60c7de9c5bcf2650d5dce016a StaticDependenciesID=b31e4ee038c242bdcf448f145e80b959 
Number of updated asset objects reloaded before import = 0Number of asset objects unloaded after import = 0

========================================================================
Received Import Request.
  Time since last request: 0.000049 seconds.
  path: Assets/TextMesh Pro/Examples & Extras/Scripts/TextMeshSpawner.cs
  importAddress: Guid(76c11bbcfddf44e0ba17d6c2751c8d84) Importer(2089858483,b0f066a214c2f5e87bad3c948f4d605d)
Start importing Assets/TextMesh Pro/Examples & Extras/Scripts/TextMeshSpawner.cs using Guid(76c11bbcfddf44e0ba17d6c2751c8d84) Importer(2089858483,b0f066a214c2f5e87bad3c948f4d605d) (ScriptedImporter) -> (Import Result ID: 'dca6f944cc9a98abcb4dcf58953e2865') in 0.0269552 seconds [static and dynamic dependencies]. Details - ImportResultOutputID=b34a433b82e0009528b522c47a5a2ac2 DependenciesID=adabceb190a0cf5979a48dfecf86d2ef StaticDependenciesID=bccb0234653cb8dfeeb864a159e0e35e 
Number of updated asset objects reloaded before import = 0Number of asset objects unloaded after import = 0

========================================================================
Received Import Request.
  Time since last request: 0.000052 seconds.
  path: Assets/Scenes/SampleScene.unity
  importAddress: Guid(8c9cfa26abfee488c85f1582747f6a02) Importer(2089858483,b0f066a214c2f5e87bad3c948f4d605d)
Start importing Assets/Scenes/SampleScene.unity using Guid(8c9cfa26abfee488c85f1582747f6a02) Importer(2089858483,b0f066a214c2f5e87bad3c948f4d605d) (ScriptedImporter) -> (Import Result ID: 'f16886022f3568c3f85b94476c405936') in 0.0349097 seconds [static and dynamic dependencies]. Details - ImportResultOutputID=506e9663e757f32794e8851bc1eb250b DependenciesID=fe72311f79ed27ad13bc84db8df7bf7b StaticDependenciesID=3d0d895a8743f299c9565c90042c3e42 
Number of updated asset objects reloaded before import = 0Number of asset objects unloaded after import = 1

========================================================================
Received Import Request.
  Time since last request: 0.000030 seconds.
  path: Assets/TextMesh Pro/Sprites/EmojiOne Attribution.txt
  importAddress: Guid(381dcb09d5029d14897e55f98031fca5) Importer(2089858483,b0f066a214c2f5e87bad3c948f4d605d)
Start importing Assets/TextMesh Pro/Sprites/EmojiOne Attribution.txt using Guid(381dcb09d5029d14897e55f98031fca5) Importer(2089858483,b0f066a214c2f5e87bad3c948f4d605d) (ScriptedImporter) -> (Import Result ID: 'f2d2209de75edc88c5af069a12a60c27') in 0.052625 seconds [static and dynamic dependencies]. Details - ImportResultOutputID=a4b4c363428fece206e9634d476d3b3e DependenciesID=8c03b2b9b09ef59d1b5db314ee9e6e19 StaticDependenciesID=663ac3237ca7f073ce1c9fa301094ba0 
Number of updated asset objects reloaded before import = 0Number of asset objects unloaded after import = 1

========================================================================
Received Import Request.
  Time since last request: 0.000033 seconds.
  path: Assets/TextMesh Pro/Examples & Extras/Scripts/TMP_PhoneNumberValidator.cs
  importAddress: Guid(83680ab1a69f4102ac67d1459fe76e1f) Importer(2089858483,b0f066a214c2f5e87bad3c948f4d605d)
Start importing Assets/TextMesh Pro/Examples & Extras/Scripts/TMP_PhoneNumberValidator.cs using Guid(83680ab1a69f4102ac67d1459fe76e1f) Importer(2089858483,b0f066a214c2f5e87bad3c948f4d605d) (ScriptedImporter) -> (Import Result ID: '735749564a200523c7240a19e742da66') in 0.0274989 seconds [static and dynamic dependencies]. Details - ImportResultOutputID=cc7317800b325021945030fc438f1f1e DependenciesID=37e496b8869399e4402877bf7e6dfb5e StaticDependenciesID=76d07b81dcfd75c65ce257be7d158fbb 
Number of updated asset objects reloaded before import = 0Number of asset objects unloaded after import = 0

========================================================================
Received Import Request.
  Time since last request: 0.000090 seconds.
  path: Assets/_Recovery/0.unity
  importAddress: Guid(70a77eba32ff0084eaeb3d6a842c7140) Importer(2089858483,b0f066a214c2f5e87bad3c948f4d605d)
Start importing Assets/_Recovery/0.unity using Guid(70a77eba32ff0084eaeb3d6a842c7140) Importer(2089858483,b0f066a214c2f5e87bad3c948f4d605d) (ScriptedImporter) -> (Import Result ID: 'fa2160f1b12124100a29fd9b075107fe') in 0.0685545 seconds [static and dynamic dependencies]. Details - ImportResultOutputID=9d146bd7bf4f9d8b457d582e12941d70 DependenciesID=970d952c3ec8e7a64bb5c7f231ff25b8 StaticDependenciesID=8f5ecbcf7b12f927e590a6e9769b40aa 
Number of updated asset objects reloaded before import = 0Number of asset objects unloaded after import = 1

========================================================================
Received Import Request.
  Time since last request: 0.000032 seconds.
  path: Assets/Animation/Diz/Idle/diz.controller
  importAddress: Guid(65d09ed318adc3f47afcc911e7632f59) Importer(2089858483,b0f066a214c2f5e87bad3c948f4d605d)
Start importing Assets/Animation/Diz/Idle/diz.controller using Guid(65d09ed318adc3f47afcc911e7632f59) Importer(2089858483,b0f066a214c2f5e87bad3c948f4d605d) (ScriptedImporter) -> (Import Result ID: '602ccadef2bba8d3cbc9ec4327fc761a') in 0.0580558 seconds [static and dynamic dependencies]. Details - ImportResultOutputID=9ee81e8924d06085ff83fcdfc78680be DependenciesID=038b306553592b70fc8bbb28ebd8a120 StaticDependenciesID=468f5136cc52e3f05d4f7078bf98f8df 
Number of updated asset objects reloaded before import = 0Number of asset objects unloaded after import = 4

========================================================================
Received Import Request.
  Time since last request: 0.000032 seconds.
  path: Assets/InputSystem_Actions.inputactions
  importAddress: Guid(2bcd2660ca9b64942af0de543d8d7100) Importer(2089858483,b0f066a214c2f5e87bad3c948f4d605d)
Start importing Assets/InputSystem_Actions.inputactions using Guid(2bcd2660ca9b64942af0de543d8d7100) Importer(2089858483,b0f066a214c2f5e87bad3c948f4d605d) (ScriptedImporter) -> (Import Result ID: '0fe28e4b2d641b1d10c92171827359b0') in 0.3195101 seconds [static and dynamic dependencies]. Details - ImportResultOutputID=220990ae27211d4220020883674ba437 DependenciesID=61a7e18b966bc05dd32e6df4232b0379 StaticDependenciesID=7d6b5fe839e45422620d2846ff842e8a 
Number of updated asset objects reloaded before import = 0Number of asset objects unloaded after import = 21

========================================================================
Received Import Request.
  Time since last request: 0.000056 seconds.
  path: Assets/TextMesh Pro/Examples & Extras/Scripts/VertexShakeB.cs
  importAddress: Guid(e4e0d9ccee5f4950be8979268c9014e0) Importer(2089858483,b0f066a214c2f5e87bad3c948f4d605d)
Start importing Assets/TextMesh Pro/Examples & Extras/Scripts/VertexShakeB.cs using Guid(e4e0d9ccee5f4950be8979268c9014e0) Importer(2089858483,b0f066a214c2f5e87bad3c948f4d605d) (ScriptedImporter) -> (Import Result ID: '37f613ee04f7003b614d6db9fe565281') in 0.0288717 seconds [static and dynamic dependencies]. Details - ImportResultOutputID=5f0cb9d04622e4ac529c94c82a36e5e4 DependenciesID=262c5b4f0d1a40788ff3249375df26d1 StaticDependenciesID=6adac4a69533abf00589edaaf4a4dc96 
Number of updated asset objects reloaded before import = 0Number of asset objects unloaded after import = 0

========================================================================
Received Import Request.
  Time since last request: 0.000037 seconds.
  path: Assets/WebGLTemplates/LICENSE.txt
  importAddress: Guid(47943f60e0bf83842b57ea4052f2a2d3) Importer(2089858483,b0f066a214c2f5e87bad3c948f4d605d)
Start importing Assets/WebGLTemplates/LICENSE.txt using Guid(47943f60e0bf83842b57ea4052f2a2d3) Importer(2089858483,b0f066a214c2f5e87bad3c948f4d605d) (ScriptedImporter) -> (Import Result ID: '8c9a8a257f2881e87ba25fdf5b8d7634') in 0.0301575 seconds [static and dynamic dependencies]. Details - ImportResultOutputID=30bea3738e20dd296a151ae2f26f1b22 DependenciesID=8eab2644f71ebc278a9ee56c93f0662e StaticDependenciesID=0a3ac57fe24203c3af279e1ad7ca2b66 
Number of updated asset objects reloaded before import = 0Number of asset objects unloaded after import = 1

========================================================================
Received Import Request.
  Time since last request: 0.000032 seconds.
  path: Assets/TextMesh Pro/Examples & Extras/Textures/Floor Cement.jpg
  importAddress: Guid(283f897e4925411ebbaa758b4cb13fc2) Importer(2089858483,b0f066a214c2f5e87bad3c948f4d605d)
Start importing Assets/TextMesh Pro/Examples & Extras/Textures/Floor Cement.jpg using Guid(283f897e4925411ebbaa758b4cb13fc2) Importer(2089858483,b0f066a214c2f5e87bad3c948f4d605d) (ScriptedImporter) -> (Import Result ID: '355ec3af07f6eab1722538f06e394c16') in 0.0709825 seconds [static and dynamic dependencies]. Details - ImportResultOutputID=bcfd8c409d09a8e0f4920da2367f9027 DependenciesID=cb1b09a9c459b37535968969424dc1c3 StaticDependenciesID=26e5f94ce7b04e966eb8d702000157f1 
Number of updated asset objects reloaded before import = 0Number of asset objects unloaded after import = 1

========================================================================
Received Import Request.
  Time since last request: 0.000049 seconds.
  path: Assets/TextMesh Pro/Examples & Extras/Scripts/ObjectSpin.cs
  importAddress: Guid(4f19c7f94c794c5097d8bd11e39c750d) Importer(2089858483,b0f066a214c2f5e87bad3c948f4d605d)
Start importing Assets/TextMesh Pro/Examples & Extras/Scripts/ObjectSpin.cs using Guid(4f19c7f94c794c5097d8bd11e39c750d) Importer(2089858483,b0f066a214c2f5e87bad3c948f4d605d) (ScriptedImporter) -> (Import Result ID: 'dfbe26b38f102ebd4a82e0d6402e466b') in 0.0343636 seconds [static and dynamic dependencies]. Details - ImportResultOutputID=c2953ca05f2c6a236624cec162d1ff2b DependenciesID=19a3594a40e196e9738e4ed1054c2f5f StaticDependenciesID=1ff22a1c5300321f9b82e2516a093073 
Number of updated asset objects reloaded before import = 0Number of asset objects unloaded after import = 0

========================================================================
Received Import Request.
  Time since last request: 0.000030 seconds.
  path: Assets/TextMesh Pro/Examples & Extras/Materials/Ground - URP.mat
  importAddress: Guid(71529b88994c1a341b22bc57c038674a) Importer(2089858483,b0f066a214c2f5e87bad3c948f4d605d)
Start importing Assets/TextMesh Pro/Examples & Extras/Materials/Ground - URP.mat using Guid(71529b88994c1a341b22bc57c038674a) Importer(2089858483,b0f066a214c2f5e87bad3c948f4d605d) (ScriptedImporter) -> (Import Result ID: '5a8207401173245603892c15bfe045e2') in 0.0726529 seconds [static and dynamic dependencies]. Details - ImportResultOutputID=b5a940aeabdd6f5162d2d2aeb3da88fd DependenciesID=448eea5c1934498d0b9917751c7496b1 StaticDependenciesID=dee659d314c45d61300751fb85cd9089 
Number of updated asset objects reloaded before import = 0Number of asset objects unloaded after import = 2

========================================================================
Received Import Request.
  Time since last request: 0.000035 seconds.
  path: Assets/TextMesh Pro/Examples & Extras/Textures/Wipe Pattern - Circle.psd
  importAddress: Guid(10c49fcd9c64421db7c0133e61e55f97) Importer(2089858483,b0f066a214c2f5e87bad3c948f4d605d)
Start importing Assets/TextMesh Pro/Examples & Extras/Textures/Wipe Pattern - Circle.psd using Guid(10c49fcd9c64421db7c0133e61e55f97) Importer(2089858483,b0f066a214c2f5e87bad3c948f4d605d) (ScriptedImporter) -> (Import Result ID: '9cf7b0b603a68990ef289b7cd6dcc299') in 0.0512922 seconds [static and dynamic dependencies]. Details - ImportResultOutputID=d54d7aa142db836a31749014c61fa2de DependenciesID=685b8ec302ffbcf1ee84b096cdfc79f0 StaticDependenciesID=cfee8e9743d8b7aa212d8155f9f3675d 
Number of updated asset objects reloaded before import = 0Number of asset objects unloaded after import = 1

========================================================================
Received Import Request.
  Time since last request: 0.000048 seconds.
  path: Assets/TextMesh Pro/Examples & Extras/Scenes/09 - Margin Tag Example.unity
  importAddress: Guid(349f38d3606449708c7340d26740e1e2) Importer(2089858483,b0f066a214c2f5e87bad3c948f4d605d)
Start importing Assets/TextMesh Pro/Examples & Extras/Scenes/09 - Margin Tag Example.unity using Guid(349f38d3606449708c7340d26740e1e2) Importer(2089858483,b0f066a214c2f5e87bad3c948f4d605d) (ScriptedImporter) -> (Import Result ID: '8e62c2d75dee5903cd759f1aff7abe66') in 0.0573079 seconds [static and dynamic dependencies]. Details - ImportResultOutputID=e15842f37cb0bb87a4d5d963ecada944 DependenciesID=c3f7d185edfd791450c69372612faf6c StaticDependenciesID=ae32a625901c71069886950a1b0ecd8d 
Number of updated asset objects reloaded before import = 0Number of asset objects unloaded after import = 1

========================================================================
Received Import Request.
  Time since last request: 0.000026 seconds.
  path: Assets/Visuals/LockButtons/9.png
  importAddress: Guid(bdef1e9a5d068e94280cc8a059b1b821) Importer(2089858483,b0f066a214c2f5e87bad3c948f4d605d)
Start importing Assets/Visuals/LockButtons/9.png using Guid(bdef1e9a5d068e94280cc8a059b1b821) Importer(2089858483,b0f066a214c2f5e87bad3c948f4d605d) (ScriptedImporter) -> (Import Result ID: '5294eae045dbb132d08647b91e54769a') in 0.036731 seconds [static and dynamic dependencies]. Details - ImportResultOutputID=9a02bec5045b2f2488748afeacb4efb0 DependenciesID=dc6605adff017769c0f6871919a700e8 StaticDependenciesID=9c09c19c3a4a5158ac0fba51a979671f 
Number of updated asset objects reloaded before import = 0Number of asset objects unloaded after import = 3

========================================================================
Received Import Request.
  Time since last request: 0.000032 seconds.
  path: Assets/DropManager.cs
  importAddress: Guid(81483aca1630010438afac79c96dbcae) Importer(2089858483,b0f066a214c2f5e87bad3c948f4d605d)
Start importing Assets/DropManager.cs using Guid(81483aca1630010438afac79c96dbcae) Importer(2089858483,b0f066a214c2f5e87bad3c948f4d605d) (ScriptedImporter) -> (Import Result ID: '30e32c0800ef5f6f0e93daa7919e4f23') in 0.0291578 seconds [static and dynamic dependencies]. Details - ImportResultOutputID=3792ed0da2c5e89359649a1f8e79e8b0 DependenciesID=c7f5a1b632a68194f68298c549708afd StaticDependenciesID=c8ba93a6f210bf76166f6f7ea90306ca 
Number of updated asset objects reloaded before import = 0Number of asset objects unloaded after import = 0

========================================================================
Received Import Request.
  Time since last request: 0.000048 seconds.
  path: Assets/YandexGame/Example/Scripts/DebugViewing.cs
  importAddress: Guid(a21868984234d1445a9f3585607e3804) Importer(2089858483,b0f066a214c2f5e87bad3c948f4d605d)
Start importing Assets/YandexGame/Example/Scripts/DebugViewing.cs using Guid(a21868984234d1445a9f3585607e3804) Importer(2089858483,b0f066a214c2f5e87bad3c948f4d605d) (ScriptedImporter) -> (Import Result ID: '2cd4337c54e28e8c678349a01022a381') in 0.0273815 seconds [static and dynamic dependencies]. Details - ImportResultOutputID=c760cffdc74bc0673e847c0287980212 DependenciesID=58d911fc02fc2b724bef148d903d27f1 StaticDependenciesID=0f0087af0d1604434999f3631e7926dc 
Number of updated asset objects reloaded before import = 0Number of asset objects unloaded after import = 0

========================================================================
Received Import Request.
  Time since last request: 0.000036 seconds.
  path: Assets/TextMesh Pro/Resources/Fonts & Materials/LiberationSans SDF - Drop Shadow.mat
  importAddress: Guid(e73a58f6e2794ae7b1b7e50b7fb811b0) Importer(2089858483,b0f066a214c2f5e87bad3c948f4d605d)
Start importing Assets/TextMesh Pro/Resources/Fonts & Materials/LiberationSans SDF - Drop Shadow.mat using Guid(e73a58f6e2794ae7b1b7e50b7fb811b0) Importer(2089858483,b0f066a214c2f5e87bad3c948f4d605d) (ScriptedImporter) -> (Import Result ID: 'e917edfd8608076475f7911057e3053e') in 0.0741657 seconds [static and dynamic dependencies]. Details - ImportResultOutputID=c9d98222b5af795c2ebdc82d1f086d6f DependenciesID=6adba2e71da97ec7ca1f0f78855a8aa3 StaticDependenciesID=6ad0d3979512cff7ca5be0c6551e59c7 
Number of updated asset objects reloaded before import = 0Number of asset objects unloaded after import = 2

========================================================================
Received Import Request.
  Time since last request: 0.000037 seconds.
  path: Assets/TextMesh Pro/Examples & Extras/Fonts/Oswald-Bold.ttf
  importAddress: Guid(c9f6d0e7bc8541498c9a4799ba184ede) Importer(2089858483,b0f066a214c2f5e87bad3c948f4d605d)
Start importing Assets/TextMesh Pro/Examples & Extras/Fonts/Oswald-Bold.ttf using Guid(c9f6d0e7bc8541498c9a4799ba184ede) Importer(2089858483,b0f066a214c2f5e87bad3c948f4d605d) (ScriptedImporter) -> (Import Result ID: '0b58526d6757832a60416b6f93768292') in 0.0536481 seconds [static and dynamic dependencies]. Details - ImportResultOutputID=d2084df8add0a00c7443581be1b9fb80 DependenciesID=1838e2bef0f804fae451265155979ca5 StaticDependenciesID=3f72ae5c5679785698213c9e34dfdf5b 
Number of updated asset objects reloaded before import = 0Number of asset objects unloaded after import = 3

========================================================================
Received Import Request.
  Time since last request: 0.000049 seconds.
  path: Assets/TextMesh Pro/Resources/Sprite Assets/EmojiOne.asset
  importAddress: Guid(c41005c129ba4d66911b75229fd70b45) Importer(2089858483,b0f066a214c2f5e87bad3c948f4d605d)
Start importing Assets/TextMesh Pro/Resources/Sprite Assets/EmojiOne.asset using Guid(c41005c129ba4d66911b75229fd70b45) Importer(2089858483,b0f066a214c2f5e87bad3c948f4d605d) (ScriptedImporter) -> (Import Result ID: '193aa6345abb6df3060148b96bc483db') in 0.0375021 seconds [static and dynamic dependencies]. Details - ImportResultOutputID=3786f58ddffb9414ab6c02067ffd03e5 DependenciesID=757909917b338b7940727b8da9a1c369 StaticDependenciesID=67c9aa932c07d136b63c21638e15ae51 
Number of updated asset objects reloaded before import = 0Number of asset objects unloaded after import = 3

========================================================================
Received Import Request.
  Time since last request: 0.000030 seconds.
  path: Assets/YandexGame/Example/Scripts/GetPlayerData.cs
  importAddress: Guid(5f3580921e3d73a43a9b20e250ba9b55) Importer(2089858483,b0f066a214c2f5e87bad3c948f4d605d)
Start importing Assets/YandexGame/Example/Scripts/GetPlayerData.cs using Guid(5f3580921e3d73a43a9b20e250ba9b55) Importer(2089858483,b0f066a214c2f5e87bad3c948f4d605d) (ScriptedImporter) -> (Import Result ID: 'ff0596c11a6093098fbe9579130fecac') in 0.0267114 seconds [static and dynamic dependencies]. Details - ImportResultOutputID=0c6fd45753e3c6b87dcf7af0b7f14bbf DependenciesID=ffbde27abda07e5ed0eeb2f712c3da89 StaticDependenciesID=6f3f96a4134712770e16cdec108b36b0 
Number of updated asset objects reloaded before import = 0Number of asset objects unloaded after import = 0

========================================================================
Received Import Request.
  Time since last request: 0.000034 seconds.
  path: Assets/YandexGame/Prefabs/Ads/Timer Before Ads.prefab
  importAddress: Guid(35fa95bde1a56744eb9b514cef2e0af8) Importer(2089858483,b0f066a214c2f5e87bad3c948f4d605d)
Start importing Assets/YandexGame/Prefabs/Ads/Timer Before Ads.prefab using Guid(35fa95bde1a56744eb9b514cef2e0af8) Importer(2089858483,b0f066a214c2f5e87bad3c948f4d605d) (ScriptedImporter) -> (Import Result ID: '6f93812eb0a7bfe7f84a9eb1d5aa2d63') in 0.0801679 seconds [static and dynamic dependencies]. Details - ImportResultOutputID=44b74a5e65d024ff7fc71d9b93ba8b37 DependenciesID=6434baf72e2a65c73aacbe3d78e42f70 StaticDependenciesID=829f287b3a39ed4d8bef652ac0c293a6 
Number of updated asset objects reloaded before import = 0Number of asset objects unloaded after import = 24

========================================================================
Received Import Request.
  Time since last request: 0.000085 seconds.
  path: Assets/Animation/Barber/BarberAvatar.png
  importAddress: Guid(8693fe9a65d95304da48c175b7a4c9db) Importer(2089858483,b0f066a214c2f5e87bad3c948f4d605d)
Start importing Assets/Animation/Barber/BarberAvatar.png using Guid(8693fe9a65d95304da48c175b7a4c9db) Importer(2089858483,b0f066a214c2f5e87bad3c948f4d605d) (ScriptedImporter) -> (Import Result ID: '62127af1dbcb4049a1fe41cf9ff332cf') in 0.0408439 seconds [static and dynamic dependencies]. Details - ImportResultOutputID=1cbdd016e60a6405010c028e5aee3e32 DependenciesID=12f478ca1347ac81cedb15418c44ff07 StaticDependenciesID=bf80efb1451b057aad762eadf1267f6d 
Number of updated asset objects reloaded before import = 0Number of asset objects unloaded after import = 3

========================================================================
Received Import Request.
  Time since last request: 0.000032 seconds.
  path: Assets/TextMesh Pro/Examples & Extras/Textures/Gradient Diagonal (Color).jpg
  importAddress: Guid(2ce5c55e85304b819a1826ecbc839aa5) Importer(2089858483,b0f066a214c2f5e87bad3c948f4d605d)
Start importing Assets/TextMesh Pro/Examples & Extras/Textures/Gradient Diagonal (Color).jpg using Guid(2ce5c55e85304b819a1826ecbc839aa5) Importer(2089858483,b0f066a214c2f5e87bad3c948f4d605d) (ScriptedImporter) -> (Import Result ID: '03b672ed7213805c0ea55f7aa8b3fbb4') in 0.0509735 seconds [static and dynamic dependencies]. Details - ImportResultOutputID=039de00750f0439a99ad1af4c79e515b DependenciesID=2279caf96edc3f4fe40d2701c67ccfe8 StaticDependenciesID=8aa387ad09bdb62cca26e35f53c0495d 
Number of updated asset objects reloaded before import = 0Number of asset objects unloaded after import = 1

========================================================================
Received Import Request.
  Time since last request: 0.000043 seconds.
  path: Assets/YandexGame/ScriptsYG/Inside/ConfigYG.cs
  importAddress: Guid(2726b935d9a3f7d4fa7814a8c6be7f37) Importer(2089858483,b0f066a214c2f5e87bad3c948f4d605d)
Start importing Assets/YandexGame/ScriptsYG/Inside/ConfigYG.cs using Guid(2726b935d9a3f7d4fa7814a8c6be7f37) Importer(2089858483,b0f066a214c2f5e87bad3c948f4d605d) (ScriptedImporter) -> (Import Result ID: '30cf6943476522fc2cd7014d093383b9') in 0.026876 seconds [static and dynamic dependencies]. Details - ImportResultOutputID=db95bcf960874f5b13a58975d16a2170 DependenciesID=a4bb2828c72695f7667f20e606454b4f StaticDependenciesID=4f99b3773cf2f80cd3948261ed258e8a 
Number of updated asset objects reloaded before import = 0Number of asset objects unloaded after import = 0

========================================================================
Received Import Request.
  Time since last request: 0.000045 seconds.
  path: Assets/YandexGame/Example/Scripts/SwitchSceneTest.cs
  importAddress: Guid(da7b11839e4c8104d8ff378f58121c39) Importer(2089858483,b0f066a214c2f5e87bad3c948f4d605d)
Start importing Assets/YandexGame/Example/Scripts/SwitchSceneTest.cs using Guid(da7b11839e4c8104d8ff378f58121c39) Importer(2089858483,b0f066a214c2f5e87bad3c948f4d605d) (ScriptedImporter) -> (Import Result ID: '5ae27a65b3183b306801405a2bbc56f8') in 0.0289177 seconds [static and dynamic dependencies]. Details - ImportResultOutputID=64552534e3143866e400e85a879ef32b DependenciesID=bf2f0c3918837252167ce36b5214f4ce StaticDependenciesID=f1f47884fdcecd0720f3881b3e14f49b 
Number of updated asset objects reloaded before import = 0Number of asset objects unloaded after import = 0

========================================================================
Received Import Request.
  Time since last request: 0.000025 seconds.
  path: Assets/YandexGame/ScriptsYG/Inside/CallingAnEvent.cs
  importAddress: Guid(0940eae2ca11f1a49a9d640f7abdc6b5) Importer(2089858483,b0f066a214c2f5e87bad3c948f4d605d)
Start importing Assets/YandexGame/ScriptsYG/Inside/CallingAnEvent.cs using Guid(0940eae2ca11f1a49a9d640f7abdc6b5) Importer(2089858483,b0f066a214c2f5e87bad3c948f4d605d) (ScriptedImporter) -> (Import Result ID: '7878cb5f5c2c68e7a2292c54ad089a14') in 0.0304552 seconds [static and dynamic dependencies]. Details - ImportResultOutputID=a94a61d20142c81a72b4fac0de93e666 DependenciesID=ea3bb42ebc4a1aa0dded5b4e0656a114 StaticDependenciesID=672d5d8b6064e40506301eb88d5085d9 
Number of updated asset objects reloaded before import = 0Number of asset objects unloaded after import = 0

========================================================================
Received Import Request.
  Time since last request: 0.000031 seconds.
  path: Assets/TextMesh Pro/Examples & Extras/Scripts/TMP_TextInfoDebugTool.cs
  importAddress: Guid(21256c5b62f346f18640dad779911e20) Importer(2089858483,b0f066a214c2f5e87bad3c948f4d605d)
Start importing Assets/TextMesh Pro/Examples & Extras/Scripts/TMP_TextInfoDebugTool.cs using Guid(21256c5b62f346f18640dad779911e20) Importer(2089858483,b0f066a214c2f5e87bad3c948f4d605d) (ScriptedImporter) -> (Import Result ID: 'bb0adf345d89a7c7d61142988a76b1b8') in 0.0338401 seconds [static and dynamic dependencies]. Details - ImportResultOutputID=57d1a3bc541375cf89ee7659ac3f16f8 DependenciesID=e71fd1df90b8d0f944a5d222564fde83 StaticDependenciesID=ace477cc26a36fecc58acc8da22d626a 
Number of updated asset objects reloaded before import = 0Number of asset objects unloaded after import = 0

========================================================================
Received Import Request.
  Time since last request: 0.000048 seconds.
  path: Assets/YandexGame/ScriptsYG/Language/UtilsLang.cs
  importAddress: Guid(b5345671a46b35b499fb5bb465b2ab13) Importer(2089858483,b0f066a214c2f5e87bad3c948f4d605d)
Start importing Assets/YandexGame/ScriptsYG/Language/UtilsLang.cs using Guid(b5345671a46b35b499fb5bb465b2ab13) Importer(2089858483,b0f066a214c2f5e87bad3c948f4d605d) (ScriptedImporter) -> (Import Result ID: '067842d8208dab13ba286e5f7b4a30f3') in 0.0281492 seconds [static and dynamic dependencies]. Details - ImportResultOutputID=2473f82d60f4e3f46f1388aedabe1192 DependenciesID=353687216841690c942b4974af4f0da9 StaticDependenciesID=1650478cab37118b92d74fed8cda1410 
Number of updated asset objects reloaded before import = 0Number of asset objects unloaded after import = 0

========================================================================
Received Import Request.
  Time since last request: 0.000025 seconds.
  path: Assets/YandexGame/ScriptsYG/UnityToolbag-main/LICENSE.txt
  importAddress: Guid(4fb3f32c97c5d90499ea00c045a10920) Importer(2089858483,b0f066a214c2f5e87bad3c948f4d605d)
Start importing Assets/YandexGame/ScriptsYG/UnityToolbag-main/LICENSE.txt using Guid(4fb3f32c97c5d90499ea00c045a10920) Importer(2089858483,b0f066a214c2f5e87bad3c948f4d605d) (ScriptedImporter) -> (Import Result ID: 'aa6ccee9fc8ccbba43396e814ba2743f') in 0.1204512 seconds [static and dynamic dependencies]. Details - ImportResultOutputID=84b3d012270e8d1077bef66bf25fb39e DependenciesID=d66c91e49ffa35b3f8ca3a148978b9e6 StaticDependenciesID=9a49892036f49b0f7f2064f946b6b717 
Number of updated asset objects reloaded before import = 0Number of asset objects unloaded after import = 1

========================================================================
Received Import Request.
  Time since last request: 0.000036 seconds.
  path: Assets/TextMesh Pro/Examples & Extras/Scripts/TMP_UiFrameRateCounter.cs
  importAddress: Guid(24b0dc2d1d494adbbec1f4db26b4cf83) Importer(2089858483,b0f066a214c2f5e87bad3c948f4d605d)
Start importing Assets/TextMesh Pro/Examples & Extras/Scripts/TMP_UiFrameRateCounter.cs using Guid(24b0dc2d1d494adbbec1f4db26b4cf83) Importer(2089858483,b0f066a214c2f5e87bad3c948f4d605d) (ScriptedImporter) -> (Import Result ID: 'dde537709bf08b472eecdfb09641e6c3') in 0.0419858 seconds [static and dynamic dependencies]. Details - ImportResultOutputID=7cce4afc18c52ad43d9fa1138a313081 DependenciesID=e10a7528e349e19c0c899cc46aa3384c StaticDependenciesID=24350d591b29ea0f1bff54b7d4df638a 
Number of updated asset objects reloaded before import = 0Number of asset objects unloaded after import = 0

========================================================================
Received Import Request.
  Time since last request: 0.000168 seconds.
  path: Assets/TextMesh Pro/Examples & Extras/Resources/Fonts & Materials/Bangers SDF Glow.mat
  importAddress: Guid(d75b8f41e959450c84ac6e967084d3e1) Importer(2089858483,b0f066a214c2f5e87bad3c948f4d605d)
Start importing Assets/TextMesh Pro/Examples & Extras/Resources/Fonts & Materials/Bangers SDF Glow.mat using Guid(d75b8f41e959450c84ac6e967084d3e1) Importer(2089858483,b0f066a214c2f5e87bad3c948f4d605d) (ScriptedImporter) -> (Import Result ID: '6b390f6ecd5445db050fd8e6058719cc') in 0.1341241 seconds [static and dynamic dependencies]. Details - ImportResultOutputID=5c9a5d369bc68184b2df384790971f35 DependenciesID=e080b837d53a896b209120a2fae9f1bd StaticDependenciesID=c54a0ebed042d87ac746b9a396cd472d 
Number of updated asset objects reloaded before import = 0Number of asset objects unloaded after import = 3

========================================================================
Received Import Request.
  Time since last request: 0.000031 seconds.
  path: Assets/TextMesh Pro/Examples & Extras/Resources/Fonts & Materials/Electronic Highway Sign SDF.asset
  importAddress: Guid(dc36b3fdc14f47ebb36fd484a67e268a) Importer(2089858483,b0f066a214c2f5e87bad3c948f4d605d)
Start importing Assets/TextMesh Pro/Examples & Extras/Resources/Fonts & Materials/Electronic Highway Sign SDF.asset using Guid(dc36b3fdc14f47ebb36fd484a67e268a) Importer(2089858483,b0f066a214c2f5e87bad3c948f4d605d) (ScriptedImporter) -> (Import Result ID: '2530225de08a1e57f7657ac42e79e6b0') in 0.0816783 seconds [static and dynamic dependencies]. Details - ImportResultOutputID=a59897cfc53dff845b95587642251ade DependenciesID=0b910216f6ea8e5717878b754379e84c StaticDependenciesID=89fafc375a9ca5bef4214b213af00e45 
Number of updated asset objects reloaded before import = 0Number of asset objects unloaded after import = 5

========================================================================
Received Import Request.
  Time since last request: 0.000056 seconds.
  path: Assets/TextMesh Pro/Examples & Extras/Resources/Fonts & Materials/Anton SDF - Sunny Days.mat
  importAddress: Guid(6522f30e342599e4e9dd4cc2cc03c830) Importer(2089858483,b0f066a214c2f5e87bad3c948f4d605d)
Start importing Assets/TextMesh Pro/Examples & Extras/Resources/Fonts & Materials/Anton SDF - Sunny Days.mat using Guid(6522f30e342599e4e9dd4cc2cc03c830) Importer(2089858483,b0f066a214c2f5e87bad3c948f4d605d) (ScriptedImporter) -> (Import Result ID: '91362a18516a9933f45b0ff8ddd083c0') in 0.1180525 seconds [static and dynamic dependencies]. Details - ImportResultOutputID=3d059d3398d678863167c882072c42d1 DependenciesID=53e7e14dc5ddfd01aed1cf1ae5b6e81e StaticDependenciesID=5be443c99c939c7147c847f918a4e76c 
Number of updated asset objects reloaded before import = 0Number of asset objects unloaded after import = 4

========================================================================
Received Import Request.
  Time since last request: 0.000036 seconds.
  path: Assets/TextMesh Pro/Examples & Extras/Resources/Fonts & Materials/Roboto-Bold SDF - URP.mat
  importAddress: Guid(90722b8bd74d9aa49958562aff7bdf76) Importer(2089858483,b0f066a214c2f5e87bad3c948f4d605d)
Start importing Assets/TextMesh Pro/Examples & Extras/Resources/Fonts & Materials/Roboto-Bold SDF - URP.mat using Guid(90722b8bd74d9aa49958562aff7bdf76) Importer(2089858483,b0f066a214c2f5e87bad3c948f4d605d) (ScriptedImporter) -> (Import Result ID: 'ba79d4ab070e0a7b322375ddc6054816') in 0.1221321 seconds [static and dynamic dependencies]. Details - ImportResultOutputID=37d91a75999f8d3697d7b1793ab2c9a5 DependenciesID=20f98dbfde31241d46d41be11df7f308 StaticDependenciesID=4f613cd65e3ec92bb3d75c414fb9b10d 
Number of updated asset objects reloaded before import = 0Number of asset objects unloaded after import = 3

========================================================================
Received Import Request.
  Time since last request: 0.000050 seconds.
  path: Assets/TextMesh Pro/Examples & Extras/Resources/Color Gradient Presets/Blue to Purple - Vertical.asset
  importAddress: Guid(479a66fa4b094512a62b0a8e553ad95a) Importer(2089858483,b0f066a214c2f5e87bad3c948f4d605d)
Start importing Assets/TextMesh Pro/Examples & Extras/Resources/Color Gradient Presets/Blue to Purple - Vertical.asset using Guid(479a66fa4b094512a62b0a8e553ad95a) Importer(2089858483,b0f066a214c2f5e87bad3c948f4d605d) (ScriptedImporter) -> (Import Result ID: '5c14f66adf1aeabff8cffec351b4cb2b') in 0.0707105 seconds [static and dynamic dependencies]. Details - ImportResultOutputID=4a0a91b34fb692cd17caaa8d334f710a DependenciesID=3d21d39200f37a631805be8281d64242 StaticDependenciesID=497f307fde80f16895c0f8dd44659e8f 
Number of updated asset objects reloaded before import = 0Number of asset objects unloaded after import = 1

========================================================================
Received Import Request.
  Time since last request: 0.000034 seconds.
  path: Assets/TextMesh Pro/Examples & Extras/Resources/Sprite Assets/Default Sprite Asset.asset
  importAddress: Guid(fbef3c704dce48f08a44612d6c856c8d) Importer(2089858483,b0f066a214c2f5e87bad3c948f4d605d)
Start importing Assets/TextMesh Pro/Examples & Extras/Resources/Sprite Assets/Default Sprite Asset.asset using Guid(fbef3c704dce48f08a44612d6c856c8d) Importer(2089858483,b0f066a214c2f5e87bad3c948f4d605d) (ScriptedImporter) -> (Import Result ID: 'f8e83616c48027ca6299b63c5cf5b917') in 0.0653487 seconds [static and dynamic dependencies]. Details - ImportResultOutputID=30c47f0fcec0e10e76ee4691262eb871 DependenciesID=ea6dcfaac5b1de368b3bd796cff99eeb StaticDependenciesID=0fb2a5f07a995bf72dbb4d30de5dbc61 
Number of updated asset objects reloaded before import = 0Number of asset objects unloaded after import = 3

========================================================================
Received Import Request.
  Time since last request: 0.000041 seconds.
  path: Assets/TextMesh Pro/Examples & Extras/Resources/Fonts & Materials/Roboto-Bold SDF - Surface.mat
  importAddress: Guid(e6b276ec991f467aa14ef1f3cc665993) Importer(2089858483,b0f066a214c2f5e87bad3c948f4d605d)
Start importing Assets/TextMesh Pro/Examples & Extras/Resources/Fonts & Materials/Roboto-Bold SDF - Surface.mat using Guid(e6b276ec991f467aa14ef1f3cc665993) Importer(2089858483,b0f066a214c2f5e87bad3c948f4d605d) (ScriptedImporter) -> (Import Result ID: '0d6e97235dce22ab248150e223a73c88') in 0.0693113 seconds [static and dynamic dependencies]. Details - ImportResultOutputID=4b8e6de20ad5fd36fe083bbf860482ea DependenciesID=0ab296a15536446552df85831ce6dca0 StaticDependenciesID=0e54161e1211c5f0f73672e25f71d160 
Number of updated asset objects reloaded before import = 0Number of asset objects unloaded after import = 2

========================================================================
Received Import Request.
  Time since last request: 0.000049 seconds.
  path: Assets/YandexGame/ScriptsYG/Payments/ConsumePurchasesYG.cs
  importAddress: Guid(9c66d3ab56cc71745982569cb28c3dc3) Importer(2089858483,b0f066a214c2f5e87bad3c948f4d605d)
Start importing Assets/YandexGame/ScriptsYG/Payments/ConsumePurchasesYG.cs using Guid(9c66d3ab56cc71745982569cb28c3dc3) Importer(2089858483,b0f066a214c2f5e87bad3c948f4d605d) (ScriptedImporter) -> (Import Result ID: '52e8aa67a4ed290d8798f33515d4d7e0') in 0.0273583 seconds [static and dynamic dependencies]. Details - ImportResultOutputID=8a598984abf06a068c90305ae38bb2df DependenciesID=3531319cafcdb7ef44b3dbd157a406e1 StaticDependenciesID=37a5ab1ff62e327a12bc3f042285ae57 
Number of updated asset objects reloaded before import = 0Number of asset objects unloaded after import = 0

========================================================================
Received Import Request.
  Time since last request: 0.000029 seconds.
  path: Assets/YandexGame/ScriptsYG/InfoYG/Editor/InfoYGEditor.cs
  importAddress: Guid(7afd507869c31d941aef2149638e7a6a) Importer(2089858483,b0f066a214c2f5e87bad3c948f4d605d)
Start importing Assets/YandexGame/ScriptsYG/InfoYG/Editor/InfoYGEditor.cs using Guid(7afd507869c31d941aef2149638e7a6a) Importer(2089858483,b0f066a214c2f5e87bad3c948f4d605d) (ScriptedImporter) -> (Import Result ID: '5eaaccc0173ea673ba296fcaf0d98531') in 0.0326145 seconds [static and dynamic dependencies]. Details - ImportResultOutputID=1438a1579f333ec9507ba9cb6964952c DependenciesID=4469df9afd79efffe0c665b1b47837cd StaticDependenciesID=5c79e93334a336f7e21c31dcbd75c2c8 
Number of updated asset objects reloaded before import = 0Number of asset objects unloaded after import = 0

========================================================================
Received Import Request.
  Time since last request: 0.000032 seconds.
  path: Assets/YandexGame/ScriptsYG/Authorization/Editor/Auth_build.cs
  importAddress: Guid(3589db19e90ec4f4c88532f05da5bf4b) Importer(2089858483,b0f066a214c2f5e87bad3c948f4d605d)
Start importing Assets/YandexGame/ScriptsYG/Authorization/Editor/Auth_build.cs using Guid(3589db19e90ec4f4c88532f05da5bf4b) Importer(2089858483,b0f066a214c2f5e87bad3c948f4d605d) (ScriptedImporter) -> (Import Result ID: '99bf23116769173e0bf5be405678efe5') in 0.0298062 seconds [static and dynamic dependencies]. Details - ImportResultOutputID=f747ac81408d6932f727d99ab1b87c4d DependenciesID=8c5956949b2cc84ee41f416d1d4e2c31 StaticDependenciesID=d2f74c8ece3e99102ab8b9ca2e5e183d 
Number of updated asset objects reloaded before import = 0Number of asset objects unloaded after import = 0

========================================================================
Received Import Request.
  Time since last request: 0.000050 seconds.
  path: Assets/YandexGame/ScriptsYG/EnvironmentData/Editor/EnvirData_build.cs
  importAddress: Guid(e938b56874f4a5145956d71da81e9ef3) Importer(2089858483,b0f066a214c2f5e87bad3c948f4d605d)
Start importing Assets/YandexGame/ScriptsYG/EnvironmentData/Editor/EnvirData_build.cs using Guid(e938b56874f4a5145956d71da81e9ef3) Importer(2089858483,b0f066a214c2f5e87bad3c948f4d605d) (ScriptedImporter) -> (Import Result ID: '79e541c28c80fa12212f413302254aff') in 0.0272696 seconds [static and dynamic dependencies]. Details - ImportResultOutputID=33af6181caf8351602b59dc17ef090b8 DependenciesID=03d14f59488ea586ec1c77df3a11b9f9 StaticDependenciesID=79c03ada8258ad53c32e9c54d9ed58ff 
Number of updated asset objects reloaded before import = 0Number of asset objects unloaded after import = 0

========================================================================
Received Import Request.
  Time since last request: 0.000033 seconds.
  path: Assets/YandexGame/ScriptsYG/EnvironmentData/Editor/EnvirData_js.js
  importAddress: Guid(72cf57c5b2bf04b4380bc6ab48251d02) Importer(2089858483,b0f066a214c2f5e87bad3c948f4d605d)
Start importing Assets/YandexGame/ScriptsYG/EnvironmentData/Editor/EnvirData_js.js using Guid(72cf57c5b2bf04b4380bc6ab48251d02) Importer(2089858483,b0f066a214c2f5e87bad3c948f4d605d) (ScriptedImporter) -> (Import Result ID: 'aa0a863800ca2116b506ac1b98d1c96a') in 0.0286539 seconds [static and dynamic dependencies]. Details - ImportResultOutputID=bcce65b3fddd35601f664cd22bd284ef DependenciesID=b5815ba6fe40e4a2f575175b0019960e StaticDependenciesID=8a941507d2ca21f36bcbda46ba5c2e54 
Number of updated asset objects reloaded before import = 0Number of asset objects unloaded after import = 1

========================================================================
Received Import Request.
  Time since last request: 0.000037 seconds.
  path: Assets/YandexGame/ScriptsYG/Language/Editor/LanguageYGEditor.cs
  importAddress: Guid(8f60c77fd7cff084d82071995ec21952) Importer(2089858483,b0f066a214c2f5e87bad3c948f4d605d)
Start importing Assets/YandexGame/ScriptsYG/Language/Editor/LanguageYGEditor.cs using Guid(8f60c77fd7cff084d82071995ec21952) Importer(2089858483,b0f066a214c2f5e87bad3c948f4d605d) (ScriptedImporter) -> (Import Result ID: '6a8791fedf301a9817a1dee791796afb') in 0.0303855 seconds [static and dynamic dependencies]. Details - ImportResultOutputID=cd832e3fcd15e2c1e2a2ed98a0e53207 DependenciesID=5945b917a5122d2d99bd4cca7fdbecf6 StaticDependenciesID=6118f77ad1894695667bda9ff3f0ae4a 
Number of updated asset objects reloaded before import = 0Number of asset objects unloaded after import = 0

========================================================================
Received Import Request.
  Time since last request: 0.000053 seconds.
  path: Assets/YandexGame/ScriptsYG/Leaderboards/InternalScripts/Leaderboards_yg.cs
  importAddress: Guid(1f93b0273ae27424aa6ac2cc69508ea3) Importer(2089858483,b0f066a214c2f5e87bad3c948f4d605d)
Start importing Assets/YandexGame/ScriptsYG/Leaderboards/InternalScripts/Leaderboards_yg.cs using Guid(1f93b0273ae27424aa6ac2cc69508ea3) Importer(2089858483,b0f066a214c2f5e87bad3c948f4d605d) (ScriptedImporter) -> (Import Result ID: 'f13eebd1c1d9d9bd73bb0445dc7006b3') in 0.0326792 seconds [static and dynamic dependencies]. Details - ImportResultOutputID=d0df23b0901f9342820d59165503de4b DependenciesID=908c6445f0f457e53199ec3599e76f79 StaticDependenciesID=39cf8b52b4d49a7004e357143b98373c 
Number of updated asset objects reloaded before import = 0Number of asset objects unloaded after import = 0

========================================================================
Received Import Request.
  Time since last request: 0.000032 seconds.
  path: Assets/YandexGame/ScriptsYG/Language/Editor/CSVFileEditorWindow.cs
  importAddress: Guid(27ee5bc42915ab54da807b1e05eba505) Importer(2089858483,b0f066a214c2f5e87bad3c948f4d605d)
Start importing Assets/YandexGame/ScriptsYG/Language/Editor/CSVFileEditorWindow.cs using Guid(27ee5bc42915ab54da807b1e05eba505) Importer(2089858483,b0f066a214c2f5e87bad3c948f4d605d) (ScriptedImporter) -> (Import Result ID: '974fed9a1ef435e128f13db6b48359ff') in 0.0322867 seconds [static and dynamic dependencies]. Details - ImportResultOutputID=508d37fd17bfe6ed25aba624a8af38a4 DependenciesID=8d6c46520d36be070ac17f5977646409 StaticDependenciesID=22caa30075a361dbd579a5920670b597 
Number of updated asset objects reloaded before import = 0Number of asset objects unloaded after import = 0

========================================================================
Received Import Request.
  Time since last request: 0.000033 seconds.
  path: Assets/YandexGame/ScriptsYG/Leaderboards/Editor/Leaderboards_build.cs
  importAddress: Guid(d2d3051b090619244b7e6ad4ddd1d55c) Importer(2089858483,b0f066a214c2f5e87bad3c948f4d605d)
Start importing Assets/YandexGame/ScriptsYG/Leaderboards/Editor/Leaderboards_build.cs using Guid(d2d3051b090619244b7e6ad4ddd1d55c) Importer(2089858483,b0f066a214c2f5e87bad3c948f4d605d) (ScriptedImporter) -> (Import Result ID: '627f73e8c8e8700b7bfccc67a824905d') in 0.0333216 seconds [static and dynamic dependencies]. Details - ImportResultOutputID=7c09adc8689f6bbc179da2f68a845f12 DependenciesID=667f10c00f7ee61679bce50845dd8cae StaticDependenciesID=42573f01d84f5e2899adac0bf3843e65 
Number of updated asset objects reloaded before import = 0Number of asset objects unloaded after import = 0

========================================================================
Received Import Request.
  Time since last request: 0.000051 seconds.
  path: Assets/YandexGame/ScriptsYG/Payments/Plugins/Payments.jslib
  importAddress: Guid(238de6e218a20f040954f53d2765c703) Importer(2089858483,b0f066a214c2f5e87bad3c948f4d605d)
Start importing Assets/YandexGame/ScriptsYG/Payments/Plugins/Payments.jslib using Guid(238de6e218a20f040954f53d2765c703) Importer(2089858483,b0f066a214c2f5e87bad3c948f4d605d) (ScriptedImporter) -> (Import Result ID: '0d2b880a00587d93abd67fa9d0943b55') in 0.0307248 seconds [static and dynamic dependencies]. Details - ImportResultOutputID=02c76541a20dfa2baeb0efc53ad7174d DependenciesID=53e10e62fa99b63c3f27b4d115d48ccc StaticDependenciesID=b6e5cc67ff24961a9afdae3ccf5e2f5a 
Number of updated asset objects reloaded before import = 0Number of asset objects unloaded after import = 0

========================================================================
Received Import Request.
  Time since last request: 0.000029 seconds.
  path: Assets/YandexGame/ScriptsYG/Payments/Editor/Payments_js.js
  importAddress: Guid(2dd21d39f5f407e41b35e01cecb1269b) Importer(2089858483,b0f066a214c2f5e87bad3c948f4d605d)
Start importing Assets/YandexGame/ScriptsYG/Payments/Editor/Payments_js.js using Guid(2dd21d39f5f407e41b35e01cecb1269b) Importer(2089858483,b0f066a214c2f5e87bad3c948f4d605d) (ScriptedImporter) -> (Import Result ID: 'e5b06d8b96f349e3f531a3539f65fbf4') in 0.0283643 seconds [static and dynamic dependencies]. Details - ImportResultOutputID=b0ed8580c51208cf5e0931a0e5c45c03 DependenciesID=9e5a98ce72f731670d4eb772c9374d3e StaticDependenciesID=590a8f6c666a5174e031bcdf24888fd1 
Number of updated asset objects reloaded before import = 0Number of asset objects unloaded after import = 1

========================================================================
Received Import Request.
  Time since last request: 0.000039 seconds.
  path: Assets/YandexGame/ScriptsYG/Editor/PostProcessBuild/ModifyIndexFile/LogoFormat.cs
  importAddress: Guid(149818582ab8d7d41bd5ad1b58d8d8e8) Importer(2089858483,b0f066a214c2f5e87bad3c948f4d605d)
Start importing Assets/YandexGame/ScriptsYG/Editor/PostProcessBuild/ModifyIndexFile/LogoFormat.cs using Guid(149818582ab8d7d41bd5ad1b58d8d8e8) Importer(2089858483,b0f066a214c2f5e87bad3c948f4d605d) (ScriptedImporter) -> (Import Result ID: '04eab147b0d2864bf5fdd3c64cafe99a') in 0.0362196 seconds [static and dynamic dependencies]. Details - ImportResultOutputID=3485132876e40e3c8388d8dc99084e82 DependenciesID=10506251b83cdb827b5213f578642341 StaticDependenciesID=905b0e3c82260c45f489bed4200b835c 
Number of updated asset objects reloaded before import = 0Number of asset objects unloaded after import = 0

========================================================================
Received Import Request.
  Time since last request: 0.000054 seconds.
  path: Assets/YandexGame/ScriptsYG/Payments/InternalScripts/Payments_yg.cs
  importAddress: Guid(d74cbe2986afbd6498c5c45d2db49d0a) Importer(2089858483,b0f066a214c2f5e87bad3c948f4d605d)
Start importing Assets/YandexGame/ScriptsYG/Payments/InternalScripts/Payments_yg.cs using Guid(d74cbe2986afbd6498c5c45d2db49d0a) Importer(2089858483,b0f066a214c2f5e87bad3c948f4d605d) (ScriptedImporter) -> (Import Result ID: '8bb64bf9872ffc8db4b4d5929b1b0699') in 0.028131 seconds [static and dynamic dependencies]. Details - ImportResultOutputID=dbdf844c5392a69224f8d2fef8a461c5 DependenciesID=39d620436ee9af6cbfef0a253d0b7828 StaticDependenciesID=eadd188a8e0bfb103d5f478e8fd5b1af 
Number of updated asset objects reloaded before import = 0Number of asset objects unloaded after import = 0

========================================================================
Received Import Request.
  Time since last request: 0.000027 seconds.
  path: Assets/YandexGame/ScriptsYG/UnityToolbag-main/ConditionallyVisiblePropertyDrawer/Runtime/ConditionallyVisibleAttribute.cs
  importAddress: Guid(6a5802bf4626c294aa90d7ed0eca4542) Importer(2089858483,b0f066a214c2f5e87bad3c948f4d605d)
Start importing Assets/YandexGame/ScriptsYG/UnityToolbag-main/ConditionallyVisiblePropertyDrawer/Runtime/ConditionallyVisibleAttribute.cs using Guid(6a5802bf4626c294aa90d7ed0eca4542) Importer(2089858483,b0f066a214c2f5e87bad3c948f4d605d) (ScriptedImporter) -> (Import Result ID: '96fab197a7c191e245596e418b45b464') in 0.0334496 seconds [static and dynamic dependencies]. Details - ImportResultOutputID=f6e0005b3d3f45a9c707f9efd3ba0c11 DependenciesID=0702d8c4f194fef7b95ae1156dd140ae StaticDependenciesID=46e5b424317bafb289578af58b023e07 
Number of updated asset objects reloaded before import = 0Number of asset objects unloaded after import = 0

========================================================================
Received Import Request.
  Time since last request: 0.000030 seconds.
  path: Assets/YandexGame/ScriptsYG/Editor/PostProcessBuild/ModifyIndexFile/ModifyBuildManager.cs
  importAddress: Guid(a65f79c6642d5424a83a255a036bb2f4) Importer(2089858483,b0f066a214c2f5e87bad3c948f4d605d)
Start importing Assets/YandexGame/ScriptsYG/Editor/PostProcessBuild/ModifyIndexFile/ModifyBuildManager.cs using Guid(a65f79c6642d5424a83a255a036bb2f4) Importer(2089858483,b0f066a214c2f5e87bad3c948f4d605d) (ScriptedImporter) -> (Import Result ID: '3c0b9481529a92aeec32e20393de3409') in 0.0365949 seconds [static and dynamic dependencies]. Details - ImportResultOutputID=ba724a1a70eb13b09731be843ece2f38 DependenciesID=a68a9e68e82eaed48d060dd8079f4f54 StaticDependenciesID=0701b86ceaa6e02d8869f6205035aeef 
Number of updated asset objects reloaded before import = 0Number of asset objects unloaded after import = 0

========================================================================
Received Import Request.
  Time since last request: 0.000051 seconds.
  path: Assets/YandexGame/Example/Scripts/LanguageExample.cs
  importAddress: Guid(ff5483d3f3099bb46af519e62247b656) Importer(2089858483,b0f066a214c2f5e87bad3c948f4d605d)
Start importing Assets/YandexGame/Example/Scripts/LanguageExample.cs using Guid(ff5483d3f3099bb46af519e62247b656) Importer(2089858483,b0f066a214c2f5e87bad3c948f4d605d) (ScriptedImporter) -> (Import Result ID: 'a2a201d52e795406124da9a01cf45c2b') in 0.0286687 seconds [static and dynamic dependencies]. Details - ImportResultOutputID=e64469cb03b414b4974cead14b175dfc DependenciesID=175d9b50e4f095eb0c40a9795dbba20c StaticDependenciesID=19aa214059e20621418992bccf0f51f3 
Number of updated asset objects reloaded before import = 0Number of asset objects unloaded after import = 0

========================================================================
Received Import Request.
  Time since last request: 0.000028 seconds.
  path: Assets/TextMesh Pro/Examples & Extras/Textures/Fruit Jelly (B&W).jpg
  importAddress: Guid(1cdc5b506b1a4a33a53c30669ced1f51) Importer(2089858483,b0f066a214c2f5e87bad3c948f4d605d)
Start importing Assets/TextMesh Pro/Examples & Extras/Textures/Fruit Jelly (B&W).jpg using Guid(1cdc5b506b1a4a33a53c30669ced1f51) Importer(2089858483,b0f066a214c2f5e87bad3c948f4d605d) (ScriptedImporter) -> (Import Result ID: 'ec35cdcf012be5cb46072365f0a188db') in 0.0353447 seconds [static and dynamic dependencies]. Details - ImportResultOutputID=4e13376a737bcc7b7ea73c541d0e15e4 DependenciesID=56ebc3d87273a5961c60fbffc31c0a7f StaticDependenciesID=09c0d433d7b8c36ad8c021f9a603a7fd 
Number of updated asset objects reloaded before import = 0Number of asset objects unloaded after import = 1

========================================================================
Received Import Request.
  Time since last request: 0.000031 seconds.
  path: Assets/TextMesh Pro/Examples & Extras/Scenes/13 - Soft Hyphenation.unity
  importAddress: Guid(875684baf40f4d008ce806d03e2a81b2) Importer(2089858483,b0f066a214c2f5e87bad3c948f4d605d)
Start importing Assets/TextMesh Pro/Examples & Extras/Scenes/13 - Soft Hyphenation.unity using Guid(875684baf40f4d008ce806d03e2a81b2) Importer(2089858483,b0f066a214c2f5e87bad3c948f4d605d) (ScriptedImporter) -> (Import Result ID: '0d36d9b0aad55cb6c5e407c1d1c81268') in 0.0487164 seconds [static and dynamic dependencies]. Details - ImportResultOutputID=2598e786f6c0f35225f5140f84b150be DependenciesID=2b26fe72d63718ef074d2dd3333d551a StaticDependenciesID=ad3b43b0d22837d137069f6fbe3c20e3 
Number of updated asset objects reloaded before import = 0Number of asset objects unloaded after import = 1

========================================================================
Received Import Request.
  Time since last request: 0.000048 seconds.
  path: Assets/Visuals/LockButtons/1.png
  importAddress: Guid(868675eff9f5aa54eabbf659cad1ae07) Importer(2089858483,b0f066a214c2f5e87bad3c948f4d605d)
Start importing Assets/Visuals/LockButtons/1.png using Guid(868675eff9f5aa54eabbf659cad1ae07) Importer(2089858483,b0f066a214c2f5e87bad3c948f4d605d) (ScriptedImporter) -> (Import Result ID: '38f7cbf1dd88b4320af7c0bf72ee3508') in 0.0427357 seconds [static and dynamic dependencies]. Details - ImportResultOutputID=224a987efd55e438928f7f990b2d77b1 DependenciesID=f639299111e1e6dfc371d1a2b1066793 StaticDependenciesID=ee25492a06ca217d743590fd8acbe305 
Number of updated asset objects reloaded before import = 0Number of asset objects unloaded after import = 3

========================================================================
Received Import Request.
  Time since last request: 0.000025 seconds.
  path: Assets/Settings/Scenes/URP2DSceneTemplate.unity
  importAddress: Guid(2cda990e2423bbf4892e6590ba056729) Importer(2089858483,b0f066a214c2f5e87bad3c948f4d605d)
Start importing Assets/Settings/Scenes/URP2DSceneTemplate.unity using Guid(2cda990e2423bbf4892e6590ba056729) Importer(2089858483,b0f066a214c2f5e87bad3c948f4d605d) (ScriptedImporter) -> (Import Result ID: 'f2f7a653323e39b63c25bde2a89758a3') in 0.0535893 seconds [static and dynamic dependencies]. Details - ImportResultOutputID=88201082bcbe8e3e7b9ab4b9f1244f22 DependenciesID=b383f95498550c1a85235f204e193303 StaticDependenciesID=42be838363dc3e52291f962dbeb3a9fa 
Number of updated asset objects reloaded before import = 0Number of asset objects unloaded after import = 1

========================================================================
Received Import Request.
  Time since last request: 0.000053 seconds.
  path: Assets/TextMesh Pro/Examples & Extras/Resources/Fonts & Materials/Unity SDF - HDRP LIT - Bloom.mat
  importAddress: Guid(8d176c01131de8f46ad61094e29d79b2) Importer(2089858483,b0f066a214c2f5e87bad3c948f4d605d)
Start importing Assets/TextMesh Pro/Examples & Extras/Resources/Fonts & Materials/Unity SDF - HDRP LIT - Bloom.mat using Guid(8d176c01131de8f46ad61094e29d79b2) Importer(2089858483,b0f066a214c2f5e87bad3c948f4d605d) (ScriptedImporter) -> (Import Result ID: 'd0698c8c2f29ff61f359c8c5a9c89973') in 0.0733954 seconds [static and dynamic dependencies]. Details - ImportResultOutputID=cddd8fd19f526597ceb4e60bdfd86520 DependenciesID=b31e2c900363604feea46a47373400c6 StaticDependenciesID=b4bb332b6fc9647d524cdea688ce8976 
Number of updated asset objects reloaded before import = 0Number of asset objects unloaded after import = 3

========================================================================
Received Import Request.
  Time since last request: 0.000052 seconds.
  path: Assets/YandexGame/DebuggingMode/Prefabs/DebuggingModeYG.prefab
  importAddress: Guid(6fd9bb3cd55316745918369c2b72949c) Importer(2089858483,b0f066a214c2f5e87bad3c948f4d605d)
Start importing Assets/YandexGame/DebuggingMode/Prefabs/DebuggingModeYG.prefab using Guid(6fd9bb3cd55316745918369c2b72949c) Importer(2089858483,b0f066a214c2f5e87bad3c948f4d605d) (ScriptedImporter) -> (Import Result ID: 'ec1d2ba009e233e0efd5997dd2ea8a6c') in 0.1278337 seconds [static and dynamic dependencies]. Details - ImportResultOutputID=beeb6bd00b4bee6e676be9271b1a438a DependenciesID=64fdc3c2fd97411d25316f9bad9c70a1 StaticDependenciesID=93d5125fb7a45a9b661cb25e547dde46 
Number of updated asset objects reloaded before import = 0Number of asset objects unloaded after import = 689

========================================================================
Received Import Request.
  Time since last request: 0.000035 seconds.
  path: Assets/DefaultVolumeProfile.asset
  importAddress: Guid(3f9215ea0144899419cfbc0957140d3f) Importer(2089858483,b0f066a214c2f5e87bad3c948f4d605d)
Start importing Assets/DefaultVolumeProfile.asset using Guid(3f9215ea0144899419cfbc0957140d3f) Importer(2089858483,b0f066a214c2f5e87bad3c948f4d605d) (ScriptedImporter) -> (Import Result ID: 'ff21607c31d272da451f3652470ebd6c') in 0.0280474 seconds [static and dynamic dependencies]. Details - ImportResultOutputID=a98c461de08c2cc4413eb4cf01f946f7 DependenciesID=b3775c8396716e12d13c9c7c6a3eb03c StaticDependenciesID=c466d3a191914c01e939d7c29f0c6b0f 
Number of updated asset objects reloaded before import = 0Number of asset objects unloaded after import = 0

========================================================================
Received Import Request.
  Time since last request: 0.000040 seconds.
  path: Assets/TextMesh Pro/Shaders/TMP_Sprite.shader
  importAddress: Guid(cf81c85f95fe47e1a27f6ae460cf182c) Importer(2089858483,b0f066a214c2f5e87bad3c948f4d605d)
Start importing Assets/TextMesh Pro/Shaders/TMP_Sprite.shader using Guid(cf81c85f95fe47e1a27f6ae460cf182c) Importer(2089858483,b0f066a214c2f5e87bad3c948f4d605d) (ScriptedImporter) -> (Import Result ID: '78609da908863950c1742671be1578da') in 0.030828 seconds [static and dynamic dependencies]. Details - ImportResultOutputID=a804d60f1ad6ab5c659921c0debb4e46 DependenciesID=649afb1b09a2f38981528aee5a89e751 StaticDependenciesID=ad6564d1c78dd666825542a2243279c8 
Number of updated asset objects reloaded before import = 0Number of asset objects unloaded after import = 1

========================================================================
Received Import Request.
  Time since last request: 0.000024 seconds.
  path: Assets/YandexGame/ScriptsYG/Editor/DocumentationEditor.cs
  importAddress: Guid(2cb8cfe741ef91e448951fced5e32681) Importer(2089858483,b0f066a214c2f5e87bad3c948f4d605d)
Start importing Assets/YandexGame/ScriptsYG/Editor/DocumentationEditor.cs using Guid(2cb8cfe741ef91e448951fced5e32681) Importer(2089858483,b0f066a214c2f5e87bad3c948f4d605d) (ScriptedImporter) -> (Import Result ID: '6334f8ea0cb89534f1e278c362098b25') in 0.0274177 seconds [static and dynamic dependencies]. Details - ImportResultOutputID=7fdccc89a3bad6f52741634c202002c9 DependenciesID=48d1897b5fd889775c558aa0b588ead9 StaticDependenciesID=f1ff0c64ae05ed4e8996e71565f8ffad 
Number of updated asset objects reloaded before import = 0Number of asset objects unloaded after import = 0

========================================================================
Received Import Request.
  Time since last request: 0.000045 seconds.
  path: Assets/TextMesh Pro/Examples & Extras/Resources/Fonts & Materials/Roboto-Bold SDF.asset
  importAddress: Guid(5302535af1044152a457ed104f1f4b91) Importer(2089858483,b0f066a214c2f5e87bad3c948f4d605d)
Start importing Assets/TextMesh Pro/Examples & Extras/Resources/Fonts & Materials/Roboto-Bold SDF.asset using Guid(5302535af1044152a457ed104f1f4b91) Importer(2089858483,b0f066a214c2f5e87bad3c948f4d605d) (ScriptedImporter) -> (Import Result ID: '8ab0bfae451f5404f32eac542b076f98') in 0.0550874 seconds [static and dynamic dependencies]. Details - ImportResultOutputID=c83562fc4ccd32d48914752635387e4b DependenciesID=ec97351f19085d8e64495671e73428de StaticDependenciesID=68e8837756dc855feb3e79ed7f3b8d9b 
Number of updated asset objects reloaded before import = 0Number of asset objects unloaded after import = 5

========================================================================
Received Import Request.
  Time since last request: 0.000076 seconds.
  path: Assets/TextMesh Pro/Examples & Extras/Scripts/TMP_TextSelector_A.cs
  importAddress: Guid(103e0a6a1d404693b9fb1a5173e0e979) Importer(2089858483,b0f066a214c2f5e87bad3c948f4d605d)
Start importing Assets/TextMesh Pro/Examples & Extras/Scripts/TMP_TextSelector_A.cs using Guid(103e0a6a1d404693b9fb1a5173e0e979) Importer(2089858483,b0f066a214c2f5e87bad3c948f4d605d) (ScriptedImporter) -> (Import Result ID: '0d46764cc69585091d9b43805d50fbcf') in 0.0271618 seconds [static and dynamic dependencies]. Details - ImportResultOutputID=5babb0e88c96365d657a3e5cd6dad6c3 DependenciesID=fb0a2900388df494a1c87843b8203512 StaticDependenciesID=c692e9c856cf1a269f519d3b10a182a2 
Number of updated asset objects reloaded before import = 0Number of asset objects unloaded after import = 0

========================================================================
Received Import Request.
  Time since last request: 0.000032 seconds.
  path: Assets/YandexGame/Plugins/YandexProvider.jslib
  importAddress: Guid(8e24118a2f13f3e40958f8d398d2b692) Importer(2089858483,b0f066a214c2f5e87bad3c948f4d605d)
Start importing Assets/YandexGame/Plugins/YandexProvider.jslib using Guid(8e24118a2f13f3e40958f8d398d2b692) Importer(2089858483,b0f066a214c2f5e87bad3c948f4d605d) (ScriptedImporter) -> (Import Result ID: 'b99c670817e50a802231b541d18aef41') in 0.0270689 seconds [static and dynamic dependencies]. Details - ImportResultOutputID=41413df4100378d1075a513d65aa3621 DependenciesID=f6046de157444f833079591bb3eaa5ed StaticDependenciesID=c434e88e785061e3e858215de493acff 
Number of updated asset objects reloaded before import = 0Number of asset objects unloaded after import = 0

========================================================================
Received Import Request.
  Time since last request: 0.000030 seconds.
  path: Assets/TextMesh Pro/Examples & Extras/Scenes/04 - Word Wrapping.unity
  importAddress: Guid(8f7137eacd7042d5b17ef0efe5e744f5) Importer(2089858483,b0f066a214c2f5e87bad3c948f4d605d)
Start importing Assets/TextMesh Pro/Examples & Extras/Scenes/04 - Word Wrapping.unity using Guid(8f7137eacd7042d5b17ef0efe5e744f5) Importer(2089858483,b0f066a214c2f5e87bad3c948f4d605d) (ScriptedImporter) -> (Import Result ID: '1a778e715ed5d8e6a7fbf05a78a11e21') in 0.0539085 seconds [static and dynamic dependencies]. Details - ImportResultOutputID=8f71fe52d8551d9577b05f991ffb0845 DependenciesID=b2406c3b100f0a0949f1d8e79778f140 StaticDependenciesID=748144f7c39bb406a6f042c5bb4a95a3 
Number of updated asset objects reloaded before import = 0Number of asset objects unloaded after import = 1

========================================================================
Received Import Request.
  Time since last request: 0.000045 seconds.
  path: Assets/YandexGame/Example/Scenes/ExampleYG/LightingData.asset
  importAddress: Guid(beef39281e0faf34daf1bc42eacb901f) Importer(2089858483,b0f066a214c2f5e87bad3c948f4d605d)
Start importing Assets/YandexGame/Example/Scenes/ExampleYG/LightingData.asset using Guid(beef39281e0faf34daf1bc42eacb901f) Importer(2089858483,b0f066a214c2f5e87bad3c948f4d605d) (ScriptedImporter) -> (Import Result ID: '2f3b1943b94312016b91a0ee4b0127b6') in 0.04776 seconds [static and dynamic dependencies]. Details - ImportResultOutputID=6d3a15778fc92dba0dc0af480536fee9 DependenciesID=ffc6ccdca218acf0398b9e4d730798af StaticDependenciesID=c56504036e4919df102a895017c86e2f 
Number of updated asset objects reloaded before import = 0Number of asset objects unloaded after import = 2

========================================================================
Received Import Request.
  Time since last request: 0.000027 seconds.
  path: Assets/YandexGame/Fonts/LICENSE.txt
  importAddress: Guid(2cb54250142e6e84c85b36d32fa1d995) Importer(2089858483,b0f066a214c2f5e87bad3c948f4d605d)
Start importing Assets/YandexGame/Fonts/LICENSE.txt using Guid(2cb54250142e6e84c85b36d32fa1d995) Importer(2089858483,b0f066a214c2f5e87bad3c948f4d605d) (ScriptedImporter) -> (Import Result ID: 'b4056b0edbf9883b6f1ff90aba048abe') in 0.047085 seconds [static and dynamic dependencies]. Details - ImportResultOutputID=2d324ffdfe70cbe4eb5da65711fb7911 DependenciesID=f1fb72e492e386fe932fc5eaae7f422d StaticDependenciesID=6d1855f55fa8a167e6ef6b58cff5e92a 
Number of updated asset objects reloaded before import = 0Number of asset objects unloaded after import = 1

========================================================================
Received Import Request.
  Time since last request: 0.000034 seconds.
  path: Assets/Visuals/LockButtons/8.png
  importAddress: Guid(71bac626c11079c4186448e52d0a37f2) Importer(2089858483,b0f066a214c2f5e87bad3c948f4d605d)
Start importing Assets/Visuals/LockButtons/8.png using Guid(71bac626c11079c4186448e52d0a37f2) Importer(2089858483,b0f066a214c2f5e87bad3c948f4d605d) (ScriptedImporter) -> (Import Result ID: 'f8b1a1f2ea39d204ce99218c3f9798be') in 0.0343224 seconds [static and dynamic dependencies]. Details - ImportResultOutputID=b0c58bda4240243bfa1edb21208e9569 DependenciesID=c18513d514ab0ce3d1d51727fd49fb6d StaticDependenciesID=892d16e89c3234775863f2accc9681b0 
Number of updated asset objects reloaded before import = 0Number of asset objects unloaded after import = 3

========================================================================
Received Import Request.
  Time since last request: 0.000052 seconds.
  path: Assets/Animation/Evie/EvieAvatar.png
  importAddress: Guid(b414bf35feabe444b97c827ad4ab6430) Importer(2089858483,b0f066a214c2f5e87bad3c948f4d605d)
Start importing Assets/Animation/Evie/EvieAvatar.png using Guid(b414bf35feabe444b97c827ad4ab6430) Importer(2089858483,b0f066a214c2f5e87bad3c948f4d605d) (ScriptedImporter) -> (Import Result ID: 'de68fceee07dd0b66b65a94885f5b380') in 0.0377519 seconds [static and dynamic dependencies]. Details - ImportResultOutputID=6c7cfc9405552e8080b38a0b612c4a9a DependenciesID=490bdf8748eb8495edaa712610838dd4 StaticDependenciesID=40c8485f2b9d39f43e3229d27a897159 
Number of updated asset objects reloaded before import = 0Number of asset objects unloaded after import = 3

========================================================================
Received Import Request.
  Time since last request: 0.000030 seconds.
  path: Assets/YandexGame/WorkingData/Editor/SavesEditorYG.json
  importAddress: Guid(7b91c745c4d740b4e885f8ca7b69df02) Importer(2089858483,b0f066a214c2f5e87bad3c948f4d605d)
Start importing Assets/YandexGame/WorkingData/Editor/SavesEditorYG.json using Guid(7b91c745c4d740b4e885f8ca7b69df02) Importer(2089858483,b0f066a214c2f5e87bad3c948f4d605d) (ScriptedImporter) -> (Import Result ID: '0fc0212648d80b79953b7da826ee3759') in 0.046647 seconds [static and dynamic dependencies]. Details - ImportResultOutputID=728f04e4154ac4f0790f24ff3ee6a1f8 DependenciesID=c6f300a6c991dbed2985769d1f939938 StaticDependenciesID=a92281f3d47ff0a80476d4b2c65d1f5c 
Number of updated asset objects reloaded before import = 0Number of asset objects unloaded after import = 1

Editor requested this worker to shutdown with reason: Scaling down because of idle timeout
AssetImportWorker is now disconnected from the server
Process exiting
Exiting without the bug reporter. Application will terminate with return code 0