[Licensing::Module] Trying to connect to existing licensing client channel...
Built from '6000.5/staging' branch; Version is '6000.5.8f1 (5cb7df797b7d) revision 6076383'; Using compiler version '194234433'; Build Type 'Release'
[Licensing::IpcConnector] Successfully connected to: "LicenseClient-sdziu" at "2026-08-22T15:57:34.4101677Z"
OS: 'Windows 11  (10.0.26200) Core' Language: 'en' Physical Memory: 16076 MB
BatchMode: 0, IsHumanControllingUs: 1, StartBugReporterOnCrash: 1, Is64bit: 1
System  architecture: x64
Process architecture: x64
Date: 2026-08-22T15:57:34Z

COMMAND LINE ARGUMENTS:
C:\Program Files\Unity\Hub\Editor\6000.5.8f1\Editor\Unity.exe
-projectpath
C:\Users\sdziu\my_documents\0_repositories\whoops
-acceptSoftwareTermsForThisRunOnly
-useHub
-hubIPC
-cloudEnvironment
production
-licensingIpc
LicenseClient-sdziu
-hubSessionId
6e6f76a0-0aa2-4d38-95e4-3046b252511e
-accessToken
UAvmWIMwHaioXYv6uNgoL23-u2LozeEEMx_XTxEMq9w009f
Successfully changed project path to: C:\Users\sdziu\my_documents\0_repositories\whoops
C:/Users/sdziu/my_documents/0_repositories/whoops
[UnityMemory] Configuration Parameters - Can be set up in boot.config
    "memorysetup-temp-allocator-size-gi-baking-worker=262144"
    "memorysetup-temp-allocator-size-gi-baking-worker=262144"
    "memorysetup-temp-allocator-size-gi-baking-worker=262144"
    "memorysetup-temp-allocator-size-gi-baking-worker=262144"
    "memorysetup-temp-allocator-size-gi-baking-worker=262144"
    "memorysetup-temp-allocator-size-nav-mesh-worker=65536"
    "memorysetup-temp-allocator-size-audio-worker=65536"
    "memorysetup-temp-allocator-size-cloud-worker=32768"
    "memorysetup-temp-allocator-size-gfx=262144"
    "memorysetup-temp-allocator-size-preload-manager=33554432"
    "memorysetup-allocator-temp-initial-block-size-main=262144"
    "memorysetup-allocator-temp-initial-block-size-worker=262144"
    "memorysetup-temp-allocator-size-job-worker=262144"
    "memorysetup-temp-allocator-size-background-worker=32768"
    "memorysetup-bucket-allocator-granularity=16"
    "memorysetup-bucket-allocator-bucket-count=8"
    "memorysetup-bucket-allocator-block-size=33554432"
    "memorysetup-bucket-allocator-block-count=8"
    "memorysetup-main-allocator-block-size=16777216"
    "memorysetup-thread-allocator-block-size=16777216"
    "memorysetup-main-allocator-mimalloc-enabled=0"
    "memorysetup-gfx-main-allocator-block-size=16777216"
    "memorysetup-gfx-thread-allocator-block-size=16777216"
    "memorysetup-cache-allocator-block-size=4194304"
    "memorysetup-typetree-allocator-block-size=2097152"
    "memorysetup-profiler-bucket-allocator-granularity=16"
    "memorysetup-profiler-bucket-allocator-bucket-count=8"
    "memorysetup-profiler-bucket-allocator-block-size=33554432"
    "memorysetup-profiler-bucket-allocator-block-count=8"
    "memorysetup-profiler-allocator-block-size=16777216"
    "memorysetup-profiler-editor-allocator-block-size=1048576"
    "memorysetup-temp-allocator-size-main=16777216"
    "memorysetup-job-temp-allocator-block-size=2097152"
    "memorysetup-job-temp-allocator-block-size-background=1048576"
    "memorysetup-job-temp-allocator-reduction-small-platforms=262144"
Player connection [13652]  Target information:

Player connection [13652]  * "[IP] 26.197.100.150 [Port] 55504 [Flags] 2 [Guid] 2103108176 [EditorId] 2103108176 [Version] 1048832 [Id] WindowsEditor(7,DESKTOP-BMK0IR6) [Debug] 1 [PackageName] WindowsEditor [ProjectName] Editor" 

Player connection [13652]  * "[IP] 192.168.1.104 [Port] 55504 [Flags] 2 [Guid] 2103108176 [EditorId] 2103108176 [Version] 1048832 [Id] WindowsEditor(7,DESKTOP-BMK0IR6) [Debug] 1 [PackageName] WindowsEditor [ProjectName] Editor" 

Player connection [13652] Host joined multi-casting on [225.0.0.222:54997]...
Player connection [13652] Host joined alternative multi-casting on [225.0.0.222:34997]...
Input System module state changed to: Initialized.
[Physics::Module] Initialized fallback backend.
[Physics::Module] Id: 0xdecafbad
[Package Manager] Connected to IPC stream "Upm-26124" after 0.2 seconds.
[Licensing::Module] Licensing is not yet initialized.
[Licensing::Client] Error: HandshakeResponse reported an error:
	ResponseCode: 505
	ResponseStatus: Unsupported protocol version '1.18.1'.
[Licensing::Module] Error: Failed to handshake to channel: "LicenseClient-sdziu"
[Licensing::IpcConnector] LicenseClient-sdziu channel disconnected successfully.
[Licensing::IpcConnector] Channel LicenseClient-sdziu-6000.5.8 doesn't exist
[Licensing::Module] Successfully launched the LicensingClient (PId: 6580)
Starting IPC server.
Waiting for clients to connect on \\.\pipe\Unity-LicenseClient-sdziu-6000.5.8, press Ctrl-C to exit.
[Licensing::IpcConnector] Successfully connected to: "LicenseClient-sdziu-6000.5.8" at "2026-08-22T15:57:47.7591439Z"
[Licensing::Client] Code 10 while verifying Licensing Client signature (process Id: 6580, path: "C:/Program Files/Unity/Hub/Editor/6000.5.8f1/Editor/Data/Resources/Licensing/Client/Unity.Licensing.Client.exe")
[Licensing::Module] LicensingClient has failed validation; ignoring
[Licensing::Client] Handshaking with LicensingClient:
  Version:                 1.18.1+9fbee8e
  Session Id:              ba53c673f0154aa5abfa54b2ac3b656c
  Correlation Id:          2f3f59b764494cdff316d1da7fb45f7b
  External correlation Id: 4918738223406046017
  Machine Id:              Q6Vl5DVYSTnyzT9cj0suQkgA2P4=
[Licensing::Module] Successfully connected to LicensingClient on channel: "LicenseClient-sdziu-6000.5.8" (connect: 9.84s, validation: 0.68s, handshake: 0.18s)
[Licensing::IpcConnector] Successfully connected to: "LicenseClient-sdziu-6000.5.8-notifications" at "2026-08-22T15:57:48.6252953Z"
[Licensing::Module] Connected to LicensingClient (PId: 6580, launch time: 0.05, total connection time: 10.71s)
[Licensing::Client] Successfully updated the access token
[Licensing::Module] Successfully updated the access token UAvmWIMwHa...
[Licensing::Client] Successfully resolved entitlement details
[Licensing::Module] License group:
  Id: 10170887667645-UnityPersXXXX
  Product: Unity Personal
  Type: Assigned
  Expiration: Unlimited
[Licensing::Client] Successfully updated license, isAsync: True, time: 0.01
[Licensing::Client] Successfully resolved entitlement details
[Licensing::Module] Licensing Background thread has ended after 14.25s
[Licensing::Module] Licensing is initialized (took 12.43s).
[Licensing::Client] Successfully resolved entitlement details
Library Redirect Path: Library/
[Physics::Module] Selected backend.
[Physics::Module] Name: PhysX
[Physics::Module] Id: 0xf2b8ea05
[Physics::Module] SDK Version: 4.1.2
[Physics::Module] Integration Version: 1.0.0
[Physics::Module] Threading Mode: Multi-Threaded
Refreshing native plugins compatible for Editor in 93.13 ms, found 0 plugins.
Initialize engine version: 6000.5.8f1 (5cb7df797b7d)
[Subsystems] Discovering subsystems at path C:/Program Files/Unity/Hub/Editor/6000.5.8f1/Editor/Data/Resources/UnitySubsystems
[Subsystems] Discovering subsystems at path C:/Users/sdziu/my_documents/0_repositories/whoops/Assets
GfxDevice: creating device client; kGfxThreadingModeThreaded
Direct3D:
    Version:  Direct3D 11.0 [level 11.1]
    Renderer: Intel(R) UHD Graphics (ID=0xa7a8)
    Vendor:   Intel
    VRAM:     8038 MB
    Driver:   32.0.101.7076
Initialize mono
Mono path[0] = 'C:/Program Files/Unity/Hub/Editor/6000.5.8f1/Editor/Data/Managed'
Mono path[1] = 'C:/Program Files/Unity/Hub/Editor/6000.5.8f1/Editor/Data/BCLExtensions/runtime/netstandard2.1'
Mono path[2] = 'C:/Program Files/Unity/Hub/Editor/6000.5.8f1/Editor/Data/MonoBleedingEdge/lib/mono/unityjit-win32'
Mono config path = 'C:/Program Files/Unity/Hub/Editor/6000.5.8f1/Editor/Data/MonoBleedingEdge/etc'
Using monoOptions --debugger-agent=transport=dt_socket,embedding=1,server=y,suspend=n,address=127.0.0.1:56124
CodeReloadManager initialized
ImportWorker Server TCP listen port: 0
AcceleratorClientConnectionCallback - disconnected - :0
Begin MonoManager ReloadAssembly
Registering precompiled unity dll's ...
Register platform support module: C:/Program Files/Unity/Hub/Editor/6000.5.8f1/Editor/Data/PlaybackEngines/WindowsStandaloneSupport/UnityEditor.WindowsStandalone.Extensions.dll
Registered in 0.278677 seconds.
Native extension for WindowsStandalone target not found
Package Manager log level set to [2]
ScheduleIndexationOnStartup MainProcess:False IndexOnStartup:True
Mono: successfully reloaded assembly
- Finished resetting the current domain, in  2.354 seconds
Domain Reload Profiling: 4719ms
	BeginReloadAssembly (279ms)
		CreateAndSetChildDomain (8ms)
	RebuildCommonClasses (5ms)
	RebuildNativeTypeToScriptingClass (202ms)
	initialDomainReloadingComplete (476ms)
	LoadAllAssembliesAndSetupDomain (1401ms)
		LoadAssemblies (274ms)
		AnalyzeDomain (1327ms)
			TypeCache.Refresh (1326ms)
				TypeCache.ScanAssembly (1016ms)
	FinalizeReload (2355ms)
		SetupLoadedEditorAssemblies (0ms)
			BeforeProcessingInitializeOnLoad (83ms)
			ProcessInitializeOnLoadAttributes (107ms)
			ProcessInitializeOnLoadMethodAttributes (2097ms)
[Licensing::Client] Successfully resolved entitlement details
Application.AssetDatabase Initial Refresh Start
[Package Manager] Restoring resolved packages state from cache
[Licensing::Client] Successfully resolved entitlement details
[Package Manager] Registered 68 packages:
  Packages from [https://packages.unity.com]:
    com.unity.collab-proxy@2.13.5 (location: C:\Users\sdziu\my_documents\0_repositories\whoops\Library\PackageCache\com.unity.collab-proxy@120d77864ebc)
    com.unity.ide.rider@3.0.40 (location: C:\Users\sdziu\my_documents\0_repositories\whoops\Library\PackageCache\com.unity.ide.rider@e4950c6d131b)
    com.unity.ide.visualstudio@2.0.27 (location: C:\Users\sdziu\my_documents\0_repositories\whoops\Library\PackageCache\com.unity.ide.visualstudio@dc1ddd4f09b6)
    com.unity.inputsystem@1.20.0 (location: C:\Users\sdziu\my_documents\0_repositories\whoops\Library\PackageCache\com.unity.inputsystem@7a4e1a2a8194)
    com.unity.nuget.newtonsoft-json@3.2.2 (location: C:\Users\sdziu\my_documents\0_repositories\whoops\Library\PackageCache\com.unity.nuget.newtonsoft-json@4dfd81071c64)
    com.unity.timeline@1.8.12 (location: C:\Users\sdziu\my_documents\0_repositories\whoops\Library\PackageCache\com.unity.timeline@8cd8509afae5)
    com.unity.visualscripting@1.9.12 (location: C:\Users\sdziu\my_documents\0_repositories\whoops\Library\PackageCache\com.unity.visualscripting@4edfcc09512f)
    com.unity.2d.animation@15.1.0 (location: C:\Users\sdziu\my_documents\0_repositories\whoops\Library\PackageCache\com.unity.2d.animation@6d5a363ae647)
    com.unity.2d.pixel-perfect@6.0.0 (location: C:\Users\sdziu\my_documents\0_repositories\whoops\Library\PackageCache\com.unity.2d.pixel-perfect@a860cb24a0cc)
    com.unity.2d.psdimporter@14.0.3 (location: C:\Users\sdziu\my_documents\0_repositories\whoops\Library\PackageCache\com.unity.2d.psdimporter@5d82044f9e43)
    com.unity.2d.spriteshape@15.0.3 (location: C:\Users\sdziu\my_documents\0_repositories\whoops\Library\PackageCache\com.unity.2d.spriteshape@fcb7ec61a58b)
    com.unity.2d.tilemap.extras@8.0.3 (location: C:\Users\sdziu\my_documents\0_repositories\whoops\Library\PackageCache\com.unity.2d.tilemap.extras@a80140457adc)
    com.unity.2d.aseprite@5.0.3 (location: C:\Users\sdziu\my_documents\0_repositories\whoops\Library\PackageCache\com.unity.2d.aseprite@d13865913efa)
    com.unity.2d.tooling@3.0.1 (location: C:\Users\sdziu\my_documents\0_repositories\whoops\Library\PackageCache\com.unity.2d.tooling@6f06ffb033c0)
    com.unity.searcher@4.9.5 (location: C:\Users\sdziu\my_documents\0_repositories\whoops\Library\PackageCache\com.unity.searcher@a463122f2c00)
    com.unity.burst@1.8.30 (location: C:\Users\sdziu\my_documents\0_repositories\whoops\Library\PackageCache\com.unity.burst@2f3d916873ea)
    com.unity.2d.common@14.0.1 (location: C:\Users\sdziu\my_documents\0_repositories\whoops\Library\PackageCache\com.unity.2d.common@73badf92ba8b)
    com.unity.nuget.mono-cecil@1.11.6 (location: C:\Users\sdziu\my_documents\0_repositories\whoops\Library\PackageCache\com.unity.nuget.mono-cecil@ecb9724e46ff)
    com.unity.test-framework.performance@3.5.0 (location: C:\Users\sdziu\my_documents\0_repositories\whoops\Library\PackageCache\com.unity.test-framework.performance@8b56083ec0f0)
  Built-in packages:
    com.unity.feature.2d@2.0.2 (location: C:\Users\sdziu\my_documents\0_repositories\whoops\Library\PackageCache\com.unity.feature.2d@11724ae7e5b5)
    com.unity.multiplayer.center@1.0.1 (location: C:\Users\sdziu\my_documents\0_repositories\whoops\Library\PackageCache\com.unity.multiplayer.center@b860850997d0)
    com.unity.render-pipelines.universal@17.5.0 (location: C:\Users\sdziu\my_documents\0_repositories\whoops\Library\PackageCache\com.unity.render-pipelines.universal@73b4c4ff130e)
    com.unity.test-framework@1.7.0 (location: C:\Users\sdziu\my_documents\0_repositories\whoops\Library\PackageCache\com.unity.test-framework@1405238725ab)
    com.unity.ugui@2.5.0 (location: C:\Users\sdziu\my_documents\0_repositories\whoops\Library\PackageCache\com.unity.ugui@1c4864518158)
    com.unity.modules.accessibility@1.0.0 (location: C:\Users\sdziu\my_documents\0_repositories\whoops\Library\PackageCache\com.unity.modules.accessibility)
    com.unity.modules.adaptiveperformance@1.0.0 (location: C:\Users\sdziu\my_documents\0_repositories\whoops\Library\PackageCache\com.unity.modules.adaptiveperformance)
    com.unity.modules.ai@1.0.0 (location: C:\Users\sdziu\my_documents\0_repositories\whoops\Library\PackageCache\com.unity.modules.ai)
    com.unity.modules.androidjni@1.0.0 (location: C:\Users\sdziu\my_documents\0_repositories\whoops\Library\PackageCache\com.unity.modules.androidjni)
    com.unity.modules.animation@1.0.0 (location: C:\Users\sdziu\my_documents\0_repositories\whoops\Library\PackageCache\com.unity.modules.animation)
    com.unity.modules.assetbundle@1.0.0 (location: C:\Users\sdziu\my_documents\0_repositories\whoops\Library\PackageCache\com.unity.modules.assetbundle)
    com.unity.modules.audio@1.0.0 (location: C:\Users\sdziu\my_documents\0_repositories\whoops\Library\PackageCache\com.unity.modules.audio)
    com.unity.modules.cloth@1.0.0 (location: C:\Users\sdziu\my_documents\0_repositories\whoops\Library\PackageCache\com.unity.modules.cloth)
    com.unity.modules.director@1.0.0 (location: C:\Users\sdziu\my_documents\0_repositories\whoops\Library\PackageCache\com.unity.modules.director)
    com.unity.modules.imageconversion@1.0.0 (location: C:\Users\sdziu\my_documents\0_repositories\whoops\Library\PackageCache\com.unity.modules.imageconversion)
    com.unity.modules.imgui@1.0.0 (location: C:\Users\sdziu\my_documents\0_repositories\whoops\Library\PackageCache\com.unity.modules.imgui)
    com.unity.modules.jsonserialize@1.0.0 (location: C:\Users\sdziu\my_documents\0_repositories\whoops\Library\PackageCache\com.unity.modules.jsonserialize)
    com.unity.modules.particlesystem@1.0.0 (location: C:\Users\sdziu\my_documents\0_repositories\whoops\Library\PackageCache\com.unity.modules.particlesystem)
    com.unity.modules.physics@1.0.0 (location: C:\Users\sdziu\my_documents\0_repositories\whoops\Library\PackageCache\com.unity.modules.physics)
    com.unity.modules.physics2d@1.0.0 (location: C:\Users\sdziu\my_documents\0_repositories\whoops\Library\PackageCache\com.unity.modules.physics2d)
    com.unity.modules.physicscore2d@1.0.0 (location: C:\Users\sdziu\my_documents\0_repositories\whoops\Library\PackageCache\com.unity.modules.physicscore2d)
    com.unity.modules.screencapture@1.0.0 (location: C:\Users\sdziu\my_documents\0_repositories\whoops\Library\PackageCache\com.unity.modules.screencapture)
    com.unity.modules.terrain@1.0.0 (location: C:\Users\sdziu\my_documents\0_repositories\whoops\Library\PackageCache\com.unity.modules.terrain)
    com.unity.modules.terrainphysics@1.0.0 (location: C:\Users\sdziu\my_documents\0_repositories\whoops\Library\PackageCache\com.unity.modules.terrainphysics)
    com.unity.modules.tilemap@1.0.0 (location: C:\Users\sdziu\my_documents\0_repositories\whoops\Library\PackageCache\com.unity.modules.tilemap)
    com.unity.modules.ui@1.0.0 (location: C:\Users\sdziu\my_documents\0_repositories\whoops\Library\PackageCache\com.unity.modules.ui)
    com.unity.modules.uielements@1.0.0 (location: C:\Users\sdziu\my_documents\0_repositories\whoops\Library\PackageCache\com.unity.modules.uielements)
    com.unity.modules.umbra@1.0.0 (location: C:\Users\sdziu\my_documents\0_repositories\whoops\Library\PackageCache\com.unity.modules.umbra)
    com.unity.modules.unityanalytics@1.0.0 (location: C:\Users\sdziu\my_documents\0_repositories\whoops\Library\PackageCache\com.unity.modules.unityanalytics)
    com.unity.modules.unitywebrequest@1.0.0 (location: C:\Users\sdziu\my_documents\0_repositories\whoops\Library\PackageCache\com.unity.modules.unitywebrequest)
    com.unity.modules.unitywebrequestassetbundle@1.0.0 (location: C:\Users\sdziu\my_documents\0_repositories\whoops\Library\PackageCache\com.unity.modules.unitywebrequestassetbundle)
    com.unity.modules.unitywebrequestaudio@1.0.0 (location: C:\Users\sdziu\my_documents\0_repositories\whoops\Library\PackageCache\com.unity.modules.unitywebrequestaudio)
    com.unity.modules.unitywebrequesttexture@1.0.0 (location: C:\Users\sdziu\my_documents\0_repositories\whoops\Library\PackageCache\com.unity.modules.unitywebrequesttexture)
    com.unity.modules.unitywebrequestwww@1.0.0 (location: C:\Users\sdziu\my_documents\0_repositories\whoops\Library\PackageCache\com.unity.modules.unitywebrequestwww)
    com.unity.modules.vectorgraphics@1.0.0 (location: C:\Users\sdziu\my_documents\0_repositories\whoops\Library\PackageCache\com.unity.modules.vectorgraphics)
    com.unity.modules.vehicles@1.0.0 (location: C:\Users\sdziu\my_documents\0_repositories\whoops\Library\PackageCache\com.unity.modules.vehicles)
    com.unity.modules.video@1.0.0 (location: C:\Users\sdziu\my_documents\0_repositories\whoops\Library\PackageCache\com.unity.modules.video)
    com.unity.modules.wind@1.0.0 (location: C:\Users\sdziu\my_documents\0_repositories\whoops\Library\PackageCache\com.unity.modules.wind)
    com.unity.modules.xr@1.0.0 (location: C:\Users\sdziu\my_documents\0_repositories\whoops\Library\PackageCache\com.unity.modules.xr)
    com.unity.modules.subsystems@1.0.0 (location: C:\Users\sdziu\my_documents\0_repositories\whoops\Library\PackageCache\com.unity.modules.subsystems)
    com.unity.modules.hierarchycore@1.0.0 (location: C:\Users\sdziu\my_documents\0_repositories\whoops\Library\PackageCache\com.unity.modules.hierarchycore)
    com.unity.ext.nunit@2.1.0 (location: C:\Users\sdziu\my_documents\0_repositories\whoops\Library\PackageCache\com.unity.ext.nunit@44f7d31723bd)
    com.unity.render-pipelines.core@17.5.0 (location: C:\Users\sdziu\my_documents\0_repositories\whoops\Library\PackageCache\com.unity.render-pipelines.core@a4c9a9793789)
    com.unity.shadergraph@17.5.0 (location: C:\Users\sdziu\my_documents\0_repositories\whoops\Library\PackageCache\com.unity.shadergraph@8d7376ec43ee)
    com.unity.render-pipelines.universal-config@17.5.0 (location: C:\Users\sdziu\my_documents\0_repositories\whoops\Library\PackageCache\com.unity.render-pipelines.universal-config@fdda01c80fe3)
    com.unity.2d.sprite@1.0.0 (location: C:\Users\sdziu\my_documents\0_repositories\whoops\Library\PackageCache\com.unity.2d.sprite@053a968eab56)
    com.unity.2d.tilemap@1.0.0 (location: C:\Users\sdziu\my_documents\0_repositories\whoops\Library\PackageCache\com.unity.2d.tilemap@b959501fd678)
    com.unity.collections@6.5.0 (location: C:\Users\sdziu\my_documents\0_repositories\whoops\Library\PackageCache\com.unity.collections@ec2c217e4cb2)
    com.unity.mathematics@1.4.0 (location: C:\Users\sdziu\my_documents\0_repositories\whoops\Library\PackageCache\com.unity.mathematics@981956d94fb6)
[Subsystems] No new subsystems found in resolved package list.
[Package Manager] Done registering packages in 0.03 seconds
info: Microsoft.Hosting.Lifetime[14]
      Now listening on: http://localhost:80
info: Microsoft.Hosting.Lifetime[0]
      Application started. Press Ctrl+C to shut down.
info: Microsoft.Hosting.Lifetime[0]
      Hosting environment: Production
info: Microsoft.Hosting.Lifetime[0]
      Content root path: C:\Users\sdziu\my_documents\0_repositories\whoops
info: Microsoft.AspNetCore.Hosting.Diagnostics[1]
      Request starting HTTP/2 POST http://ilpp/UnityILPP.PostProcessing/Ping - application/grpc -
info: Microsoft.AspNetCore.Routing.EndpointMiddleware[0]
      Executing endpoint 'gRPC - /UnityILPP.PostProcessing/Ping'
info: Microsoft.AspNetCore.Routing.EndpointMiddleware[1]
      Executed endpoint 'gRPC - /UnityILPP.PostProcessing/Ping'
info: Microsoft.AspNetCore.Hosting.Diagnostics[2]
      Request finished HTTP/2 POST http://ilpp/UnityILPP.PostProcessing/Ping - 200 - application/grpc 49.8999ms
Starting: C:\Program Files\Unity\Hub\Editor\6000.5.8f1\Editor\Data\Tools\BuildPipeline\bee_backend.exe --ipc --defer-dag-verification --dagfile="Library/Bee/1900b0aE.dag" --continue-on-failure --profile="Library/Bee/backend1.traceevents" ScriptAssemblies
WorkingDir: C:/Users/sdziu/my_documents/0_repositories/whoops
info: Microsoft.AspNetCore.Hosting.Diagnostics[1]
      Request starting HTTP/2 POST http://ilpp/UnityILPP.PostProcessing/ConfigurePostProcessors - application/grpc -
info: Microsoft.AspNetCore.Routing.EndpointMiddleware[0]
      Executing endpoint 'gRPC - /UnityILPP.PostProcessing/ConfigurePostProcessors'
warn: Unity.ILPP.Runner.PostProcessingAssemblyLoadContext[0]
      Assembly system.runtime.interopservices.windowsruntime has duplicate hint path. Ignoring "C:\Program Files\Unity\Hub\Editor\6000.5.8f1\Editor\Data\UnityReferenceAssemblies\unity-4.8-api\Facades\System.Runtime.InteropServices.WindowsRuntime.dll" in favor of "C:\Program Files\Unity\Hub\Editor\6000.5.8f1\Editor\Data\NetStandard\Extensions\2.0.0\System.Runtime.InteropServices.WindowsRuntime.dll"
warn: Unity.ILPP.Runner.PostProcessingAssemblyLoadContext[0]
      Assembly system.componentmodel.composition has duplicate hint path. Ignoring "C:\Program Files\Unity\Hub\Editor\6000.5.8f1\Editor\Data\UnityReferenceAssemblies\unity-4.8-api\System.ComponentModel.Composition.dll" in favor of "C:\Program Files\Unity\Hub\Editor\6000.5.8f1\Editor\Data\NetStandard\compat\2.1.0\shims\netfx\System.ComponentModel.Composition.dll"
info: Unity.ILPP.Runner.PostProcessingAssemblyLoadContext[0]
      Resolved Unity.Burst.Cecil, Version=0.11.6.0, Culture=neutral, PublicKeyToken=50cebf1cceb9d05e with Library\PackageCache\com.unity.burst@2f3d916873ea\Unity.Burst.CodeGen\Unity.Burst.Cecil.dll
info: Unity.ILPP.Runner.PostProcessingAssemblyLoadContext[0]
      Resolved Mono.Cecil, Version=0.11.5.0, Culture=neutral, PublicKeyToken=50cebf1cceb9d05e with Library\PackageCache\com.unity.nuget.mono-cecil@ecb9724e46ff\Mono.Cecil.dll
info: Microsoft.AspNetCore.Routing.EndpointMiddleware[1]
      Executed endpoint 'gRPC - /UnityILPP.PostProcessing/ConfigurePostProcessors'
info: Microsoft.AspNetCore.Hosting.Diagnostics[2]
      Request finished HTTP/2 POST http://ilpp/UnityILPP.PostProcessing/ConfigurePostProcessors - 200 - application/grpc 834.0173ms
ExitCode: 0 Duration: 1s400ms
[ 895/1154  0s] ILPP-Configuration Library/ilpp-configuration.nevergeneratedoutput
*** Tundra build success (1.31 seconds), 1 items updated, 1154 evaluated
AssetDatabase: script compilation time: 2.600397s
Begin MonoManager ReloadAssembly
Symbol file LoadedFromMemory is not a mono symbol file
Refreshing native plugins compatible for Editor in 155.98 ms, found 5 plugins.
Native extension for WindowsStandalone target not found
Refreshing native plugins compatible for Editor in 4.11 ms, found 5 plugins.
ScheduleIndexationOnStartup MainProcess:True IndexOnStartup:True
Mono: successfully reloaded assembly
- Finished resetting the current domain, in  7.321 seconds
Domain Reload Profiling: 12502ms
	BeginReloadAssembly (386ms)
		DisableScriptedObjects (38ms)
		CreateAndSetChildDomain (152ms)
	RebuildCommonClasses (10ms)
	RebuildNativeTypeToScriptingClass (19ms)
	initialDomainReloadingComplete (83ms)
	LoadAllAssembliesAndSetupDomain (4681ms)
		LoadAssemblies (4028ms)
		AnalyzeDomain (606ms)
			TypeCache.Refresh (461ms)
				TypeCache.ScanAssembly (438ms)
			BuildScriptInfoCaches (131ms)
			ResolveRequiredComponents (11ms)
	FinalizeReload (7323ms)
		SetupLoadedEditorAssemblies (0ms)
			BeforeProcessingInitializeOnLoad (104ms)
			ProcessInitializeOnLoadAttributes (4898ms)
			ProcessInitializeOnLoadMethodAttributes (1639ms)
			AfterProcessingInitializeOnLoad (11ms)
		AwakeInstancesAfterBackupRestoration (56ms)
Starting new worker id: 0 with log in C:/Users/sdziu/my_documents/0_repositories/whoops/Logs/AssetImportWorkerHW0.log

Asset Pipeline Refresh (id=ba58e4a314b43d242a88d708cbde1d39): Total: 29.946 seconds - Initiated by InitialRefreshV2(ForceSynchronousImport)
	(Values over 0.05ms)
	Summary:
		Imports: total=0 (actual=0, local cache=0, cache server=0)
		Asset DB Process Time: managed=0 ms, native=21916 ms
		Asset DB Callback time: managed=39 ms, native=53 ms
		Scripting: domain reloads=1, domain reload time=5254 ms, compile time=2604 ms, other=77 ms
		Project Asset Count: scripts=1714, non-scripts=3385
		Asset File Changes: new=0, changed=0, moved=0, deleted=0
		Scan Filter Count: 0
	InvokePackagesCallback: 56.635ms
	ApplyChangesToAssetFolders: 0.884ms
	Scan: 1044.654ms
	Collect global state as custom dependencies: 31.822ms
	CategorizeScriptCompilationAssets: 2507.946ms
	ProcessAssetsWithTransientArtifactChanges: 108.162ms
	CategorizeAssets: 89.752ms
	CompileScripts: 2603.659ms
	ImportOutOfDateAssets: 7582.446ms (7522.431ms without children)
		ReloadNativeAssets: 0.052ms
		UnloadImportedAssets: 0.974ms
		EnsureUptoDateAssetsAreRegisteredWithGuidPM: 1.030ms
		ImportSchedulerStart: 57.955ms
	PostProcessAllAssets: 40.036ms
		MonoPostProcessAllAssets: 39.985ms
			UniversalRenderPipelineGlobalSettingsPostprocessor.OnPostprocessAllAssets 15.566ms
			SyncVS.PostprocessSyncProject 6.551ms
			SpeedTree9Postprocessor.OnPostprocessAllAssets 3.400ms
			WindowAssetPostprocessingWatcher.OnPostprocessAllAssets 1.503ms
			EditModeScopePostprocessor.OnPostprocessAllAssets 0.736ms
			ShaderReflectionAssetPostProcessor.OnPostprocessAllAssets 0.660ms
			RenderPipelineGlobalSettingsPostprocessor.OnPostprocessAllAssets 0.643ms
			InputActionAssetPostprocessor.OnPostprocessAllAssets 0.535ms
			TerrainToolbarOverlayPostProcessor.OnPostprocessAllAssets 0.295ms
			ProjectSettingsPostprocessor.OnPostprocessAllAssets 0.251ms
			ReferencedClipsPostProcessor.OnPostprocessAllAssets 0.218ms
			AssetDatabaseCallbacks.OnPostprocessAllAssets 0.131ms
	UnloadStreamsBegin: 4.476ms
	PersistCurrentRevisions: 0.143ms
	GenerateScriptTypeHashes: 5.749ms
	GenerateScriptTypeSerializationHashes: 10.135ms
	Untracked: 15866.577ms

Application.AssetDatabase Initial Refresh End
Launched and connected shader compiler UnityShaderCompiler.exe after 0.05 seconds
Scanning for USB devices : 5.020ms
Initializing Unity extensions:
[MODES] ModeService[none].Initialize
[MODES] ModeService[none].LoadModes
[MODES] Loading mode Default (0) for mode-current-id-Whoops! A Detective Story
Unloading 50 Unused Serialized files (Serialized files now loaded: 0)
Worker ready: AssetImportWorkerHW0 0
Loaded scene 'Assets/Scenes/SampleScene.unity'
	Deserialize:            1085.615 ms
	Integration:            1445.667 ms
	Integration of assets:  16.879 ms
	Thread Wait Time:       0.067 ms
	Total Operation Time:   2548.229 ms
Unloading 7520 unused Assets / (8.8 MB). Loaded Objects now: 9253.
Memory consumption went from 470.6 MB to 461.8 MB.
Total: 29.873300 ms (FindLiveObjects: 3.551400 ms CreateObjectMapping: 3.847800 ms MarkObjects: 12.554900 ms  DeleteObjects: 9.647300 ms)

[LAYOUT] About to load UserSettings\Layouts\default-6000.dwlt, keepMainWindow=False
[LAYOUT] About to save layout C:\Users\sdziu\my_documents\0_repositories\whoops\UserSettings\Layouts\default-6000.dwlt
[LAYOUT] About to save layout C:/Users/sdziu/AppData/Roaming/Unity/Editor-5.x/Preferences\Layouts\current\default-6000.dwlt
[MODES] ModeService[default].InitializeCurrentMode
[MODES] ModeService[default].RaiseModeChanged(default, default)
This project uses Input Manager, which is marked for deprecation. To manage input in your project, use the <a href="https://docs.unity3d.com/Packages/com.unity.inputsystem@latest">Input System package</a> instead.
<RI> Initializing input.
Using Windows.Gaming.Input
<RI> Input initialized.
[Project] Loading completed in 77.655 seconds
	Project init time: 				71.323 seconds
		Template init time: 		0.000 seconds
		Package Manager init time: 		12.660 seconds
		Asset Database init time: 		0.633 seconds
		Global illumination init time: 	0.036 seconds
		Assemblies load time: 			20.272 seconds
		Unity extensions init time: 	0.058 seconds
		Asset Database refresh time: 	29.947 seconds
	Scene opening time: 			6.100 seconds
##utp:{"type":"ProjectInfo","version":2,"phase":"Immediate","time":1787414332043,"processId":26124,"projectLoad":77.6554584,"projectInit":71.3229944,"templateInit":0.0,"packageManagerInit":12.6600878,"assetDatabaseInit":0.63321,"globalIlluminationInit":0.0356684,"assembliesLoad":20.2718124,"unityExtensionsInit":0.0580026,"assetDatabaseRefresh":29.9467512,"sceneOpening":6.0997504}
##utp:{"type":"EditorInfo","version":2,"phase":"Immediate","time":1787414332043,"processId":26124,"editorVersion":"6000.5.8f1 (5cb7df797b7d)","branch":"6000.5/staging","buildType":"Release","platform":"Windows"}
[Licensing::Client] Successfully resolved entitlement details
Asset Pipeline Refresh (id=19dac295a0c57be4683be9a7883d5b0b): Total: 0.193 seconds - Initiated by RefreshV2(AllowForceSynchronousImport)
Created GICache directory at C:/Users/sdziu/AppData/LocalLow/Unity/Caches/GiCache. Took: 0.043s, timestamps: [80.048 - 80.091]
[Licensing::Client] Successfully resolved entitlement details
[Licensing::Client] Successfully updated the access token
[Licensing::Module] Successfully updated access token: "UAvmWIMw"... (expires: 2026-08-22T17:56:47Z)
[Licensing::Client] Successfully resolved entitlement details
[Licensing::Client] Successfully resolved entitlement details
Scanning for USB devices : 3.873ms
Scanning for USB devices : 3.936ms
[Licensing::Client] Successfully resolved entitlement details
Asset Pipeline Refresh (id=4c468cd389e45db41a96918dcb5c7085): Total: 0.010 seconds - Initiated by RefreshV2(AllowForceSynchronousImport)
Start Indexing on Editor startup
[Indexing] Starting Initial Indexing for Assets
TrimDiskCacheJob: Current cache size 4mb
Asset Pipeline Refresh (id=b351bda223d79f14fb3f2da1ea8170d8): Total: 0.023 seconds - Initiated by RefreshV2(AllowForceSynchronousImport)
Asset Pipeline Refresh (id=e5f98b41dc3678947abfa7a71a3ddc4c): Total: 0.020 seconds - Initiated by RefreshV2(AllowForceSynchronousImport)
Asset Pipeline Refresh (id=1bf669d50611d1d45a020f689d685c7f): Total: 0.012 seconds - Initiated by RefreshV2(AllowForceSynchronousImport)
GetVirtualKey: Could not map char: z (122) to any virtual key
GetVirtualKey: Could not map char: y (121) to any virtual key
GetVirtualKey: Could not map char: x (120) to any virtual key
GetVirtualKey: Could not map char: c (99) to any virtual key
GetVirtualKey: Could not map char: v (118) to any virtual key
GetVirtualKey: Could not map char: V (86) to any virtual key
GetVirtualKey: Could not map char: d (100) to any virtual key
GetVirtualKey: Could not map char: f (102) to any virtual key
GetVirtualKey: Could not map char: f (102) to any virtual key
GetVirtualKey: Could not map char: a (97) to any virtual key
GetVirtualKey: Could not map char: d (100) to any virtual key
GetVirtualKey: Could not map char: c (99) to any virtual key
GetVirtualKey: Could not map char: r (114) to any virtual key
GetVirtualKey: Could not map char: i (105) to any virtual key
GetVirtualKey: Could not map char: l (108) to any virtual key
GetVirtualKey: Could not map char: f (102) to any virtual key
GetVirtualKey: Could not map char: k (107) to any virtual key
GetVirtualKey: Could not map char: p (112) to any virtual key
GetVirtualKey: Could not map char: p (112) to any virtual key
GetVirtualKey: Could not map char: p (112) to any virtual key
GetVirtualKey: Could not map char: c (99) to any virtual key
GetVirtualKey: Could not map char: r (114) to any virtual key
GetVirtualKey: Could not map char: P (80) to any virtual key
GetVirtualKey: Could not map char: n (110) to any virtual key
GetVirtualKey: Could not map char: n (110) to any virtual key
GetVirtualKey: Could not map char: g (103) to any virtual key
GetVirtualKey: Could not map char: f (102) to any virtual key
GetVirtualKey: Could not map char: f (102) to any virtual key
GetVirtualKey: Could not map char: a (97) to any virtual key
GetVirtualKey: Could not map char: a (97) to any virtual key
GetVirtualKey: Could not map char: c (99) to any virtual key
GetVirtualKey: Could not map char: u (117) to any virtual key
GetVirtualKey: Could not map char: n (110) to any virtual key
GetVirtualKey: Could not map char: o (111) to any virtual key
GetVirtualKey: Could not map char: s (115) to any virtual key
GetVirtualKey: Could not map char: s (115) to any virtual key
GetVirtualKey: Could not map char: b (98) to any virtual key
GetVirtualKey: Could not map char: b (98) to any virtual key
Starting new worker id: 1 with log in C:/Users/sdziu/my_documents/0_repositories/whoops/Logs/AssetImportWorkerHW1.log
[Worker0] Imported GUID: 95d8dbae7af984646a37ff0c31491314 - Path: Assets/PickupItem.cs - Importer: PreviewImporter -> (ImportResultId: '2d5eade668ea6e6137d06fabc8b552fd') in 0.0630761 seconds
GetVirtualKey: Could not map char: c (99) to any virtual key
GetVirtualKey: Could not map char: r (114) to any virtual key
GetVirtualKey: Could not map char: P (80) to any virtual key
Asset Pipeline Refresh (id=9bcca1bc5159f7c428faa47fe5bcfc73): Total: 0.016 seconds - Initiated by RefreshV2(NoUpdateAssetOptions)
[Licensing::Client] Successfully resolved entitlement details
Worker ready: AssetImportWorkerHW1 1
Asset Pipeline Refresh (id=2cb357b3f95cae54bb361fdf63bec3de): Total: 0.068 seconds - Initiated by RefreshV2(AllowForceSynchronousImport)
[Worker0] Imported GUID: 00000000000000001000000000000000 - Path: Assets - Importer: PreviewImporter -> (ImportResultId: '3aa02e5fcf64c7505b6d074e63811f0f') in 0.0405876 seconds
GetVirtualKey: Could not map char: z (122) to any virtual key
GetVirtualKey: Could not map char: y (121) to any virtual key
GetVirtualKey: Could not map char: x (120) to any virtual key
GetVirtualKey: Could not map char: c (99) to any virtual key
GetVirtualKey: Could not map char: v (118) to any virtual key
GetVirtualKey: Could not map char: V (86) to any virtual key
GetVirtualKey: Could not map char: d (100) to any virtual key
GetVirtualKey: Could not map char: f (102) to any virtual key
GetVirtualKey: Could not map char: f (102) to any virtual key
GetVirtualKey: Could not map char: a (97) to any virtual key
GetVirtualKey: Could not map char: d (100) to any virtual key
GetVirtualKey: Could not map char: c (99) to any virtual key
GetVirtualKey: Could not map char: r (114) to any virtual key
GetVirtualKey: Could not map char: i (105) to any virtual key
GetVirtualKey: Could not map char: l (108) to any virtual key
GetVirtualKey: Could not map char: f (102) to any virtual key
GetVirtualKey: Could not map char: k (107) to any virtual key
GetVirtualKey: Could not map char: p (112) to any virtual key
GetVirtualKey: Could not map char: p (112) to any virtual key
GetVirtualKey: Could not map char: p (112) to any virtual key
GetVirtualKey: Could not map char: c (99) to any virtual key
GetVirtualKey: Could not map char: r (114) to any virtual key
GetVirtualKey: Could not map char: P (80) to any virtual key
GetVirtualKey: Could not map char: n (110) to any virtual key
GetVirtualKey: Could not map char: n (110) to any virtual key
GetVirtualKey: Could not map char: g (103) to any virtual key
GetVirtualKey: Could not map char: f (102) to any virtual key
GetVirtualKey: Could not map char: f (102) to any virtual key
GetVirtualKey: Could not map char: a (97) to any virtual key
GetVirtualKey: Could not map char: a (97) to any virtual key
GetVirtualKey: Could not map char: c (99) to any virtual key
GetVirtualKey: Could not map char: u (117) to any virtual key
GetVirtualKey: Could not map char: n (110) to any virtual key
GetVirtualKey: Could not map char: o (111) to any virtual key
GetVirtualKey: Could not map char: s (115) to any virtual key
GetVirtualKey: Could not map char: s (115) to any virtual key
GetVirtualKey: Could not map char: b (98) to any virtual key
GetVirtualKey: Could not map char: b (98) to any virtual key
GetVirtualKey: Could not map char: c (99) to any virtual key
GetVirtualKey: Could not map char: r (114) to any virtual key
GetVirtualKey: Could not map char: P (80) to any virtual key
[ScriptCompilation] Requested script compilation because: AssetDatabase observed changes in script compilation related files
[Licensing::Client] Successfully resolved entitlement details
Refreshing native plugins compatible for Editor in 9.45 ms, found 5 plugins.

Asset Pipeline Refresh (id=12bdb48b5a9162c48a8035942f2a30ee): Total: 0.795 seconds - Initiated by StopAssetImportingV2(NoUpdateAssetOptions)
	(Values over 0.05ms)
	Summary:
		Imports: total=0 (actual=0, local cache=0, cache server=0)
		Asset DB Process Time: managed=0 ms, native=256 ms
		Asset DB Callback time: managed=492 ms, native=44 ms
		Scripting: domain reloads=0, domain reload time=0 ms, compile time=1 ms, other=0 ms
		Project Asset Count: scripts=1714, non-scripts=3385
		Asset File Changes: new=1, changed=1, moved=0, deleted=0
		Scan Filter Count: 2
	ApplyChangesToAssetFolders: 0.358ms
	Scan: 31.631ms
	Collect global state as custom dependencies: 0.467ms
	OnSourceAssetsModified: 2.367ms
	ProcessAssetsWithTransientArtifactChanges: 0.423ms
	CategorizeAssets: 35.597ms
	CompileScripts: 1.055ms
	ImportOutOfDateAssets: 72.567ms (14.608ms without children)
		ReloadNativeAssets: 0.093ms
		UnloadImportedAssets: 0.413ms
		EnsureUptoDateAssetsAreRegisteredWithGuidPM: 0.926ms
		ImportSchedulerStart: 56.521ms
	PostProcessAllAssets: 506.767ms
		XRBuildSystem.XRAssetImported 14.724ms
		WindowTitlePostprocess 0.243ms
		SpriteAtlasDatabase.OnAssetPostprocessCallback 0.233ms
		VersionControlSettings.HiddenFilePostprocess 0.091ms
		PostProcessCallbackCreateDeferredMaterials 0.076ms
		MonoPostProcessAllAssets: 471.891ms
			SyncVS.PostprocessSyncProject 215.791ms
			AssetPostprocessor.OnPostprocessAllAssets 214.226ms
			BuilderAssetPostprocessor.OnPostprocessAllAssets 10.666ms
			SpriteSlicePostprocessor.OnPostprocessAllAssets 4.379ms
			ShaderGraphAssetPostProcessor.OnPostprocessAllAssets 2.887ms
			RetainedModeAssetPostprocessor.OnPostprocessAllAssets 1.922ms
			TMPro_TexturePostProcessor.OnPostprocessAllAssets 1.837ms
			SpriteEditorTexturePostprocessor.OnPostprocessAllAssets 1.107ms
			MaterialPostprocessor.OnPostprocessAllAssets 1.092ms
			UVCSAssetPostprocessor.OnPostprocessAllAssets 1.028ms
			ArtifactBrowserPostProcessor.OnPostprocessAllAssets 0.958ms
			SampleDependencyImporterPostProcessor.OnPostprocessAllAssets 0.956ms
			SpriteShapeAssetPostProcessor.OnPostprocessAllAssets 0.932ms
			TextAssetPostProcessor.OnPostprocessAllAssets 0.825ms
			AssetProcessor.OnPostprocessAllAssets 0.770ms
			AudioMixerPostprocessor.OnPostprocessAllAssets 0.704ms
			InputActionJsonNameModifierAssetProcessor.OnPostprocessAllAssets 0.650ms
			AssetChangedListener.OnPostprocessAllAssets 0.593ms
			StyleCatalogPostProcessor.OnPostprocessAllAssets 0.584ms
			ScenarioDriftAssetsTracker.OnPostprocessAllAssets 0.464ms
			PostProcessor.OnPostprocessAllAssets 0.446ms
			AssetEvents.OnPostprocessAllAssets 0.442ms
			ConfigAssetsTracker.OnPostprocessAllAssets 0.393ms
			SpriteLibraryAssetPostprocessor.OnPostprocessAllAssets 0.365ms
			SpeedTreePostProcessor.OnPostprocessAllAssets 0.351ms
			AssetReloadNotifier.OnPostprocessAllAssets 0.323ms
			RenderPipelineGlobalSettingsPostprocessor.OnPostprocessAllAssets 0.317ms
			SamplePostprocessor.OnPostprocessAllAssets 0.270ms
			PSDImportPostProcessor.OnPostprocessAllAssets 0.240ms
			InputActionAssetPostprocessor.OnPostprocessAllAssets 0.202ms
			PSDImporterAssetPostProcessor.OnPostprocessAllAssets 0.168ms
			AudioContainerPostProcessor.OnPostprocessAllAssets 0.144ms
	PostAssetChangesProfiler: 44.993ms
	GatherAllCurrentPrimaryImportResultRevisions: 0.606ms
	PersistCurrentRevisions: 0.345ms
	Untracked: 97.344ms

info: Microsoft.AspNetCore.Hosting.Diagnostics[1]
      Request starting HTTP/2 POST http://ilpp/UnityILPP.PostProcessing/Ping - application/grpc -
info: Microsoft.AspNetCore.Routing.EndpointMiddleware[0]
      Executing endpoint 'gRPC - /UnityILPP.PostProcessing/Ping'
info: Microsoft.AspNetCore.Routing.EndpointMiddleware[1]
      Executed endpoint 'gRPC - /UnityILPP.PostProcessing/Ping'
info: Microsoft.AspNetCore.Hosting.Diagnostics[2]
      Request finished HTTP/2 POST http://ilpp/UnityILPP.PostProcessing/Ping - 200 - application/grpc 3.0263ms
Starting: C:\Program Files\Unity\Hub\Editor\6000.5.8f1\Editor\Data\Tools\BuildPipeline\bee_backend.exe --ipc --defer-dag-verification --dagfile="Library/Bee/1900b0aE.dag" --continue-on-failure --profile="Library/Bee/backend1.traceevents" ScriptAssemblies
WorkingDir: C:/Users/sdziu/my_documents/0_repositories/whoops
ExitCode: 4 Duration: 0s351ms
Rebuilding DAG because FileSignature timestamp changed: Library/Bee/1900b0aE-inputdata.json
*** Tundra requires additional run (0.30 seconds), 0 items updated, 622 evaluated
Starting: C:\Program Files\Unity\Hub\Editor\6000.5.8f1\Editor\Data\netcorerun\netcorerun.exe "C:\Program Files\Unity\Hub\Editor\6000.5.8f1\Editor\Data\Tools\BuildPipeline\ScriptCompilationBuildProgram.exe" "Library/Bee/1900b0aE.dag.json" "Library/Bee/1900b0aE-inputdata.json" "Library\Bee\buildprogram0.traceevents"
WorkingDir: C:/Users/sdziu/my_documents/0_repositories/whoops
[Worker0] Imported GUID: ccbafc6a4d5f14345a07a9a754b66168 - Path: Assets/Wax.cs - Importer: PreviewImporter -> (ImportResultId: '92b9692d0eed00d1f3dcad29e6237706') in 0.02728 seconds
[Worker0] Imported GUID: ccbafc6a4d5f14345a07a9a754b66168 - Path: Assets/Wax.cs - Importer: ScriptedImporter/UnityEditor.QuickSearchModule:UnityEditor.Search:ASIAI0B -> (ImportResultId: 'cb438a47311629b0cac07703a0f60b44') in 0.2017246 seconds
ExitCode: 0 Duration: 6s871ms
Starting: C:\Program Files\Unity\Hub\Editor\6000.5.8f1\Editor\Data\Tools\BuildPipeline\bee_backend.exe --ipc --defer-dag-verification --dagfile="Library/Bee/1900b0aE.dag" --continue-on-failure --dagfilejson="Library\Bee\1900b0aE.dag.json" --profile="Library/Bee/backend2.traceevents" ScriptAssemblies
WorkingDir: C:/Users/sdziu/my_documents/0_repositories/whoops
info: Microsoft.AspNetCore.Hosting.Diagnostics[1]
      Request starting HTTP/2 POST http://ilpp/UnityILPP.PostProcessing/ConfigurePostProcessors - application/grpc -
info: Microsoft.AspNetCore.Routing.EndpointMiddleware[0]
      Executing endpoint 'gRPC - /UnityILPP.PostProcessing/ConfigurePostProcessors'
info: Unity.ILPP.Runner.PostProcessingAssemblyLoadContext[0]
      Current configuration matches the requested one, skipping
info: Microsoft.AspNetCore.Routing.EndpointMiddleware[1]
      Executed endpoint 'gRPC - /UnityILPP.PostProcessing/ConfigurePostProcessors'
info: Microsoft.AspNetCore.Hosting.Diagnostics[2]
      Request finished HTTP/2 POST http://ilpp/UnityILPP.PostProcessing/ConfigurePostProcessors - 200 - application/grpc 3.5891ms
info: Microsoft.AspNetCore.Hosting.Diagnostics[1]
      Request starting HTTP/2 POST http://ilpp/UnityILPP.PostProcessing/PostProcessAssembly - application/grpc -
info: Microsoft.AspNetCore.Routing.EndpointMiddleware[0]
      Executing endpoint 'gRPC - /UnityILPP.PostProcessing/PostProcessAssembly'
info: Unity.ILPP.Runner.PostProcessingPipeline[0]
      Processing assembly Library/Bee/artifacts/1900b0aE.dag/Assembly-CSharp.dll, with 143 defines and 358 references
info: Unity.ILPP.Runner.PostProcessingPipeline[0]
      processors: Unity.Jobs.CodeGen.JobsILPostProcessor, zzzUnity.Burst.CodeGen.BurstILPostProcessor
info: Unity.ILPP.Runner.PostProcessingPipeline[0]
      running Unity.Jobs.CodeGen.JobsILPostProcessor
info: Unity.ILPP.Runner.PostProcessingAssemblyLoadContext[0]
      Resolved Unity.Collections, Version=0.0.0.0, Culture=neutral, PublicKeyToken=null with Library\Bee\artifacts\1900b0aE.dag\Unity.Collections.dll
info: Unity.ILPP.Runner.PostProcessingAssemblyLoadContext[0]
      Resolved UnityEditor.CoreModule, Version=0.0.0.0, Culture=neutral, PublicKeyToken=null with C:\Program Files\Unity\Hub\Editor\6000.5.8f1\Editor\Data\Managed\UnityEngine\UnityEditor.CoreModule.dll
info: Unity.ILPP.Runner.PostProcessingAssemblyLoadContext[0]
      Resolved UnityEngine.CoreModule, Version=0.0.0.0, Culture=neutral, PublicKeyToken=null with C:\Program Files\Unity\Hub\Editor\6000.5.8f1\Editor\Data\Managed\UnityEngine\UnityEngine.CoreModule.dll
info: Unity.ILPP.Runner.PostProcessingAssemblyLoadContext[0]
      Resolved Unity.Scripting, Version=0.0.0.0, Culture=neutral, PublicKeyToken=null with C:\Program Files\Unity\Hub\Editor\6000.5.8f1\Editor\Data\Managed\UnityEngine\Unity.Scripting.dll
info: Unity.ILPP.Runner.PostProcessingPipeline[0]
      running zzzUnity.Burst.CodeGen.BurstILPostProcessor
info: Unity.ILPP.Runner.PostProcessingAssemblyLoadContext[0]
      Resolved Unity.Burst.Cecil.Rocks, Version=0.11.6.0, Culture=neutral, PublicKeyToken=50cebf1cceb9d05e with Library\PackageCache\com.unity.burst@2f3d916873ea\Unity.Burst.CodeGen\Unity.Burst.Cecil.Rocks.dll
info: Microsoft.AspNetCore.Routing.EndpointMiddleware[1]
      Executed endpoint 'gRPC - /UnityILPP.PostProcessing/PostProcessAssembly'
info: Microsoft.AspNetCore.Hosting.Diagnostics[2]
      Request finished HTTP/2 POST http://ilpp/UnityILPP.PostProcessing/PostProcessAssembly - 200 - application/grpc 7275.8497ms
info: Microsoft.AspNetCore.Hosting.Diagnostics[1]
      Request starting HTTP/2 POST http://ilpp/UnityILPP.PostProcessing/PostProcessAssembly - application/grpc -
info: Microsoft.AspNetCore.Routing.EndpointMiddleware[0]
      Executing endpoint 'gRPC - /UnityILPP.PostProcessing/PostProcessAssembly'
info: Unity.ILPP.Runner.PostProcessingPipeline[0]
      Processing assembly Library/Bee/artifacts/1900b0aE.dag/Assembly-CSharp-Editor.dll, with 141 defines and 380 references
info: Unity.ILPP.Runner.PostProcessingPipeline[0]
      processors: Unity.Jobs.CodeGen.JobsILPostProcessor, zzzUnity.Burst.CodeGen.BurstILPostProcessor
info: Unity.ILPP.Runner.PostProcessingPipeline[0]
      running Unity.Jobs.CodeGen.JobsILPostProcessor
info: Unity.ILPP.Runner.PostProcessingPipeline[0]
      running zzzUnity.Burst.CodeGen.BurstILPostProcessor
info: Microsoft.AspNetCore.Routing.EndpointMiddleware[1]
      Executed endpoint 'gRPC - /UnityILPP.PostProcessing/PostProcessAssembly'
info: Microsoft.AspNetCore.Hosting.Diagnostics[2]
      Request finished HTTP/2 POST http://ilpp/UnityILPP.PostProcessing/PostProcessAssembly - 200 - application/grpc 118.8474ms
ExitCode: 0 Duration: 24s
Finished compiling graph: 1158 nodes, 23567 flattened edges (19389 ToBuild, 184 ToUse), maximum node priority 1349
[ 620/1154  0s] WriteText Library/Bee/artifacts/1900b0aE.dag/Assembly-CSharp.rsp
[ 893/1154  0s] ILPP-Configuration Library/ilpp-configuration.nevergeneratedoutput
[BUSY       6s] Csc Library/Bee/artifacts/1900b0aE.dag/Assembly-CSharp.dll (+2 others)
[1146/1154 13s] Csc Library/Bee/artifacts/1900b0aE.dag/Assembly-CSharp.dll (+2 others)
Assets\PickupItem.cs(13,21): warning CS0618: 'Object.FindFirstObjectByType<T>()' is obsolete: 'FindFirstObjectByType has been deprecated because it relies on instance ID ordering. Use FindAnyObjectByType instead, which does not depend on ordering.'

Assets\Portal.cs(34,60): warning CS0618: 'FindObjectsSortMode' is obsolete: 'FindObjectsSortMode has been deprecated. Use the FindObjectsByType overloads that do not take a FindObjectsSortMode parameter.'

Assets\Portal.cs(34,32): warning CS0618: 'Object.FindObjectsByType<T>(FindObjectsSortMode)' is obsolete: 'FindObjectsByType with FindObjectsSortMode parameter has been deprecated. Use FindObjectsByType<T>() or FindObjectsByType<T>(FindObjectsInactive) instead. InstanceID will be replaced in the future with EntityId and previous sort order cannot be maintained.'

Assets\SaveSystem.cs(59,70): warning CS0618: 'FindObjectsSortMode' is obsolete: 'FindObjectsSortMode has been deprecated. Use the FindObjectsByType overloads that do not take a FindObjectsSortMode parameter.'

Assets\SaveSystem.cs(59,33): warning CS0618: 'Object.FindObjectsByType<T>(FindObjectsSortMode)' is obsolete: 'FindObjectsByType with FindObjectsSortMode parameter has been deprecated. Use FindObjectsByType<T>() or FindObjectsByType<T>(FindObjectsInactive) instead. InstanceID will be replaced in the future with EntityId and previous sort order cannot be maintained.'

Assets\SaveSystem.cs(16,36): warning UAC1009: Field 'levelDictinonary' uses an unsupported type 'System.Collections.Generic.Dictionary<int, string>'. Refer to the Serialization rules analyzer reference. (https://docs.unity3d.com/6000.5/Documentation/Manual/script-serialization-analyzer.html#uac1009)

Assets\YandexGame\ScriptsYG\Leaderboards\LBPlayerDataYG.cs(45,21): warning UAC1001: Field 'data' type 'YG.LBPlayerDataYG.Data' is skipped by serialization (missing the [Serializable] attribute). Refer to the Serialization rules analyzer reference. (https://docs.unity3d.com/6000.5/Documentation/Manual/script-serialization-analyzer.html#uac1001)
[BUSY       6s] Csc Library/Bee/artifacts/1900b0aE.dag/Assembly-CSharp-Editor.dll (+2 others)
[1147/1154  7s] ILPostProcess Library/Bee/artifacts/1900b0aE.dag/post-processed/Assembly-CSharp.dll (+pdb)
Processing assembly Library/Bee/artifacts/1900b0aE.dag/Assembly-CSharp.dll, with 143 defines and 358 references

processors: Unity.Jobs.CodeGen.JobsILPostProcessor, zzzUnity.Burst.CodeGen.BurstILPostProcessor

running Unity.Jobs.CodeGen.JobsILPostProcessor

running zzzUnity.Burst.CodeGen.BurstILPostProcessor
[1148/1154  0s] CopyFiles Library/ScriptAssemblies/Assembly-CSharp.pdb
[1149/1154  0s] CopyFiles Library/ScriptAssemblies/Assembly-CSharp.dll
[1150/1154  8s] Csc Library/Bee/artifacts/1900b0aE.dag/Assembly-CSharp-Editor.dll (+2 others)
Assets\YandexGame\ScriptsYG\Language\Editor\FontMasseInstallEditorWindow.cs(29,114): warning CS0618: 'FindObjectsSortMode' is obsolete: 'FindObjectsSortMode has been deprecated. Use the FindObjectsByType overloads that do not take a FindObjectsSortMode parameter.'

Assets\YandexGame\ScriptsYG\Language\Editor\FontMasseInstallEditorWindow.cs(29,44): warning CS0618: 'Object.FindObjectsByType<T>(FindObjectsInactive, FindObjectsSortMode)' is obsolete: 'FindObjectsByType with FindObjectsSortMode parameter has been deprecated. Use FindObjectsByType<T>() or FindObjectsByType<T>(FindObjectsInactive) instead. InstanceID will be replaced in the future with EntityId and previous sort order cannot be maintained.'

Assets\YandexGame\ScriptsYG\Language\Editor\AutoLocalizationMasseWindow.cs(33,106): warning CS0618: 'FindObjectsSortMode' is obsolete: 'FindObjectsSortMode has been deprecated. Use the FindObjectsByType overloads that do not take a FindObjectsSortMode parameter.'

Assets\YandexGame\ScriptsYG\Language\Editor\AutoLocalizationMasseWindow.cs(33,42): warning CS0618: 'Object.FindObjectsByType<T>(FindObjectsInactive, FindObjectsSortMode)' is obsolete: 'FindObjectsByType with FindObjectsSortMode parameter has been deprecated. Use FindObjectsByType<T>() or FindObjectsByType<T>(FindObjectsInactive) instead. InstanceID will be replaced in the future with EntityId and previous sort order cannot be maintained.'

Assets\YandexGame\ScriptsYG\Language\Editor\AutoLocalizationMasseWindow.cs(53,118): warning CS0618: 'FindObjectsSortMode' is obsolete: 'FindObjectsSortMode has been deprecated. Use the FindObjectsByType overloads that do not take a FindObjectsSortMode parameter.'

Assets\YandexGame\ScriptsYG\Language\Editor\AutoLocalizationMasseWindow.cs(53,48): warning CS0618: 'Object.FindObjectsByType<T>(FindObjectsInactive, FindObjectsSortMode)' is obsolete: 'FindObjectsByType with FindObjectsSortMode parameter has been deprecated. Use FindObjectsByType<T>() or FindObjectsByType<T>(FindObjectsInactive) instead. InstanceID will be replaced in the future with EntityId and previous sort order cannot be maintained.'

Assets\YandexGame\ScriptsYG\Language\Editor\CSVFileEditorWindow.cs(30,85): warning CS0618: 'FindObjectsSortMode' is obsolete: 'FindObjectsSortMode has been deprecated. Use the FindObjectsByType overloads that do not take a FindObjectsSortMode parameter.'

Assets\YandexGame\ScriptsYG\Language\Editor\CSVFileEditorWindow.cs(30,44): warning CS0618: 'Object.FindObjectsByType<T>(FindObjectsSortMode)' is obsolete: 'FindObjectsByType with FindObjectsSortMode parameter has been deprecated. Use FindObjectsByType<T>() or FindObjectsByType<T>(FindObjectsInactive) instead. InstanceID will be replaced in the future with EntityId and previous sort order cannot be maintained.'
[1151/1154  0s] ILPostProcess Library/Bee/artifacts/1900b0aE.dag/post-processed/Assembly-CSharp-Editor.dll (+pdb)
Processing assembly Library/Bee/artifacts/1900b0aE.dag/Assembly-CSharp-Editor.dll, with 141 defines and 380 references

processors: Unity.Jobs.CodeGen.JobsILPostProcessor, zzzUnity.Burst.CodeGen.BurstILPostProcessor

running Unity.Jobs.CodeGen.JobsILPostProcessor

running zzzUnity.Burst.CodeGen.BurstILPostProcessor
[1152/1154  0s] CopyFiles Library/ScriptAssemblies/Assembly-CSharp-Editor.pdb
[1153/1154  0s] CopyFiles Library/ScriptAssemblies/Assembly-CSharp-Editor.dll
*** Tundra build success (24.36 seconds), 10 items updated, 1154 evaluated
Assets\PickupItem.cs(13,21): warning CS0618: 'Object.FindFirstObjectByType<T>()' is obsolete: 'FindFirstObjectByType has been deprecated because it relies on instance ID ordering. Use FindAnyObjectByType instead, which does not depend on ordering.'
Assets\Portal.cs(34,60): warning CS0618: 'FindObjectsSortMode' is obsolete: 'FindObjectsSortMode has been deprecated. Use the FindObjectsByType overloads that do not take a FindObjectsSortMode parameter.'
Assets\Portal.cs(34,32): warning CS0618: 'Object.FindObjectsByType<T>(FindObjectsSortMode)' is obsolete: 'FindObjectsByType with FindObjectsSortMode parameter has been deprecated. Use FindObjectsByType<T>() or FindObjectsByType<T>(FindObjectsInactive) instead. InstanceID will be replaced in the future with EntityId and previous sort order cannot be maintained.'
Assets\SaveSystem.cs(59,70): warning CS0618: 'FindObjectsSortMode' is obsolete: 'FindObjectsSortMode has been deprecated. Use the FindObjectsByType overloads that do not take a FindObjectsSortMode parameter.'
Assets\SaveSystem.cs(59,33): warning CS0618: 'Object.FindObjectsByType<T>(FindObjectsSortMode)' is obsolete: 'FindObjectsByType with FindObjectsSortMode parameter has been deprecated. Use FindObjectsByType<T>() or FindObjectsByType<T>(FindObjectsInactive) instead. InstanceID will be replaced in the future with EntityId and previous sort order cannot be maintained.'
Assets\SaveSystem.cs(16,36): warning UAC1009: Field 'levelDictinonary' uses an unsupported type 'System.Collections.Generic.Dictionary<int, string>'. Refer to the Serialization rules analyzer reference. (https://docs.unity3d.com/6000.5/Documentation/Manual/script-serialization-analyzer.html#uac1009)
Assets\YandexGame\ScriptsYG\Leaderboards\LBPlayerDataYG.cs(45,21): warning UAC1001: Field 'data' type 'YG.LBPlayerDataYG.Data' is skipped by serialization (missing the [Serializable] attribute). Refer to the Serialization rules analyzer reference. (https://docs.unity3d.com/6000.5/Documentation/Manual/script-serialization-analyzer.html#uac1001)
Assets\YandexGame\ScriptsYG\Language\Editor\FontMasseInstallEditorWindow.cs(29,114): warning CS0618: 'FindObjectsSortMode' is obsolete: 'FindObjectsSortMode has been deprecated. Use the FindObjectsByType overloads that do not take a FindObjectsSortMode parameter.'
Assets\YandexGame\ScriptsYG\Language\Editor\FontMasseInstallEditorWindow.cs(29,44): warning CS0618: 'Object.FindObjectsByType<T>(FindObjectsInactive, FindObjectsSortMode)' is obsolete: 'FindObjectsByType with FindObjectsSortMode parameter has been deprecated. Use FindObjectsByType<T>() or FindObjectsByType<T>(FindObjectsInactive) instead. InstanceID will be replaced in the future with EntityId and previous sort order cannot be maintained.'
Assets\YandexGame\ScriptsYG\Language\Editor\AutoLocalizationMasseWindow.cs(33,106): warning CS0618: 'FindObjectsSortMode' is obsolete: 'FindObjectsSortMode has been deprecated. Use the FindObjectsByType overloads that do not take a FindObjectsSortMode parameter.'
Assets\YandexGame\ScriptsYG\Language\Editor\AutoLocalizationMasseWindow.cs(33,42): warning CS0618: 'Object.FindObjectsByType<T>(FindObjectsInactive, FindObjectsSortMode)' is obsolete: 'FindObjectsByType with FindObjectsSortMode parameter has been deprecated. Use FindObjectsByType<T>() or FindObjectsByType<T>(FindObjectsInactive) instead. InstanceID will be replaced in the future with EntityId and previous sort order cannot be maintained.'
Assets\YandexGame\ScriptsYG\Language\Editor\AutoLocalizationMasseWindow.cs(53,118): warning CS0618: 'FindObjectsSortMode' is obsolete: 'FindObjectsSortMode has been deprecated. Use the FindObjectsByType overloads that do not take a FindObjectsSortMode parameter.'
Assets\YandexGame\ScriptsYG\Language\Editor\AutoLocalizationMasseWindow.cs(53,48): warning CS0618: 'Object.FindObjectsByType<T>(FindObjectsInactive, FindObjectsSortMode)' is obsolete: 'FindObjectsByType with FindObjectsSortMode parameter has been deprecated. Use FindObjectsByType<T>() or FindObjectsByType<T>(FindObjectsInactive) instead. InstanceID will be replaced in the future with EntityId and previous sort order cannot be maintained.'
Assets\YandexGame\ScriptsYG\Language\Editor\CSVFileEditorWindow.cs(30,85): warning CS0618: 'FindObjectsSortMode' is obsolete: 'FindObjectsSortMode has been deprecated. Use the FindObjectsByType overloads that do not take a FindObjectsSortMode parameter.'
Assets\YandexGame\ScriptsYG\Language\Editor\CSVFileEditorWindow.cs(30,44): warning CS0618: 'Object.FindObjectsByType<T>(FindObjectsSortMode)' is obsolete: 'FindObjectsByType with FindObjectsSortMode parameter has been deprecated. Use FindObjectsByType<T>() or FindObjectsByType<T>(FindObjectsInactive) instead. InstanceID will be replaced in the future with EntityId and previous sort order cannot be maintained.'
Reloading assemblies after finishing script compilation.
Reloading assemblies after forced synchronous recompile.
Begin MonoManager ReloadAssembly
Symbol file LoadedFromMemory is not a mono symbol file
Refreshing native plugins compatible for Editor in 18.53 ms, found 5 plugins.
Native extension for WindowsStandalone target not found
[MODES] ModeService[none].Initialize
[MODES] ModeService[none].LoadModes
ScheduleIndexationOnStartup MainProcess:True IndexOnStartup:True
Mono: successfully reloaded assembly
- Finished resetting the current domain, in  6.884 seconds
Domain Reload Profiling: 12235ms
	BeginReloadAssembly (3405ms)
		DisableScriptedObjects (689ms)
		CreateAndSetChildDomain (1617ms)
	RebuildCommonClasses (29ms)
	RebuildNativeTypeToScriptingClass (60ms)
	initialDomainReloadingComplete (268ms)
	LoadAllAssembliesAndSetupDomain (1586ms)
		LoadAssemblies (785ms)
		AnalyzeDomain (900ms)
			TypeCache.Refresh (39ms)
				TypeCache.ScanAssembly (6ms)
			BuildScriptInfoCaches (756ms)
			ResolveRequiredComponents (99ms)
	FinalizeReload (6887ms)
		SetupLoadedEditorAssemblies (0ms)
			InitializePlatformSupportModulesInManaged (6ms)
			BeforeProcessingInitializeOnLoad (721ms)
			ProcessInitializeOnLoadAttributes (1508ms)
			ProcessInitializeOnLoadMethodAttributes (619ms)
			AfterProcessingInitializeOnLoad (33ms)
		AwakeInstancesAfterBackupRestoration (2225ms)
Refreshing native plugins compatible for Editor in 18.38 ms, found 5 plugins.

Asset Pipeline Refresh (id=5dbaceb36ca24f543a75a324187e9241): Total: 13.651 seconds - Initiated by StopAssetImportingV2(ForceSynchronousImport | ForceDomainReload)
	(Values over 0.05ms)
	Summary:
		Imports: total=0 (actual=0, local cache=0, cache server=0)
		Asset DB Process Time: managed=0 ms, native=7426 ms
		Asset DB Callback time: managed=269 ms, native=196 ms
		Scripting: domain reloads=1, domain reload time=5751 ms, compile time=7 ms, other=0 ms
		Project Asset Count: scripts=1714, non-scripts=3385
		Asset File Changes: new=0, changed=0, moved=0, deleted=0
		Scan Filter Count: 0
	InvokePackagesCallback: 9.927ms
	ApplyChangesToAssetFolders: 1.163ms
	Collect global state as custom dependencies: 10.092ms
	ProcessAssetsWithTransientArtifactChanges: 14.085ms
	CategorizeAssets: 178.602ms
	CompileScripts: 7.140ms
	ImportOutOfDateAssets: 7068.044ms (6950.337ms without children)
		CollectScriptTypesHashes: 9.709ms
		ReloadNativeAssets: 4.813ms
		UnloadImportedAssets: 5.791ms
		EnsureUptoDateAssetsAreRegisteredWithGuidPM: 2.170ms
		ImportSchedulerStart: 104.854ms
	PostProcessAllAssets: 273.688ms
		XRBuildSystem.XRAssetImported 3.091ms
		MonoPostProcessAllAssets: 269.559ms
			UniversalRenderPipelineGlobalSettingsPostprocessor.OnPostprocessAllAssets 91.869ms
			BuilderAssetPostprocessor.OnPostprocessAllAssets 24.722ms
			AssetChangedListener.OnPostprocessAllAssets 20.647ms
			AssetPostprocessor.OnPostprocessAllAssets 13.151ms
			SyncVS.PostprocessSyncProject 10.087ms
			SpriteSlicePostprocessor.OnPostprocessAllAssets 7.465ms
			WindowAssetPostprocessingWatcher.OnPostprocessAllAssets 6.774ms
			SpeedTree9Postprocessor.OnPostprocessAllAssets 6.208ms
			ShaderGraphAssetPostProcessor.OnPostprocessAllAssets 4.790ms
			RetainedModeAssetPostprocessor.OnPostprocessAllAssets 4.070ms
			EditModeScopePostprocessor.OnPostprocessAllAssets 2.959ms
			MaterialPostprocessor.OnPostprocessAllAssets 2.362ms
			ProjectSettingsPostprocessor.OnPostprocessAllAssets 2.276ms
			RenderPipelineGlobalSettingsPostprocessor.OnPostprocessAllAssets 2.208ms
			SpriteEditorTexturePostprocessor.OnPostprocessAllAssets 1.925ms
			ArtifactBrowserPostProcessor.OnPostprocessAllAssets 1.918ms
			SpriteShapeAssetPostProcessor.OnPostprocessAllAssets 1.857ms
			TMPro_TexturePostProcessor.OnPostprocessAllAssets 1.662ms
			InputActionAssetPostprocessor.OnPostprocessAllAssets 1.200ms
			ShaderReflectionAssetPostProcessor.OnPostprocessAllAssets 1.073ms
			TextAssetPostProcessor.OnPostprocessAllAssets 1.072ms
			AudioMixerPostprocessor.OnPostprocessAllAssets 1.010ms
			StyleCatalogPostProcessor.OnPostprocessAllAssets 0.992ms
			InputActionJsonNameModifierAssetProcessor.OnPostprocessAllAssets 0.943ms
			ReferencedClipsPostProcessor.OnPostprocessAllAssets 0.913ms
			UVCSAssetPostprocessor.OnPostprocessAllAssets 0.907ms
			SpriteLibraryAssetPostprocessor.OnPostprocessAllAssets 0.822ms
			SampleDependencyImporterPostProcessor.OnPostprocessAllAssets 0.820ms
			AssetEvents.OnPostprocessAllAssets 0.769ms
			PostProcessor.OnPostprocessAllAssets 0.765ms
			PSDImportPostProcessor.OnPostprocessAllAssets 0.616ms
			AssetReloadNotifier.OnPostprocessAllAssets 0.569ms
			AssetDatabaseCallbacks.OnPostprocessAllAssets 0.504ms
			SamplePostprocessor.OnPostprocessAllAssets 0.484ms
			SpeedTreePostProcessor.OnPostprocessAllAssets 0.473ms
			ConfigAssetsTracker.OnPostprocessAllAssets 0.463ms
			TerrainToolbarOverlayPostProcessor.OnPostprocessAllAssets 0.460ms
			ScenarioDriftAssetsTracker.OnPostprocessAllAssets 0.372ms
			PSDImporterAssetPostProcessor.OnPostprocessAllAssets 0.332ms
			AudioContainerPostProcessor.OnPostprocessAllAssets 0.278ms
			AssetProcessor.OnPostprocessAllAssets 0.213ms
	PostAssetChangesProfiler: 189.931ms
	GatherAllCurrentPrimaryImportResultRevisions: 0.956ms
	UnloadStreamsBegin: 5.359ms
	PersistCurrentRevisions: 0.532ms
	GenerateScriptTypeHashes: 19.636ms
	GenerateScriptTypeSerializationHashes: 33.693ms
	Untracked: 5867.361ms

[Licensing::Client] Successfully resolved entitlement details
[Licensing::Client] Successfully resolved entitlement details
[Worker1] Imported GUID: ccbafc6a4d5f14345a07a9a754b66168 - Path: Assets/Wax.cs - Importer: PreviewImporter -> (ImportResultId: '9c285b5318f8423f3a37768366c05c06') in 0.0900026 seconds
[ScriptCompilation] Requested script compilation because: AssetDatabase observed changes in script compilation related files
Refreshing native plugins compatible for Editor in 14.17 ms, found 5 plugins.

Asset Pipeline Refresh (id=96f0c8a2b055e224f98084178c7bbdef): Total: 0.306 seconds - Initiated by RefreshV2(NoUpdateAssetOptions)
	(Values over 0.05ms)
	Summary:
		Imports: total=0 (actual=0, local cache=0, cache server=0)
		Asset DB Process Time: managed=0 ms, native=276 ms
		Asset DB Callback time: managed=7 ms, native=20 ms
		Scripting: domain reloads=0, domain reload time=0 ms, compile time=2 ms, other=0 ms
		Project Asset Count: scripts=1714, non-scripts=3385
		Asset File Changes: new=0, changed=1, moved=0, deleted=0
		Scan Filter Count: 0
	ApplyChangesToAssetFolders: 0.362ms
	Scan: 74.741ms
	Collect global state as custom dependencies: 0.926ms
	OnSourceAssetsModified: 2.179ms
	ProcessAssetsWithTransientArtifactChanges: 0.710ms
	CategorizeAssets: 47.565ms
	CompileScripts: 1.893ms
	ImportOutOfDateAssets: 129.651ms (21.585ms without children)
		ReloadNativeAssets: 0.108ms
		UnloadImportedAssets: 0.455ms
		EnsureUptoDateAssetsAreRegisteredWithGuidPM: 1.410ms
		ImportSchedulerStart: 106.087ms
	PostProcessAllAssets: 9.591ms
		XRBuildSystem.XRAssetImported 3.588ms
		PostProcessCallbackCreateDeferredMaterials 0.088ms
		MonoPostProcessAllAssets: 5.286ms
			SyncVS.PostprocessSyncProject 1.290ms
			AssetChangedListener.OnPostprocessAllAssets 0.786ms
			SpriteEditorTexturePostprocessor.OnPostprocessAllAssets 0.511ms
			SpriteShapeAssetPostProcessor.OnPostprocessAllAssets 0.507ms
			AssetPostprocessor.OnPostprocessAllAssets 0.266ms
			ShaderGraphAssetPostProcessor.OnPostprocessAllAssets 0.251ms
			RenderPipelineGlobalSettingsPostprocessor.OnPostprocessAllAssets 0.227ms
			UniversalRenderPipelineGlobalSettingsPostprocessor.OnPostprocessAllAssets 0.085ms
			SpriteSlicePostprocessor.OnPostprocessAllAssets 0.059ms
			PostProcessor.OnPostprocessAllAssets 0.053ms
	PostAssetChangesProfiler: 16.064ms
	GatherAllCurrentPrimaryImportResultRevisions: 0.717ms
	PersistCurrentRevisions: 0.537ms
	Untracked: 21.048ms

[Licensing::Client] Successfully resolved entitlement details
info: Microsoft.AspNetCore.Hosting.Diagnostics[1]
      Request starting HTTP/2 POST http://ilpp/UnityILPP.PostProcessing/Ping - application/grpc -
info: Microsoft.AspNetCore.Routing.EndpointMiddleware[0]
      Executing endpoint 'gRPC - /UnityILPP.PostProcessing/Ping'
info: Microsoft.AspNetCore.Routing.EndpointMiddleware[1]
      Executed endpoint 'gRPC - /UnityILPP.PostProcessing/Ping'
info: Microsoft.AspNetCore.Hosting.Diagnostics[2]
      Request finished HTTP/2 POST http://ilpp/UnityILPP.PostProcessing/Ping - 200 - application/grpc 0.8807ms
Starting: C:\Program Files\Unity\Hub\Editor\6000.5.8f1\Editor\Data\Tools\BuildPipeline\bee_backend.exe --ipc --defer-dag-verification --dagfile="Library/Bee/1900b0aE.dag" --continue-on-failure --profile="Library/Bee/backend1.traceevents" ScriptAssemblies
WorkingDir: C:/Users/sdziu/my_documents/0_repositories/whoops
info: Microsoft.AspNetCore.Hosting.Diagnostics[1]
      Request starting HTTP/2 POST http://ilpp/UnityILPP.PostProcessing/ConfigurePostProcessors - application/grpc -
info: Microsoft.AspNetCore.Routing.EndpointMiddleware[0]
      Executing endpoint 'gRPC - /UnityILPP.PostProcessing/ConfigurePostProcessors'
info: Unity.ILPP.Runner.PostProcessingAssemblyLoadContext[0]
      Current configuration matches the requested one, skipping
info: Microsoft.AspNetCore.Routing.EndpointMiddleware[1]
      Executed endpoint 'gRPC - /UnityILPP.PostProcessing/ConfigurePostProcessors'
info: Microsoft.AspNetCore.Hosting.Diagnostics[2]
      Request finished HTTP/2 POST http://ilpp/UnityILPP.PostProcessing/ConfigurePostProcessors - 200 - application/grpc 4.5531ms
info: Microsoft.AspNetCore.Hosting.Diagnostics[1]
      Request starting HTTP/2 POST http://ilpp/UnityILPP.PostProcessing/PostProcessAssembly - application/grpc -
info: Microsoft.AspNetCore.Routing.EndpointMiddleware[0]
      Executing endpoint 'gRPC - /UnityILPP.PostProcessing/PostProcessAssembly'
info: Unity.ILPP.Runner.PostProcessingPipeline[0]
      Processing assembly Library/Bee/artifacts/1900b0aE.dag/Assembly-CSharp.dll, with 143 defines and 358 references
info: Unity.ILPP.Runner.PostProcessingPipeline[0]
      processors: Unity.Jobs.CodeGen.JobsILPostProcessor, zzzUnity.Burst.CodeGen.BurstILPostProcessor
info: Unity.ILPP.Runner.PostProcessingPipeline[0]
      running Unity.Jobs.CodeGen.JobsILPostProcessor
info: Unity.ILPP.Runner.PostProcessingPipeline[0]
      running zzzUnity.Burst.CodeGen.BurstILPostProcessor
info: Microsoft.AspNetCore.Routing.EndpointMiddleware[1]
      Executed endpoint 'gRPC - /UnityILPP.PostProcessing/PostProcessAssembly'
info: Microsoft.AspNetCore.Hosting.Diagnostics[2]
      Request finished HTTP/2 POST http://ilpp/UnityILPP.PostProcessing/PostProcessAssembly - 200 - application/grpc 719.3044ms
info: Microsoft.AspNetCore.Hosting.Diagnostics[1]
      Request starting HTTP/2 POST http://ilpp/UnityILPP.PostProcessing/PostProcessAssembly - application/grpc -
info: Microsoft.AspNetCore.Routing.EndpointMiddleware[0]
      Executing endpoint 'gRPC - /UnityILPP.PostProcessing/PostProcessAssembly'
info: Unity.ILPP.Runner.PostProcessingPipeline[0]
      Processing assembly Library/Bee/artifacts/1900b0aE.dag/Assembly-CSharp-Editor.dll, with 141 defines and 380 references
info: Unity.ILPP.Runner.PostProcessingPipeline[0]
      processors: Unity.Jobs.CodeGen.JobsILPostProcessor, zzzUnity.Burst.CodeGen.BurstILPostProcessor
info: Unity.ILPP.Runner.PostProcessingPipeline[0]
      running Unity.Jobs.CodeGen.JobsILPostProcessor
info: Unity.ILPP.Runner.PostProcessingPipeline[0]
      running zzzUnity.Burst.CodeGen.BurstILPostProcessor
info: Microsoft.AspNetCore.Routing.EndpointMiddleware[1]
      Executed endpoint 'gRPC - /UnityILPP.PostProcessing/PostProcessAssembly'
info: Microsoft.AspNetCore.Hosting.Diagnostics[2]
      Request finished HTTP/2 POST http://ilpp/UnityILPP.PostProcessing/PostProcessAssembly - 200 - application/grpc 61.2140ms
ExitCode: 0 Duration: 4s376ms
[ 893/1154  0s] ILPP-Configuration Library/ilpp-configuration.nevergeneratedoutput
[1146/1154  1s] Csc Library/Bee/artifacts/1900b0aE.dag/Assembly-CSharp.dll (+2 others)
Assets\PickupItem.cs(13,21): warning CS0618: 'Object.FindFirstObjectByType<T>()' is obsolete: 'FindFirstObjectByType has been deprecated because it relies on instance ID ordering. Use FindAnyObjectByType instead, which does not depend on ordering.'

Assets\Portal.cs(34,60): warning CS0618: 'FindObjectsSortMode' is obsolete: 'FindObjectsSortMode has been deprecated. Use the FindObjectsByType overloads that do not take a FindObjectsSortMode parameter.'

Assets\Portal.cs(34,32): warning CS0618: 'Object.FindObjectsByType<T>(FindObjectsSortMode)' is obsolete: 'FindObjectsByType with FindObjectsSortMode parameter has been deprecated. Use FindObjectsByType<T>() or FindObjectsByType<T>(FindObjectsInactive) instead. InstanceID will be replaced in the future with EntityId and previous sort order cannot be maintained.'

Assets\SaveSystem.cs(59,70): warning CS0618: 'FindObjectsSortMode' is obsolete: 'FindObjectsSortMode has been deprecated. Use the FindObjectsByType overloads that do not take a FindObjectsSortMode parameter.'

Assets\SaveSystem.cs(59,33): warning CS0618: 'Object.FindObjectsByType<T>(FindObjectsSortMode)' is obsolete: 'FindObjectsByType with FindObjectsSortMode parameter has been deprecated. Use FindObjectsByType<T>() or FindObjectsByType<T>(FindObjectsInactive) instead. InstanceID will be replaced in the future with EntityId and previous sort order cannot be maintained.'

Assets\SaveSystem.cs(16,36): warning UAC1009: Field 'levelDictinonary' uses an unsupported type 'System.Collections.Generic.Dictionary<int, string>'. Refer to the Serialization rules analyzer reference. (https://docs.unity3d.com/6000.5/Documentation/Manual/script-serialization-analyzer.html#uac1009)

Assets\YandexGame\ScriptsYG\Leaderboards\LBPlayerDataYG.cs(45,21): warning UAC1001: Field 'data' type 'YG.LBPlayerDataYG.Data' is skipped by serialization (missing the [Serializable] attribute). Refer to the Serialization rules analyzer reference. (https://docs.unity3d.com/6000.5/Documentation/Manual/script-serialization-analyzer.html#uac1001)
[1147/1154  1s] Csc Library/Bee/artifacts/1900b0aE.dag/Assembly-CSharp-Editor.dll (+2 others)
Assets\YandexGame\ScriptsYG\Language\Editor\FontMasseInstallEditorWindow.cs(29,114): warning CS0618: 'FindObjectsSortMode' is obsolete: 'FindObjectsSortMode has been deprecated. Use the FindObjectsByType overloads that do not take a FindObjectsSortMode parameter.'

Assets\YandexGame\ScriptsYG\Language\Editor\FontMasseInstallEditorWindow.cs(29,44): warning CS0618: 'Object.FindObjectsByType<T>(FindObjectsInactive, FindObjectsSortMode)' is obsolete: 'FindObjectsByType with FindObjectsSortMode parameter has been deprecated. Use FindObjectsByType<T>() or FindObjectsByType<T>(FindObjectsInactive) instead. InstanceID will be replaced in the future with EntityId and previous sort order cannot be maintained.'

Assets\YandexGame\ScriptsYG\Language\Editor\AutoLocalizationMasseWindow.cs(33,106): warning CS0618: 'FindObjectsSortMode' is obsolete: 'FindObjectsSortMode has been deprecated. Use the FindObjectsByType overloads that do not take a FindObjectsSortMode parameter.'

Assets\YandexGame\ScriptsYG\Language\Editor\AutoLocalizationMasseWindow.cs(33,42): warning CS0618: 'Object.FindObjectsByType<T>(FindObjectsInactive, FindObjectsSortMode)' is obsolete: 'FindObjectsByType with FindObjectsSortMode parameter has been deprecated. Use FindObjectsByType<T>() or FindObjectsByType<T>(FindObjectsInactive) instead. InstanceID will be replaced in the future with EntityId and previous sort order cannot be maintained.'

Assets\YandexGame\ScriptsYG\Language\Editor\AutoLocalizationMasseWindow.cs(53,118): warning CS0618: 'FindObjectsSortMode' is obsolete: 'FindObjectsSortMode has been deprecated. Use the FindObjectsByType overloads that do not take a FindObjectsSortMode parameter.'

Assets\YandexGame\ScriptsYG\Language\Editor\AutoLocalizationMasseWindow.cs(53,48): warning CS0618: 'Object.FindObjectsByType<T>(FindObjectsInactive, FindObjectsSortMode)' is obsolete: 'FindObjectsByType with FindObjectsSortMode parameter has been deprecated. Use FindObjectsByType<T>() or FindObjectsByType<T>(FindObjectsInactive) instead. InstanceID will be replaced in the future with EntityId and previous sort order cannot be maintained.'

Assets\YandexGame\ScriptsYG\Language\Editor\CSVFileEditorWindow.cs(30,85): warning CS0618: 'FindObjectsSortMode' is obsolete: 'FindObjectsSortMode has been deprecated. Use the FindObjectsByType overloads that do not take a FindObjectsSortMode parameter.'

Assets\YandexGame\ScriptsYG\Language\Editor\CSVFileEditorWindow.cs(30,44): warning CS0618: 'Object.FindObjectsByType<T>(FindObjectsSortMode)' is obsolete: 'FindObjectsByType with FindObjectsSortMode parameter has been deprecated. Use FindObjectsByType<T>() or FindObjectsByType<T>(FindObjectsInactive) instead. InstanceID will be replaced in the future with EntityId and previous sort order cannot be maintained.'
[1148/1154  0s] ILPostProcess Library/Bee/artifacts/1900b0aE.dag/post-processed/Assembly-CSharp.dll (+pdb)
Processing assembly Library/Bee/artifacts/1900b0aE.dag/Assembly-CSharp.dll, with 143 defines and 358 references

processors: Unity.Jobs.CodeGen.JobsILPostProcessor, zzzUnity.Burst.CodeGen.BurstILPostProcessor

running Unity.Jobs.CodeGen.JobsILPostProcessor

running zzzUnity.Burst.CodeGen.BurstILPostProcessor
[1149/1154  0s] CopyFiles Library/ScriptAssemblies/Assembly-CSharp.pdb
[1150/1154  0s] CopyFiles Library/ScriptAssemblies/Assembly-CSharp.dll
[1151/1154  0s] ILPostProcess Library/Bee/artifacts/1900b0aE.dag/post-processed/Assembly-CSharp-Editor.dll (+pdb)
Processing assembly Library/Bee/artifacts/1900b0aE.dag/Assembly-CSharp-Editor.dll, with 141 defines and 380 references

processors: Unity.Jobs.CodeGen.JobsILPostProcessor, zzzUnity.Burst.CodeGen.BurstILPostProcessor

running Unity.Jobs.CodeGen.JobsILPostProcessor

running zzzUnity.Burst.CodeGen.BurstILPostProcessor
[1152/1154  0s] CopyFiles Library/ScriptAssemblies/Assembly-CSharp-Editor.pdb
[1153/1154  0s] CopyFiles Library/ScriptAssemblies/Assembly-CSharp-Editor.dll
*** Tundra build success (4.28 seconds), 9 items updated, 1154 evaluated
Assets\PickupItem.cs(13,21): warning CS0618: 'Object.FindFirstObjectByType<T>()' is obsolete: 'FindFirstObjectByType has been deprecated because it relies on instance ID ordering. Use FindAnyObjectByType instead, which does not depend on ordering.'
Assets\Portal.cs(34,60): warning CS0618: 'FindObjectsSortMode' is obsolete: 'FindObjectsSortMode has been deprecated. Use the FindObjectsByType overloads that do not take a FindObjectsSortMode parameter.'
Assets\Portal.cs(34,32): warning CS0618: 'Object.FindObjectsByType<T>(FindObjectsSortMode)' is obsolete: 'FindObjectsByType with FindObjectsSortMode parameter has been deprecated. Use FindObjectsByType<T>() or FindObjectsByType<T>(FindObjectsInactive) instead. InstanceID will be replaced in the future with EntityId and previous sort order cannot be maintained.'
Assets\SaveSystem.cs(59,70): warning CS0618: 'FindObjectsSortMode' is obsolete: 'FindObjectsSortMode has been deprecated. Use the FindObjectsByType overloads that do not take a FindObjectsSortMode parameter.'
Assets\SaveSystem.cs(59,33): warning CS0618: 'Object.FindObjectsByType<T>(FindObjectsSortMode)' is obsolete: 'FindObjectsByType with FindObjectsSortMode parameter has been deprecated. Use FindObjectsByType<T>() or FindObjectsByType<T>(FindObjectsInactive) instead. InstanceID will be replaced in the future with EntityId and previous sort order cannot be maintained.'
Assets\SaveSystem.cs(16,36): warning UAC1009: Field 'levelDictinonary' uses an unsupported type 'System.Collections.Generic.Dictionary<int, string>'. Refer to the Serialization rules analyzer reference. (https://docs.unity3d.com/6000.5/Documentation/Manual/script-serialization-analyzer.html#uac1009)
Assets\YandexGame\ScriptsYG\Leaderboards\LBPlayerDataYG.cs(45,21): warning UAC1001: Field 'data' type 'YG.LBPlayerDataYG.Data' is skipped by serialization (missing the [Serializable] attribute). Refer to the Serialization rules analyzer reference. (https://docs.unity3d.com/6000.5/Documentation/Manual/script-serialization-analyzer.html#uac1001)
Assets\YandexGame\ScriptsYG\Language\Editor\FontMasseInstallEditorWindow.cs(29,114): warning CS0618: 'FindObjectsSortMode' is obsolete: 'FindObjectsSortMode has been deprecated. Use the FindObjectsByType overloads that do not take a FindObjectsSortMode parameter.'
Assets\YandexGame\ScriptsYG\Language\Editor\FontMasseInstallEditorWindow.cs(29,44): warning CS0618: 'Object.FindObjectsByType<T>(FindObjectsInactive, FindObjectsSortMode)' is obsolete: 'FindObjectsByType with FindObjectsSortMode parameter has been deprecated. Use FindObjectsByType<T>() or FindObjectsByType<T>(FindObjectsInactive) instead. InstanceID will be replaced in the future with EntityId and previous sort order cannot be maintained.'
Assets\YandexGame\ScriptsYG\Language\Editor\AutoLocalizationMasseWindow.cs(33,106): warning CS0618: 'FindObjectsSortMode' is obsolete: 'FindObjectsSortMode has been deprecated. Use the FindObjectsByType overloads that do not take a FindObjectsSortMode parameter.'
Assets\YandexGame\ScriptsYG\Language\Editor\AutoLocalizationMasseWindow.cs(33,42): warning CS0618: 'Object.FindObjectsByType<T>(FindObjectsInactive, FindObjectsSortMode)' is obsolete: 'FindObjectsByType with FindObjectsSortMode parameter has been deprecated. Use FindObjectsByType<T>() or FindObjectsByType<T>(FindObjectsInactive) instead. InstanceID will be replaced in the future with EntityId and previous sort order cannot be maintained.'
Assets\YandexGame\ScriptsYG\Language\Editor\AutoLocalizationMasseWindow.cs(53,118): warning CS0618: 'FindObjectsSortMode' is obsolete: 'FindObjectsSortMode has been deprecated. Use the FindObjectsByType overloads that do not take a FindObjectsSortMode parameter.'
Assets\YandexGame\ScriptsYG\Language\Editor\AutoLocalizationMasseWindow.cs(53,48): warning CS0618: 'Object.FindObjectsByType<T>(FindObjectsInactive, FindObjectsSortMode)' is obsolete: 'FindObjectsByType with FindObjectsSortMode parameter has been deprecated. Use FindObjectsByType<T>() or FindObjectsByType<T>(FindObjectsInactive) instead. InstanceID will be replaced in the future with EntityId and previous sort order cannot be maintained.'
Assets\YandexGame\ScriptsYG\Language\Editor\CSVFileEditorWindow.cs(30,85): warning CS0618: 'FindObjectsSortMode' is obsolete: 'FindObjectsSortMode has been deprecated. Use the FindObjectsByType overloads that do not take a FindObjectsSortMode parameter.'
Assets\YandexGame\ScriptsYG\Language\Editor\CSVFileEditorWindow.cs(30,44): warning CS0618: 'Object.FindObjectsByType<T>(FindObjectsSortMode)' is obsolete: 'FindObjectsByType with FindObjectsSortMode parameter has been deprecated. Use FindObjectsByType<T>() or FindObjectsByType<T>(FindObjectsInactive) instead. InstanceID will be replaced in the future with EntityId and previous sort order cannot be maintained.'
Reloading assemblies after finishing script compilation.
Reloading assemblies after forced synchronous recompile.
Begin MonoManager ReloadAssembly
Symbol file LoadedFromMemory is not a mono symbol file
Refreshing native plugins compatible for Editor in 17.48 ms, found 5 plugins.
Native extension for WindowsStandalone target not found
[MODES] ModeService[none].Initialize
[MODES] ModeService[none].LoadModes
ScheduleIndexationOnStartup MainProcess:True IndexOnStartup:True
Mono: successfully reloaded assembly
- Finished resetting the current domain, in  7.254 seconds
Domain Reload Profiling: 12320ms
	BeginReloadAssembly (3060ms)
		DisableScriptedObjects (662ms)
		CreateAndSetChildDomain (1282ms)
	RebuildCommonClasses (32ms)
	RebuildNativeTypeToScriptingClass (58ms)
	initialDomainReloadingComplete (330ms)
	LoadAllAssembliesAndSetupDomain (1584ms)
		LoadAssemblies (673ms)
		AnalyzeDomain (957ms)
			TypeCache.Refresh (43ms)
				TypeCache.ScanAssembly (7ms)
			BuildScriptInfoCaches (824ms)
			ResolveRequiredComponents (85ms)
	FinalizeReload (7257ms)
		SetupLoadedEditorAssemblies (0ms)
			InitializePlatformSupportModulesInManaged (5ms)
			BeforeProcessingInitializeOnLoad (856ms)
			ProcessInitializeOnLoadAttributes (1565ms)
			ProcessInitializeOnLoadMethodAttributes (661ms)
			AfterProcessingInitializeOnLoad (57ms)
			EditorAssembliesLoaded (4ms)
		AwakeInstancesAfterBackupRestoration (2319ms)

Asset Pipeline Refresh (id=51e90e4933005fc44bc41ce8123d1b38): Total: 13.332 seconds - Initiated by StopAssetImportingV2(ForceSynchronousImport | ForceDomainReload)
	(Values over 0.05ms)
	Summary:
		Imports: total=0 (actual=0, local cache=0, cache server=0)
		Asset DB Process Time: managed=0 ms, native=7836 ms
		Asset DB Callback time: managed=125 ms, native=1 ms
		Scripting: domain reloads=1, domain reload time=5358 ms, compile time=9 ms, other=0 ms
		Project Asset Count: scripts=1714, non-scripts=3385
		Asset File Changes: new=0, changed=0, moved=0, deleted=0
		Scan Filter Count: 0
	InvokePackagesCallback: 7.737ms
	ApplyChangesToAssetFolders: 2.812ms
	Collect global state as custom dependencies: 9.379ms
	ProcessAssetsWithTransientArtifactChanges: 12.537ms
	CategorizeAssets: 182.878ms
	CompileScripts: 9.161ms
	ImportOutOfDateAssets: 7482.477ms (7316.528ms without children)
		CollectScriptTypesHashes: 3.274ms
		ReloadNativeAssets: 4.489ms
		UnloadImportedAssets: 0.565ms
		EnsureUptoDateAssetsAreRegisteredWithGuidPM: 2.234ms
		ImportSchedulerStart: 158.585ms
	PostProcessAllAssets: 125.908ms
		MonoPostProcessAllAssets: 125.895ms
			UniversalRenderPipelineGlobalSettingsPostprocessor.OnPostprocessAllAssets 41.875ms
			SyncVS.PostprocessSyncProject 14.098ms
			WindowAssetPostprocessingWatcher.OnPostprocessAllAssets 8.095ms
			SpeedTree9Postprocessor.OnPostprocessAllAssets 7.798ms
			EditModeScopePostprocessor.OnPostprocessAllAssets 4.057ms
			RenderPipelineGlobalSettingsPostprocessor.OnPostprocessAllAssets 2.538ms
			ProjectSettingsPostprocessor.OnPostprocessAllAssets 2.459ms
			ShaderReflectionAssetPostProcessor.OnPostprocessAllAssets 1.240ms
			InputActionAssetPostprocessor.OnPostprocessAllAssets 1.032ms
			ReferencedClipsPostProcessor.OnPostprocessAllAssets 0.976ms
			AssetChangedListener.OnPostprocessAllAssets 0.786ms
			TerrainToolbarOverlayPostProcessor.OnPostprocessAllAssets 0.581ms
			AssetDatabaseCallbacks.OnPostprocessAllAssets 0.543ms
			SpriteEditorTexturePostprocessor.OnPostprocessAllAssets 0.511ms
			SpriteShapeAssetPostProcessor.OnPostprocessAllAssets 0.507ms
			AssetPostprocessor.OnPostprocessAllAssets 0.266ms
			ShaderGraphAssetPostProcessor.OnPostprocessAllAssets 0.251ms
			SpriteSlicePostprocessor.OnPostprocessAllAssets 0.059ms
			PostProcessor.OnPostprocessAllAssets 0.053ms
	GatherAllCurrentPrimaryImportResultRevisions: 1.028ms
	PersistCurrentRevisions: 0.762ms
	GenerateScriptTypeHashes: 13.949ms
	GenerateScriptTypeSerializationHashes: 23.266ms
	Untracked: 5481.709ms

[Licensing::Client] Successfully resolved entitlement details
[Licensing::Client] Successfully resolved entitlement details
[ScriptCompilation] Requested script compilation because: AssetDatabase observed changes in script compilation related files
Refreshing native plugins compatible for Editor in 15.64 ms, found 5 plugins.

Asset Pipeline Refresh (id=afa12715075dd814b93c0905bfc662f7): Total: 0.401 seconds - Initiated by RefreshV2(NoUpdateAssetOptions)
	(Values over 0.05ms)
	Summary:
		Imports: total=0 (actual=0, local cache=0, cache server=0)
		Asset DB Process Time: managed=0 ms, native=272 ms
		Asset DB Callback time: managed=99 ms, native=26 ms
		Scripting: domain reloads=0, domain reload time=0 ms, compile time=3 ms, other=0 ms
		Project Asset Count: scripts=1714, non-scripts=3385
		Asset File Changes: new=0, changed=1, moved=0, deleted=0
		Scan Filter Count: 0
	ApplyChangesToAssetFolders: 0.325ms
	Scan: 65.619ms
	Collect global state as custom dependencies: 0.835ms
	OnSourceAssetsModified: 2.312ms
	CategorizeScriptCompilationAssets: 0.052ms
	ProcessAssetsWithTransientArtifactChanges: 0.461ms
	CategorizeAssets: 53.426ms
	CompileScripts: 2.565ms
	ImportOutOfDateAssets: 131.045ms (21.012ms without children)
		ReloadNativeAssets: 0.106ms
		UnloadImportedAssets: 0.511ms
		EnsureUptoDateAssetsAreRegisteredWithGuidPM: 1.276ms
		ImportSchedulerStart: 108.133ms
	PostProcessAllAssets: 102.941ms
		XRBuildSystem.XRAssetImported 3.703ms
		PostProcessCallbackCreateDeferredMaterials 0.083ms
		MonoPostProcessAllAssets: 97.334ms
			AssetChangedListener.OnPostprocessAllAssets 18.514ms
			BuilderAssetPostprocessor.OnPostprocessAllAssets 15.916ms
			AssetPostprocessor.OnPostprocessAllAssets 12.281ms
			SpriteSlicePostprocessor.OnPostprocessAllAssets 9.035ms
			ShaderGraphAssetPostProcessor.OnPostprocessAllAssets 5.455ms
			RetainedModeAssetPostprocessor.OnPostprocessAllAssets 3.415ms
			SpriteEditorTexturePostprocessor.OnPostprocessAllAssets 2.423ms
			SpriteShapeAssetPostProcessor.OnPostprocessAllAssets 2.365ms
			TMPro_TexturePostProcessor.OnPostprocessAllAssets 1.875ms
			MaterialPostprocessor.OnPostprocessAllAssets 1.801ms
			SyncVS.PostprocessSyncProject 1.711ms
			ArtifactBrowserPostProcessor.OnPostprocessAllAssets 1.693ms
			SampleDependencyImporterPostProcessor.OnPostprocessAllAssets 1.188ms
			TextAssetPostProcessor.OnPostprocessAllAssets 1.170ms
			AudioMixerPostprocessor.OnPostprocessAllAssets 1.132ms
			InputActionJsonNameModifierAssetProcessor.OnPostprocessAllAssets 1.131ms
			UVCSAssetPostprocessor.OnPostprocessAllAssets 1.049ms
			SpriteLibraryAssetPostprocessor.OnPostprocessAllAssets 0.866ms
			PostProcessor.OnPostprocessAllAssets 0.734ms
			SamplePostprocessor.OnPostprocessAllAssets 0.661ms
			ScenarioDriftAssetsTracker.OnPostprocessAllAssets 0.648ms
			PSDImportPostProcessor.OnPostprocessAllAssets 0.598ms
			AssetEvents.OnPostprocessAllAssets 0.576ms
			StyleCatalogPostProcessor.OnPostprocessAllAssets 0.538ms
			AssetProcessor.OnPostprocessAllAssets 0.510ms
			SpeedTreePostProcessor.OnPostprocessAllAssets 0.508ms
			InputActionAssetPostprocessor.OnPostprocessAllAssets 0.459ms
			RenderPipelineGlobalSettingsPostprocessor.OnPostprocessAllAssets 0.440ms
			ConfigAssetsTracker.OnPostprocessAllAssets 0.423ms
			AssetReloadNotifier.OnPostprocessAllAssets 0.329ms
			PSDImporterAssetPostProcessor.OnPostprocessAllAssets 0.315ms
			AudioContainerPostProcessor.OnPostprocessAllAssets 0.208ms
			UniversalRenderPipelineGlobalSettingsPostprocessor.OnPostprocessAllAssets 0.052ms
	PostAssetChangesProfiler: 20.708ms
	GatherAllCurrentPrimaryImportResultRevisions: 0.839ms
	PersistCurrentRevisions: 0.613ms
	Untracked: 19.566ms

[Licensing::Client] Successfully resolved entitlement details
info: Microsoft.AspNetCore.Hosting.Diagnostics[1]
      Request starting HTTP/2 POST http://ilpp/UnityILPP.PostProcessing/Ping - application/grpc -
info: Microsoft.AspNetCore.Routing.EndpointMiddleware[0]
      Executing endpoint 'gRPC - /UnityILPP.PostProcessing/Ping'
info: Microsoft.AspNetCore.Routing.EndpointMiddleware[1]
      Executed endpoint 'gRPC - /UnityILPP.PostProcessing/Ping'
info: Microsoft.AspNetCore.Hosting.Diagnostics[2]
      Request finished HTTP/2 POST http://ilpp/UnityILPP.PostProcessing/Ping - 200 - application/grpc 0.6325ms
Starting: C:\Program Files\Unity\Hub\Editor\6000.5.8f1\Editor\Data\Tools\BuildPipeline\bee_backend.exe --ipc --defer-dag-verification --dagfile="Library/Bee/1900b0aE.dag" --continue-on-failure --profile="Library/Bee/backend1.traceevents" ScriptAssemblies
WorkingDir: C:/Users/sdziu/my_documents/0_repositories/whoops
info: Microsoft.AspNetCore.Hosting.Diagnostics[1]
      Request starting HTTP/2 POST http://ilpp/UnityILPP.PostProcessing/ConfigurePostProcessors - application/grpc -
info: Microsoft.AspNetCore.Routing.EndpointMiddleware[0]
      Executing endpoint 'gRPC - /UnityILPP.PostProcessing/ConfigurePostProcessors'
info: Unity.ILPP.Runner.PostProcessingAssemblyLoadContext[0]
      Current configuration matches the requested one, skipping
info: Microsoft.AspNetCore.Routing.EndpointMiddleware[1]
      Executed endpoint 'gRPC - /UnityILPP.PostProcessing/ConfigurePostProcessors'
info: Microsoft.AspNetCore.Hosting.Diagnostics[2]
      Request finished HTTP/2 POST http://ilpp/UnityILPP.PostProcessing/ConfigurePostProcessors - 200 - application/grpc 2.3709ms
info: Microsoft.AspNetCore.Hosting.Diagnostics[1]
      Request starting HTTP/2 POST http://ilpp/UnityILPP.PostProcessing/PostProcessAssembly - application/grpc -
info: Microsoft.AspNetCore.Routing.EndpointMiddleware[0]
      Executing endpoint 'gRPC - /UnityILPP.PostProcessing/PostProcessAssembly'
info: Unity.ILPP.Runner.PostProcessingPipeline[0]
      Processing assembly Library/Bee/artifacts/1900b0aE.dag/Assembly-CSharp.dll, with 143 defines and 358 references
info: Unity.ILPP.Runner.PostProcessingPipeline[0]
      processors: Unity.Jobs.CodeGen.JobsILPostProcessor, zzzUnity.Burst.CodeGen.BurstILPostProcessor
info: Unity.ILPP.Runner.PostProcessingPipeline[0]
      running Unity.Jobs.CodeGen.JobsILPostProcessor
info: Unity.ILPP.Runner.PostProcessingPipeline[0]
      running zzzUnity.Burst.CodeGen.BurstILPostProcessor
info: Microsoft.AspNetCore.Routing.EndpointMiddleware[1]
      Executed endpoint 'gRPC - /UnityILPP.PostProcessing/PostProcessAssembly'
info: Microsoft.AspNetCore.Hosting.Diagnostics[2]
      Request finished HTTP/2 POST http://ilpp/UnityILPP.PostProcessing/PostProcessAssembly - 200 - application/grpc 81.3865ms
info: Microsoft.AspNetCore.Hosting.Diagnostics[1]
      Request starting HTTP/2 POST http://ilpp/UnityILPP.PostProcessing/PostProcessAssembly - application/grpc -
info: Microsoft.AspNetCore.Routing.EndpointMiddleware[0]
      Executing endpoint 'gRPC - /UnityILPP.PostProcessing/PostProcessAssembly'
info: Unity.ILPP.Runner.PostProcessingPipeline[0]
      Processing assembly Library/Bee/artifacts/1900b0aE.dag/Assembly-CSharp-Editor.dll, with 141 defines and 380 references
info: Unity.ILPP.Runner.PostProcessingPipeline[0]
      processors: Unity.Jobs.CodeGen.JobsILPostProcessor, zzzUnity.Burst.CodeGen.BurstILPostProcessor
info: Unity.ILPP.Runner.PostProcessingPipeline[0]
      running Unity.Jobs.CodeGen.JobsILPostProcessor
info: Unity.ILPP.Runner.PostProcessingPipeline[0]
      running zzzUnity.Burst.CodeGen.BurstILPostProcessor
info: Microsoft.AspNetCore.Routing.EndpointMiddleware[1]
      Executed endpoint 'gRPC - /UnityILPP.PostProcessing/PostProcessAssembly'
info: Microsoft.AspNetCore.Hosting.Diagnostics[2]
      Request finished HTTP/2 POST http://ilpp/UnityILPP.PostProcessing/PostProcessAssembly - 200 - application/grpc 78.9582ms
ExitCode: 0 Duration: 2s686ms
[ 893/1154  0s] ILPP-Configuration Library/ilpp-configuration.nevergeneratedoutput
[1146/1154  0s] Csc Library/Bee/artifacts/1900b0aE.dag/Assembly-CSharp.dll (+2 others)
Assets\PickupItem.cs(13,21): warning CS0618: 'Object.FindFirstObjectByType<T>()' is obsolete: 'FindFirstObjectByType has been deprecated because it relies on instance ID ordering. Use FindAnyObjectByType instead, which does not depend on ordering.'

Assets\Portal.cs(34,60): warning CS0618: 'FindObjectsSortMode' is obsolete: 'FindObjectsSortMode has been deprecated. Use the FindObjectsByType overloads that do not take a FindObjectsSortMode parameter.'

Assets\Portal.cs(34,32): warning CS0618: 'Object.FindObjectsByType<T>(FindObjectsSortMode)' is obsolete: 'FindObjectsByType with FindObjectsSortMode parameter has been deprecated. Use FindObjectsByType<T>() or FindObjectsByType<T>(FindObjectsInactive) instead. InstanceID will be replaced in the future with EntityId and previous sort order cannot be maintained.'

Assets\SaveSystem.cs(59,70): warning CS0618: 'FindObjectsSortMode' is obsolete: 'FindObjectsSortMode has been deprecated. Use the FindObjectsByType overloads that do not take a FindObjectsSortMode parameter.'

Assets\SaveSystem.cs(59,33): warning CS0618: 'Object.FindObjectsByType<T>(FindObjectsSortMode)' is obsolete: 'FindObjectsByType with FindObjectsSortMode parameter has been deprecated. Use FindObjectsByType<T>() or FindObjectsByType<T>(FindObjectsInactive) instead. InstanceID will be replaced in the future with EntityId and previous sort order cannot be maintained.'

Assets\SaveSystem.cs(16,36): warning UAC1009: Field 'levelDictinonary' uses an unsupported type 'System.Collections.Generic.Dictionary<int, string>'. Refer to the Serialization rules analyzer reference. (https://docs.unity3d.com/6000.5/Documentation/Manual/script-serialization-analyzer.html#uac1009)

Assets\YandexGame\ScriptsYG\Leaderboards\LBPlayerDataYG.cs(45,21): warning UAC1001: Field 'data' type 'YG.LBPlayerDataYG.Data' is skipped by serialization (missing the [Serializable] attribute). Refer to the Serialization rules analyzer reference. (https://docs.unity3d.com/6000.5/Documentation/Manual/script-serialization-analyzer.html#uac1001)
[1147/1154  0s] Csc Library/Bee/artifacts/1900b0aE.dag/Assembly-CSharp-Editor.dll (+2 others)
Assets\YandexGame\ScriptsYG\Language\Editor\FontMasseInstallEditorWindow.cs(29,114): warning CS0618: 'FindObjectsSortMode' is obsolete: 'FindObjectsSortMode has been deprecated. Use the FindObjectsByType overloads that do not take a FindObjectsSortMode parameter.'

Assets\YandexGame\ScriptsYG\Language\Editor\FontMasseInstallEditorWindow.cs(29,44): warning CS0618: 'Object.FindObjectsByType<T>(FindObjectsInactive, FindObjectsSortMode)' is obsolete: 'FindObjectsByType with FindObjectsSortMode parameter has been deprecated. Use FindObjectsByType<T>() or FindObjectsByType<T>(FindObjectsInactive) instead. InstanceID will be replaced in the future with EntityId and previous sort order cannot be maintained.'

Assets\YandexGame\ScriptsYG\Language\Editor\AutoLocalizationMasseWindow.cs(33,106): warning CS0618: 'FindObjectsSortMode' is obsolete: 'FindObjectsSortMode has been deprecated. Use the FindObjectsByType overloads that do not take a FindObjectsSortMode parameter.'

Assets\YandexGame\ScriptsYG\Language\Editor\AutoLocalizationMasseWindow.cs(33,42): warning CS0618: 'Object.FindObjectsByType<T>(FindObjectsInactive, FindObjectsSortMode)' is obsolete: 'FindObjectsByType with FindObjectsSortMode parameter has been deprecated. Use FindObjectsByType<T>() or FindObjectsByType<T>(FindObjectsInactive) instead. InstanceID will be replaced in the future with EntityId and previous sort order cannot be maintained.'

Assets\YandexGame\ScriptsYG\Language\Editor\AutoLocalizationMasseWindow.cs(53,118): warning CS0618: 'FindObjectsSortMode' is obsolete: 'FindObjectsSortMode has been deprecated. Use the FindObjectsByType overloads that do not take a FindObjectsSortMode parameter.'

Assets\YandexGame\ScriptsYG\Language\Editor\AutoLocalizationMasseWindow.cs(53,48): warning CS0618: 'Object.FindObjectsByType<T>(FindObjectsInactive, FindObjectsSortMode)' is obsolete: 'FindObjectsByType with FindObjectsSortMode parameter has been deprecated. Use FindObjectsByType<T>() or FindObjectsByType<T>(FindObjectsInactive) instead. InstanceID will be replaced in the future with EntityId and previous sort order cannot be maintained.'

Assets\YandexGame\ScriptsYG\Language\Editor\CSVFileEditorWindow.cs(30,85): warning CS0618: 'FindObjectsSortMode' is obsolete: 'FindObjectsSortMode has been deprecated. Use the FindObjectsByType overloads that do not take a FindObjectsSortMode parameter.'

Assets\YandexGame\ScriptsYG\Language\Editor\CSVFileEditorWindow.cs(30,44): warning CS0618: 'Object.FindObjectsByType<T>(FindObjectsSortMode)' is obsolete: 'FindObjectsByType with FindObjectsSortMode parameter has been deprecated. Use FindObjectsByType<T>() or FindObjectsByType<T>(FindObjectsInactive) instead. InstanceID will be replaced in the future with EntityId and previous sort order cannot be maintained.'
[1148/1154  0s] ILPostProcess Library/Bee/artifacts/1900b0aE.dag/post-processed/Assembly-CSharp.dll (+pdb)
Processing assembly Library/Bee/artifacts/1900b0aE.dag/Assembly-CSharp.dll, with 143 defines and 358 references

processors: Unity.Jobs.CodeGen.JobsILPostProcessor, zzzUnity.Burst.CodeGen.BurstILPostProcessor

running Unity.Jobs.CodeGen.JobsILPostProcessor

running zzzUnity.Burst.CodeGen.BurstILPostProcessor
[1149/1154  0s] CopyFiles Library/ScriptAssemblies/Assembly-CSharp.pdb
[1150/1154  0s] CopyFiles Library/ScriptAssemblies/Assembly-CSharp.dll
[1151/1154  0s] ILPostProcess Library/Bee/artifacts/1900b0aE.dag/post-processed/Assembly-CSharp-Editor.dll (+pdb)
Processing assembly Library/Bee/artifacts/1900b0aE.dag/Assembly-CSharp-Editor.dll, with 141 defines and 380 references

processors: Unity.Jobs.CodeGen.JobsILPostProcessor, zzzUnity.Burst.CodeGen.BurstILPostProcessor

running Unity.Jobs.CodeGen.JobsILPostProcessor

running zzzUnity.Burst.CodeGen.BurstILPostProcessor
[1152/1154  0s] CopyFiles Library/ScriptAssemblies/Assembly-CSharp-Editor.pdb
[1153/1154  0s] CopyFiles Library/ScriptAssemblies/Assembly-CSharp-Editor.dll
*** Tundra build success (2.60 seconds), 9 items updated, 1154 evaluated
Assets\PickupItem.cs(13,21): warning CS0618: 'Object.FindFirstObjectByType<T>()' is obsolete: 'FindFirstObjectByType has been deprecated because it relies on instance ID ordering. Use FindAnyObjectByType instead, which does not depend on ordering.'
Assets\Portal.cs(34,60): warning CS0618: 'FindObjectsSortMode' is obsolete: 'FindObjectsSortMode has been deprecated. Use the FindObjectsByType overloads that do not take a FindObjectsSortMode parameter.'
Assets\Portal.cs(34,32): warning CS0618: 'Object.FindObjectsByType<T>(FindObjectsSortMode)' is obsolete: 'FindObjectsByType with FindObjectsSortMode parameter has been deprecated. Use FindObjectsByType<T>() or FindObjectsByType<T>(FindObjectsInactive) instead. InstanceID will be replaced in the future with EntityId and previous sort order cannot be maintained.'
Assets\SaveSystem.cs(59,70): warning CS0618: 'FindObjectsSortMode' is obsolete: 'FindObjectsSortMode has been deprecated. Use the FindObjectsByType overloads that do not take a FindObjectsSortMode parameter.'
Assets\SaveSystem.cs(59,33): warning CS0618: 'Object.FindObjectsByType<T>(FindObjectsSortMode)' is obsolete: 'FindObjectsByType with FindObjectsSortMode parameter has been deprecated. Use FindObjectsByType<T>() or FindObjectsByType<T>(FindObjectsInactive) instead. InstanceID will be replaced in the future with EntityId and previous sort order cannot be maintained.'
Assets\SaveSystem.cs(16,36): warning UAC1009: Field 'levelDictinonary' uses an unsupported type 'System.Collections.Generic.Dictionary<int, string>'. Refer to the Serialization rules analyzer reference. (https://docs.unity3d.com/6000.5/Documentation/Manual/script-serialization-analyzer.html#uac1009)
Assets\YandexGame\ScriptsYG\Leaderboards\LBPlayerDataYG.cs(45,21): warning UAC1001: Field 'data' type 'YG.LBPlayerDataYG.Data' is skipped by serialization (missing the [Serializable] attribute). Refer to the Serialization rules analyzer reference. (https://docs.unity3d.com/6000.5/Documentation/Manual/script-serialization-analyzer.html#uac1001)
Assets\YandexGame\ScriptsYG\Language\Editor\FontMasseInstallEditorWindow.cs(29,114): warning CS0618: 'FindObjectsSortMode' is obsolete: 'FindObjectsSortMode has been deprecated. Use the FindObjectsByType overloads that do not take a FindObjectsSortMode parameter.'
Assets\YandexGame\ScriptsYG\Language\Editor\FontMasseInstallEditorWindow.cs(29,44): warning CS0618: 'Object.FindObjectsByType<T>(FindObjectsInactive, FindObjectsSortMode)' is obsolete: 'FindObjectsByType with FindObjectsSortMode parameter has been deprecated. Use FindObjectsByType<T>() or FindObjectsByType<T>(FindObjectsInactive) instead. InstanceID will be replaced in the future with EntityId and previous sort order cannot be maintained.'
Assets\YandexGame\ScriptsYG\Language\Editor\AutoLocalizationMasseWindow.cs(33,106): warning CS0618: 'FindObjectsSortMode' is obsolete: 'FindObjectsSortMode has been deprecated. Use the FindObjectsByType overloads that do not take a FindObjectsSortMode parameter.'
Assets\YandexGame\ScriptsYG\Language\Editor\AutoLocalizationMasseWindow.cs(33,42): warning CS0618: 'Object.FindObjectsByType<T>(FindObjectsInactive, FindObjectsSortMode)' is obsolete: 'FindObjectsByType with FindObjectsSortMode parameter has been deprecated. Use FindObjectsByType<T>() or FindObjectsByType<T>(FindObjectsInactive) instead. InstanceID will be replaced in the future with EntityId and previous sort order cannot be maintained.'
Assets\YandexGame\ScriptsYG\Language\Editor\AutoLocalizationMasseWindow.cs(53,118): warning CS0618: 'FindObjectsSortMode' is obsolete: 'FindObjectsSortMode has been deprecated. Use the FindObjectsByType overloads that do not take a FindObjectsSortMode parameter.'
Assets\YandexGame\ScriptsYG\Language\Editor\AutoLocalizationMasseWindow.cs(53,48): warning CS0618: 'Object.FindObjectsByType<T>(FindObjectsInactive, FindObjectsSortMode)' is obsolete: 'FindObjectsByType with FindObjectsSortMode parameter has been deprecated. Use FindObjectsByType<T>() or FindObjectsByType<T>(FindObjectsInactive) instead. InstanceID will be replaced in the future with EntityId and previous sort order cannot be maintained.'
Assets\YandexGame\ScriptsYG\Language\Editor\CSVFileEditorWindow.cs(30,85): warning CS0618: 'FindObjectsSortMode' is obsolete: 'FindObjectsSortMode has been deprecated. Use the FindObjectsByType overloads that do not take a FindObjectsSortMode parameter.'
Assets\YandexGame\ScriptsYG\Language\Editor\CSVFileEditorWindow.cs(30,44): warning CS0618: 'Object.FindObjectsByType<T>(FindObjectsSortMode)' is obsolete: 'FindObjectsByType with FindObjectsSortMode parameter has been deprecated. Use FindObjectsByType<T>() or FindObjectsByType<T>(FindObjectsInactive) instead. InstanceID will be replaced in the future with EntityId and previous sort order cannot be maintained.'
Reloading assemblies after finishing script compilation.
Reloading assemblies after forced synchronous recompile.
Begin MonoManager ReloadAssembly
Symbol file LoadedFromMemory is not a mono symbol file
Refreshing native plugins compatible for Editor in 15.96 ms, found 5 plugins.
Native extension for WindowsStandalone target not found
[MODES] ModeService[none].Initialize
[MODES] ModeService[none].LoadModes
ScheduleIndexationOnStartup MainProcess:True IndexOnStartup:True
Mono: successfully reloaded assembly
- Finished resetting the current domain, in  6.859 seconds
Domain Reload Profiling: 11734ms
	BeginReloadAssembly (3031ms)
		DisableScriptedObjects (820ms)
		CreateAndSetChildDomain (1242ms)
	RebuildCommonClasses (35ms)
	RebuildNativeTypeToScriptingClass (58ms)
	initialDomainReloadingComplete (263ms)
	LoadAllAssembliesAndSetupDomain (1485ms)
		LoadAssemblies (620ms)
		AnalyzeDomain (899ms)
			TypeCache.Refresh (38ms)
				TypeCache.ScanAssembly (6ms)
			BuildScriptInfoCaches (769ms)
			ResolveRequiredComponents (86ms)
	FinalizeReload (6863ms)
		SetupLoadedEditorAssemblies (0ms)
			InitializePlatformSupportModulesInManaged (5ms)
			BeforeProcessingInitializeOnLoad (796ms)
			ProcessInitializeOnLoadAttributes (1612ms)
			ProcessInitializeOnLoadMethodAttributes (626ms)
			AfterProcessingInitializeOnLoad (30ms)
		AwakeInstancesAfterBackupRestoration (2052ms)

Asset Pipeline Refresh (id=fa194366b4ee34746b496123f589f1d0): Total: 12.752 seconds - Initiated by StopAssetImportingV2(ForceSynchronousImport | ForceDomainReload)
	(Values over 0.05ms)
	Summary:
		Imports: total=0 (actual=0, local cache=0, cache server=0)
		Asset DB Process Time: managed=0 ms, native=7433 ms
		Asset DB Callback time: managed=133 ms, native=2 ms
		Scripting: domain reloads=1, domain reload time=5173 ms, compile time=9 ms, other=0 ms
		Project Asset Count: scripts=1714, non-scripts=3385
		Asset File Changes: new=0, changed=0, moved=0, deleted=0
		Scan Filter Count: 0
	InvokePackagesCallback: 8.517ms
	ApplyChangesToAssetFolders: 1.252ms
	Collect global state as custom dependencies: 10.830ms
	ProcessAssetsWithTransientArtifactChanges: 13.374ms
	CategorizeAssets: 194.744ms
	CompileScripts: 8.649ms
	ImportOutOfDateAssets: 7082.845ms (6926.024ms without children)
		CollectScriptTypesHashes: 3.550ms
		ReloadNativeAssets: 5.896ms
		UnloadImportedAssets: 0.596ms
		EnsureUptoDateAssetsAreRegisteredWithGuidPM: 2.577ms
		ImportSchedulerStart: 147.664ms
	PostProcessAllAssets: 133.330ms
		MonoPostProcessAllAssets: 133.300ms
			UniversalRenderPipelineGlobalSettingsPostprocessor.OnPostprocessAllAssets 42.217ms
			AssetChangedListener.OnPostprocessAllAssets 18.514ms
			BuilderAssetPostprocessor.OnPostprocessAllAssets 15.916ms
			SyncVS.PostprocessSyncProject 14.967ms
			AssetPostprocessor.OnPostprocessAllAssets 12.281ms
			SpeedTree9Postprocessor.OnPostprocessAllAssets 9.307ms
			SpriteSlicePostprocessor.OnPostprocessAllAssets 9.035ms
			WindowAssetPostprocessingWatcher.OnPostprocessAllAssets 8.257ms
			ShaderGraphAssetPostProcessor.OnPostprocessAllAssets 5.455ms
			EditModeScopePostprocessor.OnPostprocessAllAssets 3.907ms
			RenderPipelineGlobalSettingsPostprocessor.OnPostprocessAllAssets 3.444ms
			RetainedModeAssetPostprocessor.OnPostprocessAllAssets 3.415ms
			ProjectSettingsPostprocessor.OnPostprocessAllAssets 3.158ms
			SpriteEditorTexturePostprocessor.OnPostprocessAllAssets 2.423ms
			SpriteShapeAssetPostProcessor.OnPostprocessAllAssets 2.365ms
			TMPro_TexturePostProcessor.OnPostprocessAllAssets 1.875ms
			MaterialPostprocessor.OnPostprocessAllAssets 1.801ms
			ShaderReflectionAssetPostProcessor.OnPostprocessAllAssets 1.758ms
			ArtifactBrowserPostProcessor.OnPostprocessAllAssets 1.693ms
			InputActionAssetPostprocessor.OnPostprocessAllAssets 1.515ms
			TerrainToolbarOverlayPostProcessor.OnPostprocessAllAssets 1.512ms
			ReferencedClipsPostProcessor.OnPostprocessAllAssets 1.321ms
			SampleDependencyImporterPostProcessor.OnPostprocessAllAssets 1.188ms
			TextAssetPostProcessor.OnPostprocessAllAssets 1.170ms
			AudioMixerPostprocessor.OnPostprocessAllAssets 1.132ms
			InputActionJsonNameModifierAssetProcessor.OnPostprocessAllAssets 1.131ms
			UVCSAssetPostprocessor.OnPostprocessAllAssets 1.049ms
			SpriteLibraryAssetPostprocessor.OnPostprocessAllAssets 0.866ms
			PostProcessor.OnPostprocessAllAssets 0.734ms
			SamplePostprocessor.OnPostprocessAllAssets 0.661ms
			ScenarioDriftAssetsTracker.OnPostprocessAllAssets 0.648ms
			PSDImportPostProcessor.OnPostprocessAllAssets 0.598ms
			AssetEvents.OnPostprocessAllAssets 0.576ms
			AssetDatabaseCallbacks.OnPostprocessAllAssets 0.566ms
			StyleCatalogPostProcessor.OnPostprocessAllAssets 0.538ms
			AssetProcessor.OnPostprocessAllAssets 0.510ms
			SpeedTreePostProcessor.OnPostprocessAllAssets 0.508ms
			ConfigAssetsTracker.OnPostprocessAllAssets 0.423ms
			AssetReloadNotifier.OnPostprocessAllAssets 0.329ms
			PSDImporterAssetPostProcessor.OnPostprocessAllAssets 0.315ms
			AudioContainerPostProcessor.OnPostprocessAllAssets 0.208ms
	GatherAllCurrentPrimaryImportResultRevisions: 0.473ms
	PersistCurrentRevisions: 0.481ms
	GenerateScriptTypeHashes: 17.187ms
	GenerateScriptTypeSerializationHashes: 29.234ms
	Untracked: 5281.285ms

[Licensing::Client] Successfully resolved entitlement details
[Licensing::Client] Successfully resolved entitlement details
[ScriptCompilation] Requested script compilation because: AssetDatabase observed changes in script compilation related files
Refreshing native plugins compatible for Editor in 14.45 ms, found 5 plugins.

Asset Pipeline Refresh (id=e3ea0d8747aaca74f9d3f5ef1ec07b79): Total: 0.420 seconds - Initiated by RefreshV2(NoUpdateAssetOptions)
	(Values over 0.05ms)
	Summary:
		Imports: total=0 (actual=0, local cache=0, cache server=0)
		Asset DB Process Time: managed=0 ms, native=240 ms
		Asset DB Callback time: managed=86 ms, native=90 ms
		Scripting: domain reloads=0, domain reload time=0 ms, compile time=2 ms, other=0 ms
		Project Asset Count: scripts=1714, non-scripts=3385
		Asset File Changes: new=0, changed=1, moved=0, deleted=0
		Scan Filter Count: 0
	ApplyChangesToAssetFolders: 0.374ms
	Scan: 43.900ms
	Collect global state as custom dependencies: 0.811ms
	OnSourceAssetsModified: 1.685ms
	ProcessAssetsWithTransientArtifactChanges: 1.887ms
	CategorizeAssets: 48.882ms
	CompileScripts: 1.766ms
	ImportOutOfDateAssets: 127.192ms (20.983ms without children)
		ReloadNativeAssets: 0.102ms
		UnloadImportedAssets: 0.490ms
		EnsureUptoDateAssetsAreRegisteredWithGuidPM: 1.268ms
		ImportSchedulerStart: 104.335ms
	PostProcessAllAssets: 88.878ms
		XRBuildSystem.XRAssetImported 2.537ms
		PostProcessCallbackCreateDeferredMaterials 0.086ms
		MonoPostProcessAllAssets: 84.999ms
			AssetChangedListener.OnPostprocessAllAssets 15.544ms
			BuilderAssetPostprocessor.OnPostprocessAllAssets 14.679ms
			AssetPostprocessor.OnPostprocessAllAssets 11.202ms
			SpriteSlicePostprocessor.OnPostprocessAllAssets 7.669ms
			ShaderGraphAssetPostProcessor.OnPostprocessAllAssets 3.622ms
			RetainedModeAssetPostprocessor.OnPostprocessAllAssets 2.884ms
			SpriteEditorTexturePostprocessor.OnPostprocessAllAssets 2.520ms
			SpriteShapeAssetPostProcessor.OnPostprocessAllAssets 2.349ms
			TMPro_TexturePostProcessor.OnPostprocessAllAssets 1.661ms
			MaterialPostprocessor.OnPostprocessAllAssets 1.635ms
			SpriteLibraryAssetPostprocessor.OnPostprocessAllAssets 1.548ms
			ArtifactBrowserPostProcessor.OnPostprocessAllAssets 1.462ms
			SyncVS.PostprocessSyncProject 1.387ms
			UVCSAssetPostprocessor.OnPostprocessAllAssets 0.951ms
			TextAssetPostProcessor.OnPostprocessAllAssets 0.937ms
			SampleDependencyImporterPostProcessor.OnPostprocessAllAssets 0.886ms
			InputActionJsonNameModifierAssetProcessor.OnPostprocessAllAssets 0.853ms
			AudioMixerPostprocessor.OnPostprocessAllAssets 0.831ms
			SamplePostprocessor.OnPostprocessAllAssets 0.797ms
			PostProcessor.OnPostprocessAllAssets 0.789ms
			PSDImportPostProcessor.OnPostprocessAllAssets 0.723ms
			ConfigAssetsTracker.OnPostprocessAllAssets 0.608ms
			AssetEvents.OnPostprocessAllAssets 0.554ms
			SpeedTreePostProcessor.OnPostprocessAllAssets 0.543ms
			StyleCatalogPostProcessor.OnPostprocessAllAssets 0.516ms
			RenderPipelineGlobalSettingsPostprocessor.OnPostprocessAllAssets 0.505ms
			InputActionAssetPostprocessor.OnPostprocessAllAssets 0.438ms
			PSDImporterAssetPostProcessor.OnPostprocessAllAssets 0.407ms
			ScenarioDriftAssetsTracker.OnPostprocessAllAssets 0.386ms
			AssetProcessor.OnPostprocessAllAssets 0.335ms
			AssetReloadNotifier.OnPostprocessAllAssets 0.293ms
			AudioContainerPostProcessor.OnPostprocessAllAssets 0.207ms
			UniversalRenderPipelineGlobalSettingsPostprocessor.OnPostprocessAllAssets 0.054ms
	PostAssetChangesProfiler: 86.496ms
	GatherAllCurrentPrimaryImportResultRevisions: 0.558ms
	PersistCurrentRevisions: 0.506ms
	Untracked: 16.739ms

info: Microsoft.AspNetCore.Hosting.Diagnostics[1]
      Request starting HTTP/2 POST http://ilpp/UnityILPP.PostProcessing/Ping - application/grpc -
info: Microsoft.AspNetCore.Routing.EndpointMiddleware[0]
      Executing endpoint 'gRPC - /UnityILPP.PostProcessing/Ping'
info: Microsoft.AspNetCore.Routing.EndpointMiddleware[1]
      Executed endpoint 'gRPC - /UnityILPP.PostProcessing/Ping'
info: Microsoft.AspNetCore.Hosting.Diagnostics[2]
      Request finished HTTP/2 POST http://ilpp/UnityILPP.PostProcessing/Ping - 200 - application/grpc 0.4962ms
Starting: C:\Program Files\Unity\Hub\Editor\6000.5.8f1\Editor\Data\Tools\BuildPipeline\bee_backend.exe --ipc --defer-dag-verification --dagfile="Library/Bee/1900b0aE.dag" --continue-on-failure --profile="Library/Bee/backend1.traceevents" ScriptAssemblies
WorkingDir: C:/Users/sdziu/my_documents/0_repositories/whoops
[Worker0] Imported GUID: ccbafc6a4d5f14345a07a9a754b66168 - Path: Assets/Wax.cs - Importer: PreviewImporter -> (ImportResultId: 'eadbcc62a6389ec89f0cdb19f0abf1d1') in 0.0765901 seconds
info: Microsoft.AspNetCore.Hosting.Diagnostics[1]
      Request starting HTTP/2 POST http://ilpp/UnityILPP.PostProcessing/ConfigurePostProcessors - application/grpc -
info: Microsoft.AspNetCore.Routing.EndpointMiddleware[0]
      Executing endpoint 'gRPC - /UnityILPP.PostProcessing/ConfigurePostProcessors'
info: Unity.ILPP.Runner.PostProcessingAssemblyLoadContext[0]
      Current configuration matches the requested one, skipping
info: Microsoft.AspNetCore.Routing.EndpointMiddleware[1]
      Executed endpoint 'gRPC - /UnityILPP.PostProcessing/ConfigurePostProcessors'
info: Microsoft.AspNetCore.Hosting.Diagnostics[2]
      Request finished HTTP/2 POST http://ilpp/UnityILPP.PostProcessing/ConfigurePostProcessors - 200 - application/grpc 1.9130ms
info: Microsoft.AspNetCore.Hosting.Diagnostics[1]
      Request starting HTTP/2 POST http://ilpp/UnityILPP.PostProcessing/PostProcessAssembly - application/grpc -
info: Microsoft.AspNetCore.Routing.EndpointMiddleware[0]
      Executing endpoint 'gRPC - /UnityILPP.PostProcessing/PostProcessAssembly'
info: Unity.ILPP.Runner.PostProcessingPipeline[0]
      Processing assembly Library/Bee/artifacts/1900b0aE.dag/Assembly-CSharp.dll, with 143 defines and 358 references
info: Unity.ILPP.Runner.PostProcessingPipeline[0]
      processors: Unity.Jobs.CodeGen.JobsILPostProcessor, zzzUnity.Burst.CodeGen.BurstILPostProcessor
info: Unity.ILPP.Runner.PostProcessingPipeline[0]
      running Unity.Jobs.CodeGen.JobsILPostProcessor
info: Unity.ILPP.Runner.PostProcessingPipeline[0]
      running zzzUnity.Burst.CodeGen.BurstILPostProcessor
info: Microsoft.AspNetCore.Routing.EndpointMiddleware[1]
      Executed endpoint 'gRPC - /UnityILPP.PostProcessing/PostProcessAssembly'
info: Microsoft.AspNetCore.Hosting.Diagnostics[2]
      Request finished HTTP/2 POST http://ilpp/UnityILPP.PostProcessing/PostProcessAssembly - 200 - application/grpc 96.6513ms
info: Microsoft.AspNetCore.Hosting.Diagnostics[1]
      Request starting HTTP/2 POST http://ilpp/UnityILPP.PostProcessing/PostProcessAssembly - application/grpc -
info: Microsoft.AspNetCore.Routing.EndpointMiddleware[0]
      Executing endpoint 'gRPC - /UnityILPP.PostProcessing/PostProcessAssembly'
info: Unity.ILPP.Runner.PostProcessingPipeline[0]
      Processing assembly Library/Bee/artifacts/1900b0aE.dag/Assembly-CSharp-Editor.dll, with 141 defines and 380 references
info: Unity.ILPP.Runner.PostProcessingPipeline[0]
      processors: Unity.Jobs.CodeGen.JobsILPostProcessor, zzzUnity.Burst.CodeGen.BurstILPostProcessor
info: Unity.ILPP.Runner.PostProcessingPipeline[0]
      running Unity.Jobs.CodeGen.JobsILPostProcessor
info: Unity.ILPP.Runner.PostProcessingPipeline[0]
      running zzzUnity.Burst.CodeGen.BurstILPostProcessor
info: Microsoft.AspNetCore.Routing.EndpointMiddleware[1]
      Executed endpoint 'gRPC - /UnityILPP.PostProcessing/PostProcessAssembly'
info: Microsoft.AspNetCore.Hosting.Diagnostics[2]
      Request finished HTTP/2 POST http://ilpp/UnityILPP.PostProcessing/PostProcessAssembly - 200 - application/grpc 52.7546ms
ExitCode: 0 Duration: 2s662ms
[ 893/1154  0s] ILPP-Configuration Library/ilpp-configuration.nevergeneratedoutput
[1146/1154  0s] Csc Library/Bee/artifacts/1900b0aE.dag/Assembly-CSharp.dll (+2 others)
Assets\PickupItem.cs(13,21): warning CS0618: 'Object.FindFirstObjectByType<T>()' is obsolete: 'FindFirstObjectByType has been deprecated because it relies on instance ID ordering. Use FindAnyObjectByType instead, which does not depend on ordering.'

Assets\Portal.cs(34,60): warning CS0618: 'FindObjectsSortMode' is obsolete: 'FindObjectsSortMode has been deprecated. Use the FindObjectsByType overloads that do not take a FindObjectsSortMode parameter.'

Assets\Portal.cs(34,32): warning CS0618: 'Object.FindObjectsByType<T>(FindObjectsSortMode)' is obsolete: 'FindObjectsByType with FindObjectsSortMode parameter has been deprecated. Use FindObjectsByType<T>() or FindObjectsByType<T>(FindObjectsInactive) instead. InstanceID will be replaced in the future with EntityId and previous sort order cannot be maintained.'

Assets\SaveSystem.cs(59,70): warning CS0618: 'FindObjectsSortMode' is obsolete: 'FindObjectsSortMode has been deprecated. Use the FindObjectsByType overloads that do not take a FindObjectsSortMode parameter.'

Assets\SaveSystem.cs(59,33): warning CS0618: 'Object.FindObjectsByType<T>(FindObjectsSortMode)' is obsolete: 'FindObjectsByType with FindObjectsSortMode parameter has been deprecated. Use FindObjectsByType<T>() or FindObjectsByType<T>(FindObjectsInactive) instead. InstanceID will be replaced in the future with EntityId and previous sort order cannot be maintained.'

Assets\SaveSystem.cs(16,36): warning UAC1009: Field 'levelDictinonary' uses an unsupported type 'System.Collections.Generic.Dictionary<int, string>'. Refer to the Serialization rules analyzer reference. (https://docs.unity3d.com/6000.5/Documentation/Manual/script-serialization-analyzer.html#uac1009)

Assets\YandexGame\ScriptsYG\Leaderboards\LBPlayerDataYG.cs(45,21): warning UAC1001: Field 'data' type 'YG.LBPlayerDataYG.Data' is skipped by serialization (missing the [Serializable] attribute). Refer to the Serialization rules analyzer reference. (https://docs.unity3d.com/6000.5/Documentation/Manual/script-serialization-analyzer.html#uac1001)
[1147/1154  0s] Csc Library/Bee/artifacts/1900b0aE.dag/Assembly-CSharp-Editor.dll (+2 others)
Assets\YandexGame\ScriptsYG\Language\Editor\FontMasseInstallEditorWindow.cs(29,114): warning CS0618: 'FindObjectsSortMode' is obsolete: 'FindObjectsSortMode has been deprecated. Use the FindObjectsByType overloads that do not take a FindObjectsSortMode parameter.'

Assets\YandexGame\ScriptsYG\Language\Editor\FontMasseInstallEditorWindow.cs(29,44): warning CS0618: 'Object.FindObjectsByType<T>(FindObjectsInactive, FindObjectsSortMode)' is obsolete: 'FindObjectsByType with FindObjectsSortMode parameter has been deprecated. Use FindObjectsByType<T>() or FindObjectsByType<T>(FindObjectsInactive) instead. InstanceID will be replaced in the future with EntityId and previous sort order cannot be maintained.'

Assets\YandexGame\ScriptsYG\Language\Editor\CSVFileEditorWindow.cs(30,85): warning CS0618: 'FindObjectsSortMode' is obsolete: 'FindObjectsSortMode has been deprecated. Use the FindObjectsByType overloads that do not take a FindObjectsSortMode parameter.'

Assets\YandexGame\ScriptsYG\Language\Editor\CSVFileEditorWindow.cs(30,44): warning CS0618: 'Object.FindObjectsByType<T>(FindObjectsSortMode)' is obsolete: 'FindObjectsByType with FindObjectsSortMode parameter has been deprecated. Use FindObjectsByType<T>() or FindObjectsByType<T>(FindObjectsInactive) instead. InstanceID will be replaced in the future with EntityId and previous sort order cannot be maintained.'

Assets\YandexGame\ScriptsYG\Language\Editor\AutoLocalizationMasseWindow.cs(33,106): warning CS0618: 'FindObjectsSortMode' is obsolete: 'FindObjectsSortMode has been deprecated. Use the FindObjectsByType overloads that do not take a FindObjectsSortMode parameter.'

Assets\YandexGame\ScriptsYG\Language\Editor\AutoLocalizationMasseWindow.cs(33,42): warning CS0618: 'Object.FindObjectsByType<T>(FindObjectsInactive, FindObjectsSortMode)' is obsolete: 'FindObjectsByType with FindObjectsSortMode parameter has been deprecated. Use FindObjectsByType<T>() or FindObjectsByType<T>(FindObjectsInactive) instead. InstanceID will be replaced in the future with EntityId and previous sort order cannot be maintained.'

Assets\YandexGame\ScriptsYG\Language\Editor\AutoLocalizationMasseWindow.cs(53,118): warning CS0618: 'FindObjectsSortMode' is obsolete: 'FindObjectsSortMode has been deprecated. Use the FindObjectsByType overloads that do not take a FindObjectsSortMode parameter.'

Assets\YandexGame\ScriptsYG\Language\Editor\AutoLocalizationMasseWindow.cs(53,48): warning CS0618: 'Object.FindObjectsByType<T>(FindObjectsInactive, FindObjectsSortMode)' is obsolete: 'FindObjectsByType with FindObjectsSortMode parameter has been deprecated. Use FindObjectsByType<T>() or FindObjectsByType<T>(FindObjectsInactive) instead. InstanceID will be replaced in the future with EntityId and previous sort order cannot be maintained.'
[1148/1154  0s] ILPostProcess Library/Bee/artifacts/1900b0aE.dag/post-processed/Assembly-CSharp.dll (+pdb)
Processing assembly Library/Bee/artifacts/1900b0aE.dag/Assembly-CSharp.dll, with 143 defines and 358 references

processors: Unity.Jobs.CodeGen.JobsILPostProcessor, zzzUnity.Burst.CodeGen.BurstILPostProcessor

running Unity.Jobs.CodeGen.JobsILPostProcessor

running zzzUnity.Burst.CodeGen.BurstILPostProcessor
[1149/1154  0s] CopyFiles Library/ScriptAssemblies/Assembly-CSharp.pdb
[1150/1154  0s] CopyFiles Library/ScriptAssemblies/Assembly-CSharp.dll
[1151/1154  0s] ILPostProcess Library/Bee/artifacts/1900b0aE.dag/post-processed/Assembly-CSharp-Editor.dll (+pdb)
Processing assembly Library/Bee/artifacts/1900b0aE.dag/Assembly-CSharp-Editor.dll, with 141 defines and 380 references

processors: Unity.Jobs.CodeGen.JobsILPostProcessor, zzzUnity.Burst.CodeGen.BurstILPostProcessor

running Unity.Jobs.CodeGen.JobsILPostProcessor

running zzzUnity.Burst.CodeGen.BurstILPostProcessor
[1152/1154  0s] CopyFiles Library/ScriptAssemblies/Assembly-CSharp-Editor.pdb
[1153/1154  0s] CopyFiles Library/ScriptAssemblies/Assembly-CSharp-Editor.dll
*** Tundra build success (2.58 seconds), 9 items updated, 1154 evaluated
Assets\PickupItem.cs(13,21): warning CS0618: 'Object.FindFirstObjectByType<T>()' is obsolete: 'FindFirstObjectByType has been deprecated because it relies on instance ID ordering. Use FindAnyObjectByType instead, which does not depend on ordering.'
Assets\Portal.cs(34,60): warning CS0618: 'FindObjectsSortMode' is obsolete: 'FindObjectsSortMode has been deprecated. Use the FindObjectsByType overloads that do not take a FindObjectsSortMode parameter.'
Assets\Portal.cs(34,32): warning CS0618: 'Object.FindObjectsByType<T>(FindObjectsSortMode)' is obsolete: 'FindObjectsByType with FindObjectsSortMode parameter has been deprecated. Use FindObjectsByType<T>() or FindObjectsByType<T>(FindObjectsInactive) instead. InstanceID will be replaced in the future with EntityId and previous sort order cannot be maintained.'
Assets\SaveSystem.cs(59,70): warning CS0618: 'FindObjectsSortMode' is obsolete: 'FindObjectsSortMode has been deprecated. Use the FindObjectsByType overloads that do not take a FindObjectsSortMode parameter.'
Assets\SaveSystem.cs(59,33): warning CS0618: 'Object.FindObjectsByType<T>(FindObjectsSortMode)' is obsolete: 'FindObjectsByType with FindObjectsSortMode parameter has been deprecated. Use FindObjectsByType<T>() or FindObjectsByType<T>(FindObjectsInactive) instead. InstanceID will be replaced in the future with EntityId and previous sort order cannot be maintained.'
Assets\SaveSystem.cs(16,36): warning UAC1009: Field 'levelDictinonary' uses an unsupported type 'System.Collections.Generic.Dictionary<int, string>'. Refer to the Serialization rules analyzer reference. (https://docs.unity3d.com/6000.5/Documentation/Manual/script-serialization-analyzer.html#uac1009)
Assets\YandexGame\ScriptsYG\Leaderboards\LBPlayerDataYG.cs(45,21): warning UAC1001: Field 'data' type 'YG.LBPlayerDataYG.Data' is skipped by serialization (missing the [Serializable] attribute). Refer to the Serialization rules analyzer reference. (https://docs.unity3d.com/6000.5/Documentation/Manual/script-serialization-analyzer.html#uac1001)
Assets\YandexGame\ScriptsYG\Language\Editor\FontMasseInstallEditorWindow.cs(29,114): warning CS0618: 'FindObjectsSortMode' is obsolete: 'FindObjectsSortMode has been deprecated. Use the FindObjectsByType overloads that do not take a FindObjectsSortMode parameter.'
Assets\YandexGame\ScriptsYG\Language\Editor\FontMasseInstallEditorWindow.cs(29,44): warning CS0618: 'Object.FindObjectsByType<T>(FindObjectsInactive, FindObjectsSortMode)' is obsolete: 'FindObjectsByType with FindObjectsSortMode parameter has been deprecated. Use FindObjectsByType<T>() or FindObjectsByType<T>(FindObjectsInactive) instead. InstanceID will be replaced in the future with EntityId and previous sort order cannot be maintained.'
Assets\YandexGame\ScriptsYG\Language\Editor\CSVFileEditorWindow.cs(30,85): warning CS0618: 'FindObjectsSortMode' is obsolete: 'FindObjectsSortMode has been deprecated. Use the FindObjectsByType overloads that do not take a FindObjectsSortMode parameter.'
Assets\YandexGame\ScriptsYG\Language\Editor\CSVFileEditorWindow.cs(30,44): warning CS0618: 'Object.FindObjectsByType<T>(FindObjectsSortMode)' is obsolete: 'FindObjectsByType with FindObjectsSortMode parameter has been deprecated. Use FindObjectsByType<T>() or FindObjectsByType<T>(FindObjectsInactive) instead. InstanceID will be replaced in the future with EntityId and previous sort order cannot be maintained.'
Assets\YandexGame\ScriptsYG\Language\Editor\AutoLocalizationMasseWindow.cs(33,106): warning CS0618: 'FindObjectsSortMode' is obsolete: 'FindObjectsSortMode has been deprecated. Use the FindObjectsByType overloads that do not take a FindObjectsSortMode parameter.'
Assets\YandexGame\ScriptsYG\Language\Editor\AutoLocalizationMasseWindow.cs(33,42): warning CS0618: 'Object.FindObjectsByType<T>(FindObjectsInactive, FindObjectsSortMode)' is obsolete: 'FindObjectsByType with FindObjectsSortMode parameter has been deprecated. Use FindObjectsByType<T>() or FindObjectsByType<T>(FindObjectsInactive) instead. InstanceID will be replaced in the future with EntityId and previous sort order cannot be maintained.'
Assets\YandexGame\ScriptsYG\Language\Editor\AutoLocalizationMasseWindow.cs(53,118): warning CS0618: 'FindObjectsSortMode' is obsolete: 'FindObjectsSortMode has been deprecated. Use the FindObjectsByType overloads that do not take a FindObjectsSortMode parameter.'
Assets\YandexGame\ScriptsYG\Language\Editor\AutoLocalizationMasseWindow.cs(53,48): warning CS0618: 'Object.FindObjectsByType<T>(FindObjectsInactive, FindObjectsSortMode)' is obsolete: 'FindObjectsByType with FindObjectsSortMode parameter has been deprecated. Use FindObjectsByType<T>() or FindObjectsByType<T>(FindObjectsInactive) instead. InstanceID will be replaced in the future with EntityId and previous sort order cannot be maintained.'
Reloading assemblies after finishing script compilation.
Reloading assemblies after forced synchronous recompile.
Begin MonoManager ReloadAssembly
Total cache size 268408592
Total cache size after purge 268408592, took 00:00:02.4011605
Symbol file LoadedFromMemory is not a mono symbol file
Refreshing native plugins compatible for Editor in 17.38 ms, found 5 plugins.
Native extension for WindowsStandalone target not found
[MODES] ModeService[none].Initialize
[MODES] ModeService[none].LoadModes
ScheduleIndexationOnStartup MainProcess:True IndexOnStartup:True
Mono: successfully reloaded assembly
- Finished resetting the current domain, in  7.499 seconds
Domain Reload Profiling: 12096ms
	BeginReloadAssembly (2801ms)
		DisableScriptedObjects (744ms)
		CreateAndSetChildDomain (1165ms)
	RebuildCommonClasses (30ms)
	RebuildNativeTypeToScriptingClass (58ms)
	initialDomainReloadingComplete (252ms)
	LoadAllAssembliesAndSetupDomain (1453ms)
		LoadAssemblies (518ms)
		AnalyzeDomain (888ms)
			TypeCache.Refresh (38ms)
				TypeCache.ScanAssembly (5ms)
			BuildScriptInfoCaches (759ms)
			ResolveRequiredComponents (86ms)
	FinalizeReload (7502ms)
		SetupLoadedEditorAssemblies (0ms)
			InitializePlatformSupportModulesInManaged (5ms)
			BeforeProcessingInitializeOnLoad (1288ms)
			ProcessInitializeOnLoadAttributes (1587ms)
			ProcessInitializeOnLoadMethodAttributes (671ms)
			AfterProcessingInitializeOnLoad (27ms)
		AwakeInstancesAfterBackupRestoration (2161ms)
Refreshing native plugins compatible for Editor in 12.27 ms, found 5 plugins.

Asset Pipeline Refresh (id=dca67402d7dcec24d81fcb629e3fc088): Total: 13.343 seconds - Initiated by StopAssetImportingV2(ForceSynchronousImport | ForceDomainReload)
	(Values over 0.05ms)
	Summary:
		Imports: total=0 (actual=0, local cache=0, cache server=0)
		Asset DB Process Time: managed=0 ms, native=8015 ms
		Asset DB Callback time: managed=236 ms, native=194 ms
		Scripting: domain reloads=1, domain reload time=4890 ms, compile time=7 ms, other=0 ms
		Project Asset Count: scripts=1714, non-scripts=3385
		Asset File Changes: new=0, changed=0, moved=0, deleted=0
		Scan Filter Count: 0
	InvokePackagesCallback: 7.954ms
	ApplyChangesToAssetFolders: 0.986ms
	Collect global state as custom dependencies: 10.359ms
	ProcessAssetsWithTransientArtifactChanges: 14.554ms
	CategorizeAssets: 174.579ms
	CompileScripts: 6.798ms
	ImportOutOfDateAssets: 7675.704ms (7562.698ms without children)
		CollectScriptTypesHashes: 3.067ms
		ReloadNativeAssets: 4.464ms
		UnloadImportedAssets: 0.900ms
		EnsureUptoDateAssetsAreRegisteredWithGuidPM: 3.613ms
		ImportSchedulerStart: 103.944ms
	PostProcessAllAssets: 242.652ms
		XRBuildSystem.XRAssetImported 4.718ms
		PostProcessCallbackCreateDeferredMaterials 0.069ms
		MonoPostProcessAllAssets: 236.536ms
			UniversalRenderPipelineGlobalSettingsPostprocessor.OnPostprocessAllAssets 37.877ms
			BuilderAssetPostprocessor.OnPostprocessAllAssets 28.072ms
			AssetChangedListener.OnPostprocessAllAssets 20.111ms
			AssetPostprocessor.OnPostprocessAllAssets 14.136ms
			WindowAssetPostprocessingWatcher.OnPostprocessAllAssets 11.751ms
			SyncVS.PostprocessSyncProject 10.557ms
			SpriteSlicePostprocessor.OnPostprocessAllAssets 7.476ms
			SpeedTree9Postprocessor.OnPostprocessAllAssets 6.094ms
			EditModeScopePostprocessor.OnPostprocessAllAssets 6.081ms
			ShaderGraphAssetPostProcessor.OnPostprocessAllAssets 5.354ms
			RetainedModeAssetPostprocessor.OnPostprocessAllAssets 4.737ms
			RenderPipelineGlobalSettingsPostprocessor.OnPostprocessAllAssets 2.585ms
			TMPro_TexturePostProcessor.OnPostprocessAllAssets 2.501ms
			ProjectSettingsPostprocessor.OnPostprocessAllAssets 2.430ms
			MaterialPostprocessor.OnPostprocessAllAssets 2.407ms
			SpriteEditorTexturePostprocessor.OnPostprocessAllAssets 1.959ms
			SpriteShapeAssetPostProcessor.OnPostprocessAllAssets 1.874ms
			ArtifactBrowserPostProcessor.OnPostprocessAllAssets 1.839ms
			UVCSAssetPostprocessor.OnPostprocessAllAssets 1.450ms
			SampleDependencyImporterPostProcessor.OnPostprocessAllAssets 1.372ms
			AudioMixerPostprocessor.OnPostprocessAllAssets 1.275ms
			InputActionJsonNameModifierAssetProcessor.OnPostprocessAllAssets 1.218ms
			InputActionAssetPostprocessor.OnPostprocessAllAssets 1.180ms
			ShaderReflectionAssetPostProcessor.OnPostprocessAllAssets 1.178ms
			TextAssetPostProcessor.OnPostprocessAllAssets 1.066ms
			ReferencedClipsPostProcessor.OnPostprocessAllAssets 1.009ms
			StyleCatalogPostProcessor.OnPostprocessAllAssets 0.932ms
			AssetEvents.OnPostprocessAllAssets 0.890ms
			PostProcessor.OnPostprocessAllAssets 0.769ms
			SpriteLibraryAssetPostprocessor.OnPostprocessAllAssets 0.682ms
			AssetDatabaseCallbacks.OnPostprocessAllAssets 0.649ms
			ConfigAssetsTracker.OnPostprocessAllAssets 0.606ms
			TerrainToolbarOverlayPostProcessor.OnPostprocessAllAssets 0.540ms
			ScenarioDriftAssetsTracker.OnPostprocessAllAssets 0.532ms
			SamplePostprocessor.OnPostprocessAllAssets 0.469ms
			PSDImportPostProcessor.OnPostprocessAllAssets 0.456ms
			AssetReloadNotifier.OnPostprocessAllAssets 0.449ms
			SpeedTreePostProcessor.OnPostprocessAllAssets 0.440ms
			AudioContainerPostProcessor.OnPostprocessAllAssets 0.297ms
			PSDImporterAssetPostProcessor.OnPostprocessAllAssets 0.295ms
			AssetProcessor.OnPostprocessAllAssets 0.215ms
	PostAssetChangesProfiler: 186.961ms
	GatherAllCurrentPrimaryImportResultRevisions: 0.481ms
	PersistCurrentRevisions: 0.506ms
	GenerateScriptTypeHashes: 14.206ms
	GenerateScriptTypeSerializationHashes: 24.012ms
	Untracked: 4996.127ms

[Licensing::Client] Successfully resolved entitlement details
[Licensing::Client] Successfully resolved entitlement details
[ScriptCompilation] Requested script compilation because: AssetDatabase observed changes in script compilation related files
Refreshing native plugins compatible for Editor in 12.71 ms, found 5 plugins.
Asset Pipeline Refresh (id=5193639cd2838b0429625bcc572cf24b): Total: 0.274 seconds - Initiated by RefreshV2(NoUpdateAssetOptions)
[Licensing::Client] Successfully resolved entitlement details
info: Microsoft.AspNetCore.Hosting.Diagnostics[1]
      Request starting HTTP/2 POST http://ilpp/UnityILPP.PostProcessing/Ping - application/grpc -
info: Microsoft.AspNetCore.Routing.EndpointMiddleware[0]
      Executing endpoint 'gRPC - /UnityILPP.PostProcessing/Ping'
info: Microsoft.AspNetCore.Routing.EndpointMiddleware[1]
      Executed endpoint 'gRPC - /UnityILPP.PostProcessing/Ping'
info: Microsoft.AspNetCore.Hosting.Diagnostics[2]
      Request finished HTTP/2 POST http://ilpp/UnityILPP.PostProcessing/Ping - 200 - application/grpc 0.5561ms
Starting: C:\Program Files\Unity\Hub\Editor\6000.5.8f1\Editor\Data\Tools\BuildPipeline\bee_backend.exe --ipc --defer-dag-verification --dagfile="Library/Bee/1900b0aE.dag" --continue-on-failure --profile="Library/Bee/backend1.traceevents" ScriptAssemblies
WorkingDir: C:/Users/sdziu/my_documents/0_repositories/whoops
info: Microsoft.AspNetCore.Hosting.Diagnostics[1]
      Request starting HTTP/2 POST http://ilpp/UnityILPP.PostProcessing/ConfigurePostProcessors - application/grpc -
info: Microsoft.AspNetCore.Routing.EndpointMiddleware[0]
      Executing endpoint 'gRPC - /UnityILPP.PostProcessing/ConfigurePostProcessors'
info: Unity.ILPP.Runner.PostProcessingAssemblyLoadContext[0]
      Current configuration matches the requested one, skipping
info: Microsoft.AspNetCore.Routing.EndpointMiddleware[1]
      Executed endpoint 'gRPC - /UnityILPP.PostProcessing/ConfigurePostProcessors'
info: Microsoft.AspNetCore.Hosting.Diagnostics[2]
      Request finished HTTP/2 POST http://ilpp/UnityILPP.PostProcessing/ConfigurePostProcessors - 200 - application/grpc 2.3960ms
info: Microsoft.AspNetCore.Hosting.Diagnostics[1]
      Request starting HTTP/2 POST http://ilpp/UnityILPP.PostProcessing/PostProcessAssembly - application/grpc -
info: Microsoft.AspNetCore.Hosting.Diagnostics[1]
      Request starting HTTP/2 POST http://ilpp/UnityILPP.PostProcessing/PostProcessAssembly - application/grpc -
info: Microsoft.AspNetCore.Routing.EndpointMiddleware[0]
      Executing endpoint 'gRPC - /UnityILPP.PostProcessing/PostProcessAssembly'
info: Microsoft.AspNetCore.Routing.EndpointMiddleware[0]
      Executing endpoint 'gRPC - /UnityILPP.PostProcessing/PostProcessAssembly'
info: Unity.ILPP.Runner.PostProcessingPipeline[0]
      Processing assembly Library/Bee/artifacts/1900b0aE.dag/Assembly-CSharp.dll, with 143 defines and 358 references
info: Unity.ILPP.Runner.PostProcessingPipeline[0]
      processors: Unity.Jobs.CodeGen.JobsILPostProcessor, zzzUnity.Burst.CodeGen.BurstILPostProcessor
info: Unity.ILPP.Runner.PostProcessingPipeline[0]
      Processing assembly Library/Bee/artifacts/1900b0aE.dag/Assembly-CSharp-Editor.dll, with 141 defines and 380 references
info: Unity.ILPP.Runner.PostProcessingPipeline[0]
      processors: Unity.Jobs.CodeGen.JobsILPostProcessor, zzzUnity.Burst.CodeGen.BurstILPostProcessor
info: Unity.ILPP.Runner.PostProcessingPipeline[0]
      running Unity.Jobs.CodeGen.JobsILPostProcessor
info: Unity.ILPP.Runner.PostProcessingPipeline[0]
      running Unity.Jobs.CodeGen.JobsILPostProcessor
info: Unity.ILPP.Runner.PostProcessingPipeline[0]
      running zzzUnity.Burst.CodeGen.BurstILPostProcessor
info: Unity.ILPP.Runner.PostProcessingPipeline[0]
      running zzzUnity.Burst.CodeGen.BurstILPostProcessor
info: Microsoft.AspNetCore.Routing.EndpointMiddleware[1]
      Executed endpoint 'gRPC - /UnityILPP.PostProcessing/PostProcessAssembly'
info: Microsoft.AspNetCore.Hosting.Diagnostics[2]
      Request finished HTTP/2 POST http://ilpp/UnityILPP.PostProcessing/PostProcessAssembly - 200 - application/grpc 32.6720ms
info: Microsoft.AspNetCore.Routing.EndpointMiddleware[1]
      Executed endpoint 'gRPC - /UnityILPP.PostProcessing/PostProcessAssembly'
info: Microsoft.AspNetCore.Hosting.Diagnostics[2]
      Request finished HTTP/2 POST http://ilpp/UnityILPP.PostProcessing/PostProcessAssembly - 200 - application/grpc 65.1803ms
ExitCode: 0 Duration: 1s844ms
[ 893/1154  0s] ILPP-Configuration Library/ilpp-configuration.nevergeneratedoutput
[1146/1154  0s] Csc Library/Bee/artifacts/1900b0aE.dag/Assembly-CSharp.dll (+2 others)
Assets\PickupItem.cs(13,21): warning CS0618: 'Object.FindFirstObjectByType<T>()' is obsolete: 'FindFirstObjectByType has been deprecated because it relies on instance ID ordering. Use FindAnyObjectByType instead, which does not depend on ordering.'

Assets\Portal.cs(34,60): warning CS0618: 'FindObjectsSortMode' is obsolete: 'FindObjectsSortMode has been deprecated. Use the FindObjectsByType overloads that do not take a FindObjectsSortMode parameter.'

Assets\Portal.cs(34,32): warning CS0618: 'Object.FindObjectsByType<T>(FindObjectsSortMode)' is obsolete: 'FindObjectsByType with FindObjectsSortMode parameter has been deprecated. Use FindObjectsByType<T>() or FindObjectsByType<T>(FindObjectsInactive) instead. InstanceID will be replaced in the future with EntityId and previous sort order cannot be maintained.'

Assets\SaveSystem.cs(59,70): warning CS0618: 'FindObjectsSortMode' is obsolete: 'FindObjectsSortMode has been deprecated. Use the FindObjectsByType overloads that do not take a FindObjectsSortMode parameter.'

Assets\SaveSystem.cs(59,33): warning CS0618: 'Object.FindObjectsByType<T>(FindObjectsSortMode)' is obsolete: 'FindObjectsByType with FindObjectsSortMode parameter has been deprecated. Use FindObjectsByType<T>() or FindObjectsByType<T>(FindObjectsInactive) instead. InstanceID will be replaced in the future with EntityId and previous sort order cannot be maintained.'

Assets\SaveSystem.cs(16,36): warning UAC1009: Field 'levelDictinonary' uses an unsupported type 'System.Collections.Generic.Dictionary<int, string>'. Refer to the Serialization rules analyzer reference. (https://docs.unity3d.com/6000.5/Documentation/Manual/script-serialization-analyzer.html#uac1009)

Assets\YandexGame\ScriptsYG\Leaderboards\LBPlayerDataYG.cs(45,21): warning UAC1001: Field 'data' type 'YG.LBPlayerDataYG.Data' is skipped by serialization (missing the [Serializable] attribute). Refer to the Serialization rules analyzer reference. (https://docs.unity3d.com/6000.5/Documentation/Manual/script-serialization-analyzer.html#uac1001)
[1148/1154  0s] ILPostProcess Library/Bee/artifacts/1900b0aE.dag/post-processed/Assembly-CSharp-Editor.dll (+pdb)
Processing assembly Library/Bee/artifacts/1900b0aE.dag/Assembly-CSharp-Editor.dll, with 141 defines and 380 references

processors: Unity.Jobs.CodeGen.JobsILPostProcessor, zzzUnity.Burst.CodeGen.BurstILPostProcessor

running Unity.Jobs.CodeGen.JobsILPostProcessor

running zzzUnity.Burst.CodeGen.BurstILPostProcessor
[1149/1154  0s] ILPostProcess Library/Bee/artifacts/1900b0aE.dag/post-processed/Assembly-CSharp.dll (+pdb)
Processing assembly Library/Bee/artifacts/1900b0aE.dag/Assembly-CSharp.dll, with 143 defines and 358 references

processors: Unity.Jobs.CodeGen.JobsILPostProcessor, zzzUnity.Burst.CodeGen.BurstILPostProcessor

running Unity.Jobs.CodeGen.JobsILPostProcessor

running zzzUnity.Burst.CodeGen.BurstILPostProcessor
[1151/1154  0s] CopyFiles Library/ScriptAssemblies/Assembly-CSharp.pdb
[1152/1154  0s] CopyFiles Library/ScriptAssemblies/Assembly-CSharp.dll
*** Tundra build success (1.78 seconds), 6 items updated, 1154 evaluated
Assets\PickupItem.cs(13,21): warning CS0618: 'Object.FindFirstObjectByType<T>()' is obsolete: 'FindFirstObjectByType has been deprecated because it relies on instance ID ordering. Use FindAnyObjectByType instead, which does not depend on ordering.'
Assets\Portal.cs(34,60): warning CS0618: 'FindObjectsSortMode' is obsolete: 'FindObjectsSortMode has been deprecated. Use the FindObjectsByType overloads that do not take a FindObjectsSortMode parameter.'
Assets\Portal.cs(34,32): warning CS0618: 'Object.FindObjectsByType<T>(FindObjectsSortMode)' is obsolete: 'FindObjectsByType with FindObjectsSortMode parameter has been deprecated. Use FindObjectsByType<T>() or FindObjectsByType<T>(FindObjectsInactive) instead. InstanceID will be replaced in the future with EntityId and previous sort order cannot be maintained.'
Assets\SaveSystem.cs(59,70): warning CS0618: 'FindObjectsSortMode' is obsolete: 'FindObjectsSortMode has been deprecated. Use the FindObjectsByType overloads that do not take a FindObjectsSortMode parameter.'
Assets\SaveSystem.cs(59,33): warning CS0618: 'Object.FindObjectsByType<T>(FindObjectsSortMode)' is obsolete: 'FindObjectsByType with FindObjectsSortMode parameter has been deprecated. Use FindObjectsByType<T>() or FindObjectsByType<T>(FindObjectsInactive) instead. InstanceID will be replaced in the future with EntityId and previous sort order cannot be maintained.'
Assets\SaveSystem.cs(16,36): warning UAC1009: Field 'levelDictinonary' uses an unsupported type 'System.Collections.Generic.Dictionary<int, string>'. Refer to the Serialization rules analyzer reference. (https://docs.unity3d.com/6000.5/Documentation/Manual/script-serialization-analyzer.html#uac1009)
Assets\YandexGame\ScriptsYG\Leaderboards\LBPlayerDataYG.cs(45,21): warning UAC1001: Field 'data' type 'YG.LBPlayerDataYG.Data' is skipped by serialization (missing the [Serializable] attribute). Refer to the Serialization rules analyzer reference. (https://docs.unity3d.com/6000.5/Documentation/Manual/script-serialization-analyzer.html#uac1001)
Reloading assemblies after forced synchronous recompile.
Begin MonoManager ReloadAssembly
Total cache size 268408592
Total cache size after purge 268408592, took 00:00:01.0197937
Symbol file LoadedFromMemory is not a mono symbol file
Refreshing native plugins compatible for Editor in 5.53 ms, found 5 plugins.
Native extension for WindowsStandalone target not found
[MODES] ModeService[none].Initialize
[MODES] ModeService[none].LoadModes
ScheduleIndexationOnStartup MainProcess:True IndexOnStartup:True
Mono: successfully reloaded assembly
- Finished resetting the current domain, in  3.110 seconds
Domain Reload Profiling: 5728ms
	BeginReloadAssembly (1661ms)
		DisableScriptedObjects (426ms)
		CreateAndSetChildDomain (748ms)
	RebuildCommonClasses (16ms)
	RebuildNativeTypeToScriptingClass (27ms)
	initialDomainReloadingComplete (130ms)
	LoadAllAssembliesAndSetupDomain (782ms)
		LoadAssemblies (254ms)
		AnalyzeDomain (458ms)
			TypeCache.Refresh (23ms)
				TypeCache.ScanAssembly (3ms)
			BuildScriptInfoCaches (384ms)
			ResolveRequiredComponents (48ms)
	FinalizeReload (3111ms)
		SetupLoadedEditorAssemblies (0ms)
			BeforeProcessingInitializeOnLoad (351ms)
			ProcessInitializeOnLoadAttributes (649ms)
			ProcessInitializeOnLoadMethodAttributes (284ms)
			AfterProcessingInitializeOnLoad (8ms)
		AwakeInstancesAfterBackupRestoration (965ms)

Asset Pipeline Refresh (id=38dd754e238d28743b09952579b30802): Total: 7.110 seconds - Initiated by RefreshV2(AllowForceSynchronousImport)
	(Values over 0.05ms)
	Summary:
		Imports: total=0 (actual=0, local cache=0, cache server=0)
		Asset DB Process Time: managed=0 ms, native=3405 ms
		Asset DB Callback time: managed=49 ms, native=1 ms
		Scripting: domain reloads=1, domain reload time=2737 ms, compile time=916 ms, other=0 ms
		Project Asset Count: scripts=1714, non-scripts=3385
		Asset File Changes: new=0, changed=0, moved=0, deleted=0
		Scan Filter Count: 0
	InvokePackagesCallback: 3.528ms
	ApplyChangesToAssetFolders: 0.672ms
	Scan: 7.501ms
	Collect global state as custom dependencies: 6.250ms
	ProcessAssetsWithTransientArtifactChanges: 10.642ms
	CategorizeAssets: 95.528ms
	CompileScripts: 915.918ms
	ImportOutOfDateAssets: 3191.322ms (3135.128ms without children)
		CollectScriptTypesHashes: 2.593ms
		ReloadNativeAssets: 2.054ms
		UnloadImportedAssets: 0.286ms
		EnsureUptoDateAssetsAreRegisteredWithGuidPM: 1.252ms
		ImportSchedulerStart: 52.559ms
	PostProcessAllAssets: 49.342ms
		MonoPostProcessAllAssets: 49.333ms
			UniversalRenderPipelineGlobalSettingsPostprocessor.OnPostprocessAllAssets 14.552ms
			SyncVS.PostprocessSyncProject 7.138ms
			SpeedTree9Postprocessor.OnPostprocessAllAssets 3.503ms
			WindowAssetPostprocessingWatcher.OnPostprocessAllAssets 2.973ms
			ProjectSettingsPostprocessor.OnPostprocessAllAssets 1.594ms
			EditModeScopePostprocessor.OnPostprocessAllAssets 1.326ms
			RenderPipelineGlobalSettingsPostprocessor.OnPostprocessAllAssets 1.132ms
			AssetChangedListener.OnPostprocessAllAssets 0.688ms
			InputActionAssetPostprocessor.OnPostprocessAllAssets 0.656ms
			SpriteEditorTexturePostprocessor.OnPostprocessAllAssets 0.566ms
			ShaderReflectionAssetPostProcessor.OnPostprocessAllAssets 0.531ms
			SpriteShapeAssetPostProcessor.OnPostprocessAllAssets 0.528ms
			ReferencedClipsPostProcessor.OnPostprocessAllAssets 0.382ms
			TerrainToolbarOverlayPostProcessor.OnPostprocessAllAssets 0.382ms
			ShaderGraphAssetPostProcessor.OnPostprocessAllAssets 0.287ms
			AssetDatabaseCallbacks.OnPostprocessAllAssets 0.225ms
			AssetPostprocessor.OnPostprocessAllAssets 0.220ms
			SpriteSlicePostprocessor.OnPostprocessAllAssets 0.093ms
			TMPro_TexturePostProcessor.OnPostprocessAllAssets 0.053ms
	GatherAllCurrentPrimaryImportResultRevisions: 0.477ms
	PersistCurrentRevisions: 0.300ms
	GenerateScriptTypeHashes: 7.104ms
	GenerateScriptTypeSerializationHashes: 12.168ms
	Untracked: 2819.518ms

[Licensing::Client] Successfully resolved entitlement details
[Licensing::Client] Successfully resolved entitlement details
[Worker1] Imported GUID: 81483aca1630010438afac79c96dbcae - Path: Assets/DropManager.cs - Importer: ScriptedImporter/UnityEditor.QuickSearchModule:UnityEditor.Search:ASIAI0B -> (ImportResultId: '8da92817b3af29bbcee572ce29ce9a15') in 0.2060538 seconds
[Worker0] Imported GUID: ccbafc6a4d5f14345a07a9a754b66168 - Path: Assets/Wax.cs - Importer: ScriptedImporter/UnityEditor.QuickSearchModule:UnityEditor.Search:ASIAI0B -> (ImportResultId: '05423ffbbcd6ff9f9808a9ec3066067a') in 0.2198249 seconds
[Worker1] Imported GUID: 7107430314d725349a70dbbd765f989d - Path: Assets/DropAction.cs - Importer: ScriptedImporter/UnityEditor.QuickSearchModule:UnityEditor.Search:ASIAI0B -> (ImportResultId: '17f062666749224033ef21c40fbff399') in 0.0584711 seconds
[ScriptCompilation] Requested script compilation because: AssetDatabase observed changes in script compilation related files
Refreshing native plugins compatible for Editor in 7.53 ms, found 5 plugins.

Asset Pipeline Refresh (id=5a4099f27c9800a4599136202b725e67): Total: 0.804 seconds - Initiated by StopAssetImportingV2(NoUpdateAssetOptions)
	(Values over 0.05ms)
	Summary:
		Imports: total=0 (actual=0, local cache=0, cache server=0)
		Asset DB Process Time: managed=0 ms, native=239 ms
		Asset DB Callback time: managed=549 ms, native=14 ms
		Scripting: domain reloads=0, domain reload time=0 ms, compile time=1 ms, other=0 ms
		Project Asset Count: scripts=1714, non-scripts=3385
		Asset File Changes: new=1, changed=1, moved=0, deleted=0
		Scan Filter Count: 2
	ApplyChangesToAssetFolders: 0.237ms
	Scan: 29.783ms
	Collect global state as custom dependencies: 0.458ms
	OnSourceAssetsModified: 1.302ms
	ProcessAssetsWithTransientArtifactChanges: 0.508ms
	CategorizeAssets: 29.578ms
	CompileScripts: 1.091ms
	ImportOutOfDateAssets: 79.887ms (14.582ms without children)
		ReloadNativeAssets: 0.082ms
		UnloadImportedAssets: 0.358ms
		EnsureUptoDateAssetsAreRegisteredWithGuidPM: 0.753ms
		ImportSchedulerStart: 64.106ms
	PostProcessAllAssets: 542.330ms
		XRBuildSystem.XRAssetImported 2.414ms
		PostProcessCallbackCreateDeferredMaterials 0.221ms
		VersionControlSettings.HiddenFilePostprocess 0.087ms
		MonoPostProcessAllAssets: 538.409ms
			SyncVS.PostprocessSyncProject 483.695ms
			BuilderAssetPostprocessor.OnPostprocessAllAssets 13.083ms
			AssetPostprocessor.OnPostprocessAllAssets 9.648ms
			SpriteSlicePostprocessor.OnPostprocessAllAssets 5.172ms
			ShaderGraphAssetPostProcessor.OnPostprocessAllAssets 3.333ms
			RetainedModeAssetPostprocessor.OnPostprocessAllAssets 2.627ms
			SpriteEditorTexturePostprocessor.OnPostprocessAllAssets 1.706ms
			TMPro_TexturePostProcessor.OnPostprocessAllAssets 1.477ms
			MaterialPostprocessor.OnPostprocessAllAssets 1.473ms
			ArtifactBrowserPostProcessor.OnPostprocessAllAssets 1.406ms
			SpriteShapeAssetPostProcessor.OnPostprocessAllAssets 1.250ms
			UVCSAssetPostprocessor.OnPostprocessAllAssets 0.990ms
			SampleDependencyImporterPostProcessor.OnPostprocessAllAssets 0.883ms
			AssetChangedListener.OnPostprocessAllAssets 0.763ms
			InputActionJsonNameModifierAssetProcessor.OnPostprocessAllAssets 0.753ms
			TextAssetPostProcessor.OnPostprocessAllAssets 0.727ms
			AudioMixerPostprocessor.OnPostprocessAllAssets 0.688ms
			ScenarioDriftAssetsTracker.OnPostprocessAllAssets 0.546ms
			PostProcessor.OnPostprocessAllAssets 0.482ms
			SpriteLibraryAssetPostprocessor.OnPostprocessAllAssets 0.477ms
			AssetEvents.OnPostprocessAllAssets 0.475ms
			StyleCatalogPostProcessor.OnPostprocessAllAssets 0.473ms
			RenderPipelineGlobalSettingsPostprocessor.OnPostprocessAllAssets 0.448ms
			ConfigAssetsTracker.OnPostprocessAllAssets 0.392ms
			SamplePostprocessor.OnPostprocessAllAssets 0.359ms
			SpeedTreePostProcessor.OnPostprocessAllAssets 0.344ms
			InputActionAssetPostprocessor.OnPostprocessAllAssets 0.326ms
			PSDImportPostProcessor.OnPostprocessAllAssets 0.296ms
			AssetReloadNotifier.OnPostprocessAllAssets 0.294ms
			PSDImporterAssetPostProcessor.OnPostprocessAllAssets 0.180ms
			AudioContainerPostProcessor.OnPostprocessAllAssets 0.172ms
			AssetProcessor.OnPostprocessAllAssets 0.124ms
	PostAssetChangesProfiler: 20.128ms
	GatherAllCurrentPrimaryImportResultRevisions: 0.351ms
	PersistCurrentRevisions: 0.339ms
	Untracked: 98.108ms

info: Microsoft.AspNetCore.Hosting.Diagnostics[1]
      Request starting HTTP/2 POST http://ilpp/UnityILPP.PostProcessing/Ping - application/grpc -
info: Microsoft.AspNetCore.Routing.EndpointMiddleware[0]
      Executing endpoint 'gRPC - /UnityILPP.PostProcessing/Ping'
info: Microsoft.AspNetCore.Routing.EndpointMiddleware[1]
      Executed endpoint 'gRPC - /UnityILPP.PostProcessing/Ping'
info: Microsoft.AspNetCore.Hosting.Diagnostics[2]
      Request finished HTTP/2 POST http://ilpp/UnityILPP.PostProcessing/Ping - 200 - application/grpc 0.3654ms
Starting: C:\Program Files\Unity\Hub\Editor\6000.5.8f1\Editor\Data\Tools\BuildPipeline\bee_backend.exe --ipc --defer-dag-verification --dagfile="Library/Bee/1900b0aE.dag" --continue-on-failure --profile="Library/Bee/backend1.traceevents" ScriptAssemblies
WorkingDir: C:/Users/sdziu/my_documents/0_repositories/whoops
info: Microsoft.AspNetCore.Hosting.Diagnostics[1]
      Request starting HTTP/2 POST http://ilpp/UnityILPP.PostProcessing/ConfigurePostProcessors - application/grpc -
info: Microsoft.AspNetCore.Routing.EndpointMiddleware[0]
      Executing endpoint 'gRPC - /UnityILPP.PostProcessing/ConfigurePostProcessors'
info: Unity.ILPP.Runner.PostProcessingAssemblyLoadContext[0]
      Current configuration matches the requested one, skipping
info: Microsoft.AspNetCore.Routing.EndpointMiddleware[1]
      Executed endpoint 'gRPC - /UnityILPP.PostProcessing/ConfigurePostProcessors'
info: Microsoft.AspNetCore.Hosting.Diagnostics[2]
      Request finished HTTP/2 POST http://ilpp/UnityILPP.PostProcessing/ConfigurePostProcessors - 200 - application/grpc 2.6643ms
ExitCode: 4 Duration: 0s402ms
Rebuilding DAG because FileSignature timestamp changed: Library/Bee/1900b0aE-inputdata.json
[ 895/1154  0s] ILPP-Configuration Library/ilpp-configuration.nevergeneratedoutput
*** Tundra requires additional run (0.35 seconds), 1 items updated, 894 evaluated
Starting: C:\Program Files\Unity\Hub\Editor\6000.5.8f1\Editor\Data\netcorerun\netcorerun.exe "C:\Program Files\Unity\Hub\Editor\6000.5.8f1\Editor\Data\Tools\BuildPipeline\ScriptCompilationBuildProgram.exe" "Library/Bee/1900b0aE.dag.json" "Library/Bee/1900b0aE-inputdata.json" "Library\Bee\buildprogram0.traceevents"
WorkingDir: C:/Users/sdziu/my_documents/0_repositories/whoops
[Worker0] Imported GUID: b5360d3cb40ea9b4288b4557f59b09d3 - Path: Assets/Poster.cs - Importer: ScriptedImporter/UnityEditor.QuickSearchModule:UnityEditor.Search:ASIAI0B -> (ImportResultId: '7a8131333e9aa1492db38483cf611996') in 0.0359974 seconds
[Worker0] Imported GUID: b5360d3cb40ea9b4288b4557f59b09d3 - Path: Assets/Poster.cs - Importer: PreviewImporter -> (ImportResultId: '6ef0eb9e8a9704c3f168a2c0ba4b9a94') in 0.0223592 seconds
ExitCode: 0 Duration: 2s306ms
Starting: C:\Program Files\Unity\Hub\Editor\6000.5.8f1\Editor\Data\Tools\BuildPipeline\bee_backend.exe --ipc --defer-dag-verification --dagfile="Library/Bee/1900b0aE.dag" --continue-on-failure --dagfilejson="Library\Bee\1900b0aE.dag.json" --profile="Library/Bee/backend2.traceevents" ScriptAssemblies
WorkingDir: C:/Users/sdziu/my_documents/0_repositories/whoops
info: Microsoft.AspNetCore.Hosting.Diagnostics[1]
      Request starting HTTP/2 POST http://ilpp/UnityILPP.PostProcessing/ConfigurePostProcessors - application/grpc -
info: Microsoft.AspNetCore.Routing.EndpointMiddleware[0]
      Executing endpoint 'gRPC - /UnityILPP.PostProcessing/ConfigurePostProcessors'
info: Unity.ILPP.Runner.PostProcessingAssemblyLoadContext[0]
      Current configuration matches the requested one, skipping
info: Microsoft.AspNetCore.Routing.EndpointMiddleware[1]
      Executed endpoint 'gRPC - /UnityILPP.PostProcessing/ConfigurePostProcessors'
info: Microsoft.AspNetCore.Hosting.Diagnostics[2]
      Request finished HTTP/2 POST http://ilpp/UnityILPP.PostProcessing/ConfigurePostProcessors - 200 - application/grpc 3.1568ms
info: Microsoft.AspNetCore.Hosting.Diagnostics[1]
      Request starting HTTP/2 POST http://ilpp/UnityILPP.PostProcessing/PostProcessAssembly - application/grpc -
info: Microsoft.AspNetCore.Routing.EndpointMiddleware[0]
      Executing endpoint 'gRPC - /UnityILPP.PostProcessing/PostProcessAssembly'
info: Unity.ILPP.Runner.PostProcessingPipeline[0]
      Processing assembly Library/Bee/artifacts/1900b0aE.dag/Assembly-CSharp.dll, with 143 defines and 358 references
info: Unity.ILPP.Runner.PostProcessingPipeline[0]
      processors: Unity.Jobs.CodeGen.JobsILPostProcessor, zzzUnity.Burst.CodeGen.BurstILPostProcessor
info: Unity.ILPP.Runner.PostProcessingPipeline[0]
      running Unity.Jobs.CodeGen.JobsILPostProcessor
info: Unity.ILPP.Runner.PostProcessingPipeline[0]
      running zzzUnity.Burst.CodeGen.BurstILPostProcessor
info: Microsoft.AspNetCore.Routing.EndpointMiddleware[1]
      Executed endpoint 'gRPC - /UnityILPP.PostProcessing/PostProcessAssembly'
info: Microsoft.AspNetCore.Hosting.Diagnostics[2]
      Request finished HTTP/2 POST http://ilpp/UnityILPP.PostProcessing/PostProcessAssembly - 200 - application/grpc 256.1231ms
info: Microsoft.AspNetCore.Hosting.Diagnostics[1]
      Request starting HTTP/2 POST http://ilpp/UnityILPP.PostProcessing/PostProcessAssembly - application/grpc -
info: Microsoft.AspNetCore.Routing.EndpointMiddleware[0]
      Executing endpoint 'gRPC - /UnityILPP.PostProcessing/PostProcessAssembly'
info: Unity.ILPP.Runner.PostProcessingPipeline[0]
      Processing assembly Library/Bee/artifacts/1900b0aE.dag/Assembly-CSharp-Editor.dll, with 141 defines and 380 references
info: Unity.ILPP.Runner.PostProcessingPipeline[0]
      processors: Unity.Jobs.CodeGen.JobsILPostProcessor, zzzUnity.Burst.CodeGen.BurstILPostProcessor
info: Unity.ILPP.Runner.PostProcessingPipeline[0]
      running Unity.Jobs.CodeGen.JobsILPostProcessor
info: Unity.ILPP.Runner.PostProcessingPipeline[0]
      running zzzUnity.Burst.CodeGen.BurstILPostProcessor
info: Microsoft.AspNetCore.Routing.EndpointMiddleware[1]
      Executed endpoint 'gRPC - /UnityILPP.PostProcessing/PostProcessAssembly'
info: Microsoft.AspNetCore.Hosting.Diagnostics[2]
      Request finished HTTP/2 POST http://ilpp/UnityILPP.PostProcessing/PostProcessAssembly - 200 - application/grpc 51.5246ms
ExitCode: 0 Duration: 3s540ms
Finished compiling graph: 1158 nodes, 23567 flattened edges (19389 ToBuild, 184 ToUse), maximum node priority 1349
[ 620/1154  0s] WriteText Library/Bee/artifacts/1900b0aE.dag/Assembly-CSharp.rsp
[ 893/1154  0s] ILPP-Configuration Library/ilpp-configuration.nevergeneratedoutput
[1146/1154  0s] Csc Library/Bee/artifacts/1900b0aE.dag/Assembly-CSharp.dll (+2 others)
Assets\PickupItem.cs(13,21): warning CS0618: 'Object.FindFirstObjectByType<T>()' is obsolete: 'FindFirstObjectByType has been deprecated because it relies on instance ID ordering. Use FindAnyObjectByType instead, which does not depend on ordering.'

Assets\Portal.cs(34,60): warning CS0618: 'FindObjectsSortMode' is obsolete: 'FindObjectsSortMode has been deprecated. Use the FindObjectsByType overloads that do not take a FindObjectsSortMode parameter.'

Assets\Portal.cs(34,32): warning CS0618: 'Object.FindObjectsByType<T>(FindObjectsSortMode)' is obsolete: 'FindObjectsByType with FindObjectsSortMode parameter has been deprecated. Use FindObjectsByType<T>() or FindObjectsByType<T>(FindObjectsInactive) instead. InstanceID will be replaced in the future with EntityId and previous sort order cannot be maintained.'

Assets\SaveSystem.cs(59,70): warning CS0618: 'FindObjectsSortMode' is obsolete: 'FindObjectsSortMode has been deprecated. Use the FindObjectsByType overloads that do not take a FindObjectsSortMode parameter.'

Assets\SaveSystem.cs(59,33): warning CS0618: 'Object.FindObjectsByType<T>(FindObjectsSortMode)' is obsolete: 'FindObjectsByType with FindObjectsSortMode parameter has been deprecated. Use FindObjectsByType<T>() or FindObjectsByType<T>(FindObjectsInactive) instead. InstanceID will be replaced in the future with EntityId and previous sort order cannot be maintained.'

Assets\SaveSystem.cs(16,36): warning UAC1009: Field 'levelDictinonary' uses an unsupported type 'System.Collections.Generic.Dictionary<int, string>'. Refer to the Serialization rules analyzer reference. (https://docs.unity3d.com/6000.5/Documentation/Manual/script-serialization-analyzer.html#uac1009)

Assets\YandexGame\ScriptsYG\Leaderboards\LBPlayerDataYG.cs(45,21): warning UAC1001: Field 'data' type 'YG.LBPlayerDataYG.Data' is skipped by serialization (missing the [Serializable] attribute). Refer to the Serialization rules analyzer reference. (https://docs.unity3d.com/6000.5/Documentation/Manual/script-serialization-analyzer.html#uac1001)
[1147/1154  0s] Csc Library/Bee/artifacts/1900b0aE.dag/Assembly-CSharp-Editor.dll (+2 others)
Assets\YandexGame\ScriptsYG\Language\Editor\FontMasseInstallEditorWindow.cs(29,114): warning CS0618: 'FindObjectsSortMode' is obsolete: 'FindObjectsSortMode has been deprecated. Use the FindObjectsByType overloads that do not take a FindObjectsSortMode parameter.'

Assets\YandexGame\ScriptsYG\Language\Editor\FontMasseInstallEditorWindow.cs(29,44): warning CS0618: 'Object.FindObjectsByType<T>(FindObjectsInactive, FindObjectsSortMode)' is obsolete: 'FindObjectsByType with FindObjectsSortMode parameter has been deprecated. Use FindObjectsByType<T>() or FindObjectsByType<T>(FindObjectsInactive) instead. InstanceID will be replaced in the future with EntityId and previous sort order cannot be maintained.'

Assets\YandexGame\ScriptsYG\Language\Editor\AutoLocalizationMasseWindow.cs(33,106): warning CS0618: 'FindObjectsSortMode' is obsolete: 'FindObjectsSortMode has been deprecated. Use the FindObjectsByType overloads that do not take a FindObjectsSortMode parameter.'

Assets\YandexGame\ScriptsYG\Language\Editor\AutoLocalizationMasseWindow.cs(33,42): warning CS0618: 'Object.FindObjectsByType<T>(FindObjectsInactive, FindObjectsSortMode)' is obsolete: 'FindObjectsByType with FindObjectsSortMode parameter has been deprecated. Use FindObjectsByType<T>() or FindObjectsByType<T>(FindObjectsInactive) instead. InstanceID will be replaced in the future with EntityId and previous sort order cannot be maintained.'

Assets\YandexGame\ScriptsYG\Language\Editor\AutoLocalizationMasseWindow.cs(53,118): warning CS0618: 'FindObjectsSortMode' is obsolete: 'FindObjectsSortMode has been deprecated. Use the FindObjectsByType overloads that do not take a FindObjectsSortMode parameter.'

Assets\YandexGame\ScriptsYG\Language\Editor\AutoLocalizationMasseWindow.cs(53,48): warning CS0618: 'Object.FindObjectsByType<T>(FindObjectsInactive, FindObjectsSortMode)' is obsolete: 'FindObjectsByType with FindObjectsSortMode parameter has been deprecated. Use FindObjectsByType<T>() or FindObjectsByType<T>(FindObjectsInactive) instead. InstanceID will be replaced in the future with EntityId and previous sort order cannot be maintained.'

Assets\YandexGame\ScriptsYG\Language\Editor\CSVFileEditorWindow.cs(30,85): warning CS0618: 'FindObjectsSortMode' is obsolete: 'FindObjectsSortMode has been deprecated. Use the FindObjectsByType overloads that do not take a FindObjectsSortMode parameter.'

Assets\YandexGame\ScriptsYG\Language\Editor\CSVFileEditorWindow.cs(30,44): warning CS0618: 'Object.FindObjectsByType<T>(FindObjectsSortMode)' is obsolete: 'FindObjectsByType with FindObjectsSortMode parameter has been deprecated. Use FindObjectsByType<T>() or FindObjectsByType<T>(FindObjectsInactive) instead. InstanceID will be replaced in the future with EntityId and previous sort order cannot be maintained.'
[1148/1154  0s] ILPostProcess Library/Bee/artifacts/1900b0aE.dag/post-processed/Assembly-CSharp.dll (+pdb)
Processing assembly Library/Bee/artifacts/1900b0aE.dag/Assembly-CSharp.dll, with 143 defines and 358 references

processors: Unity.Jobs.CodeGen.JobsILPostProcessor, zzzUnity.Burst.CodeGen.BurstILPostProcessor

running Unity.Jobs.CodeGen.JobsILPostProcessor

running zzzUnity.Burst.CodeGen.BurstILPostProcessor
[1149/1154  0s] CopyFiles Library/ScriptAssemblies/Assembly-CSharp.pdb
[1150/1154  0s] CopyFiles Library/ScriptAssemblies/Assembly-CSharp.dll
[1151/1154  0s] ILPostProcess Library/Bee/artifacts/1900b0aE.dag/post-processed/Assembly-CSharp-Editor.dll (+pdb)
Processing assembly Library/Bee/artifacts/1900b0aE.dag/Assembly-CSharp-Editor.dll, with 141 defines and 380 references

processors: Unity.Jobs.CodeGen.JobsILPostProcessor, zzzUnity.Burst.CodeGen.BurstILPostProcessor

running Unity.Jobs.CodeGen.JobsILPostProcessor

running zzzUnity.Burst.CodeGen.BurstILPostProcessor
[1152/1154  0s] CopyFiles Library/ScriptAssemblies/Assembly-CSharp-Editor.pdb
[1153/1154  0s] CopyFiles Library/ScriptAssemblies/Assembly-CSharp-Editor.dll
*** Tundra build success (3.50 seconds), 10 items updated, 1154 evaluated
Assets\PickupItem.cs(13,21): warning CS0618: 'Object.FindFirstObjectByType<T>()' is obsolete: 'FindFirstObjectByType has been deprecated because it relies on instance ID ordering. Use FindAnyObjectByType instead, which does not depend on ordering.'
Assets\Portal.cs(34,60): warning CS0618: 'FindObjectsSortMode' is obsolete: 'FindObjectsSortMode has been deprecated. Use the FindObjectsByType overloads that do not take a FindObjectsSortMode parameter.'
Assets\Portal.cs(34,32): warning CS0618: 'Object.FindObjectsByType<T>(FindObjectsSortMode)' is obsolete: 'FindObjectsByType with FindObjectsSortMode parameter has been deprecated. Use FindObjectsByType<T>() or FindObjectsByType<T>(FindObjectsInactive) instead. InstanceID will be replaced in the future with EntityId and previous sort order cannot be maintained.'
Assets\SaveSystem.cs(59,70): warning CS0618: 'FindObjectsSortMode' is obsolete: 'FindObjectsSortMode has been deprecated. Use the FindObjectsByType overloads that do not take a FindObjectsSortMode parameter.'
Assets\SaveSystem.cs(59,33): warning CS0618: 'Object.FindObjectsByType<T>(FindObjectsSortMode)' is obsolete: 'FindObjectsByType with FindObjectsSortMode parameter has been deprecated. Use FindObjectsByType<T>() or FindObjectsByType<T>(FindObjectsInactive) instead. InstanceID will be replaced in the future with EntityId and previous sort order cannot be maintained.'
Assets\SaveSystem.cs(16,36): warning UAC1009: Field 'levelDictinonary' uses an unsupported type 'System.Collections.Generic.Dictionary<int, string>'. Refer to the Serialization rules analyzer reference. (https://docs.unity3d.com/6000.5/Documentation/Manual/script-serialization-analyzer.html#uac1009)
Assets\YandexGame\ScriptsYG\Leaderboards\LBPlayerDataYG.cs(45,21): warning UAC1001: Field 'data' type 'YG.LBPlayerDataYG.Data' is skipped by serialization (missing the [Serializable] attribute). Refer to the Serialization rules analyzer reference. (https://docs.unity3d.com/6000.5/Documentation/Manual/script-serialization-analyzer.html#uac1001)
Assets\YandexGame\ScriptsYG\Language\Editor\FontMasseInstallEditorWindow.cs(29,114): warning CS0618: 'FindObjectsSortMode' is obsolete: 'FindObjectsSortMode has been deprecated. Use the FindObjectsByType overloads that do not take a FindObjectsSortMode parameter.'
Assets\YandexGame\ScriptsYG\Language\Editor\FontMasseInstallEditorWindow.cs(29,44): warning CS0618: 'Object.FindObjectsByType<T>(FindObjectsInactive, FindObjectsSortMode)' is obsolete: 'FindObjectsByType with FindObjectsSortMode parameter has been deprecated. Use FindObjectsByType<T>() or FindObjectsByType<T>(FindObjectsInactive) instead. InstanceID will be replaced in the future with EntityId and previous sort order cannot be maintained.'
Assets\YandexGame\ScriptsYG\Language\Editor\AutoLocalizationMasseWindow.cs(33,106): warning CS0618: 'FindObjectsSortMode' is obsolete: 'FindObjectsSortMode has been deprecated. Use the FindObjectsByType overloads that do not take a FindObjectsSortMode parameter.'
Assets\YandexGame\ScriptsYG\Language\Editor\AutoLocalizationMasseWindow.cs(33,42): warning CS0618: 'Object.FindObjectsByType<T>(FindObjectsInactive, FindObjectsSortMode)' is obsolete: 'FindObjectsByType with FindObjectsSortMode parameter has been deprecated. Use FindObjectsByType<T>() or FindObjectsByType<T>(FindObjectsInactive) instead. InstanceID will be replaced in the future with EntityId and previous sort order cannot be maintained.'
Assets\YandexGame\ScriptsYG\Language\Editor\AutoLocalizationMasseWindow.cs(53,118): warning CS0618: 'FindObjectsSortMode' is obsolete: 'FindObjectsSortMode has been deprecated. Use the FindObjectsByType overloads that do not take a FindObjectsSortMode parameter.'
Assets\YandexGame\ScriptsYG\Language\Editor\AutoLocalizationMasseWindow.cs(53,48): warning CS0618: 'Object.FindObjectsByType<T>(FindObjectsInactive, FindObjectsSortMode)' is obsolete: 'FindObjectsByType with FindObjectsSortMode parameter has been deprecated. Use FindObjectsByType<T>() or FindObjectsByType<T>(FindObjectsInactive) instead. InstanceID will be replaced in the future with EntityId and previous sort order cannot be maintained.'
Assets\YandexGame\ScriptsYG\Language\Editor\CSVFileEditorWindow.cs(30,85): warning CS0618: 'FindObjectsSortMode' is obsolete: 'FindObjectsSortMode has been deprecated. Use the FindObjectsByType overloads that do not take a FindObjectsSortMode parameter.'
Assets\YandexGame\ScriptsYG\Language\Editor\CSVFileEditorWindow.cs(30,44): warning CS0618: 'Object.FindObjectsByType<T>(FindObjectsSortMode)' is obsolete: 'FindObjectsByType with FindObjectsSortMode parameter has been deprecated. Use FindObjectsByType<T>() or FindObjectsByType<T>(FindObjectsInactive) instead. InstanceID will be replaced in the future with EntityId and previous sort order cannot be maintained.'
Reloading assemblies after finishing script compilation.
Reloading assemblies after forced synchronous recompile.
Begin MonoManager ReloadAssembly
Symbol file LoadedFromMemory is not a mono symbol file
Refreshing native plugins compatible for Editor in 6.42 ms, found 5 plugins.
Native extension for WindowsStandalone target not found
[MODES] ModeService[none].Initialize
[MODES] ModeService[none].LoadModes
ScheduleIndexationOnStartup MainProcess:True IndexOnStartup:True
Mono: successfully reloaded assembly
- Finished resetting the current domain, in  4.869 seconds
Domain Reload Profiling: 8497ms
	BeginReloadAssembly (2751ms)
		DisableScriptedObjects (659ms)
		CreateAndSetChildDomain (1238ms)
	RebuildCommonClasses (29ms)
	RebuildNativeTypeToScriptingClass (66ms)
	initialDomainReloadingComplete (143ms)
	LoadAllAssembliesAndSetupDomain (635ms)
		LoadAssemblies (408ms)
		AnalyzeDomain (395ms)
			TypeCache.Refresh (18ms)
				TypeCache.ScanAssembly (3ms)
			BuildScriptInfoCaches (333ms)
			ResolveRequiredComponents (42ms)
	FinalizeReload (4872ms)
		SetupLoadedEditorAssemblies (0ms)
			BeforeProcessingInitializeOnLoad (314ms)
			ProcessInitializeOnLoadAttributes (815ms)
			ProcessInitializeOnLoadMethodAttributes (654ms)
			AfterProcessingInitializeOnLoad (29ms)
		AwakeInstancesAfterBackupRestoration (2121ms)
Refreshing native plugins compatible for Editor in 16.55 ms, found 5 plugins.

Asset Pipeline Refresh (id=676272ac4ce813343898aae29610e2b1): Total: 9.596 seconds - Initiated by StopAssetImportingV2(ForceSynchronousImport | ForceDomainReload)
	(Values over 0.05ms)
	Summary:
		Imports: total=0 (actual=0, local cache=0, cache server=0)
		Asset DB Process Time: managed=0 ms, native=5289 ms
		Asset DB Callback time: managed=210 ms, native=189 ms
		Scripting: domain reloads=1, domain reload time=3898 ms, compile time=7 ms, other=0 ms
		Project Asset Count: scripts=1714, non-scripts=3385
		Asset File Changes: new=0, changed=0, moved=0, deleted=0
		Scan Filter Count: 0
	InvokePackagesCallback: 7.942ms
	ApplyChangesToAssetFolders: 1.043ms
	Collect global state as custom dependencies: 7.591ms
	ProcessAssetsWithTransientArtifactChanges: 8.488ms
	CategorizeAssets: 163.388ms
	CompileScripts: 6.825ms
	ImportOutOfDateAssets: 5029.681ms (4917.988ms without children)
		CollectScriptTypesHashes: 2.892ms
		ReloadNativeAssets: 4.621ms
		UnloadImportedAssets: 0.283ms
		EnsureUptoDateAssetsAreRegisteredWithGuidPM: 1.827ms
		ImportSchedulerStart: 104.879ms
	PostProcessAllAssets: 216.648ms
		XRBuildSystem.XRAssetImported 4.546ms
		PostProcessCallbackCreateDeferredMaterials 0.153ms
		MonoPostProcessAllAssets: 210.767ms
			UniversalRenderPipelineGlobalSettingsPostprocessor.OnPostprocessAllAssets 37.211ms
			BuilderAssetPostprocessor.OnPostprocessAllAssets 22.295ms
			AssetChangedListener.OnPostprocessAllAssets 20.015ms
			AssetPostprocessor.OnPostprocessAllAssets 15.059ms
			SyncVS.PostprocessSyncProject 9.865ms
			SpriteSlicePostprocessor.OnPostprocessAllAssets 7.993ms
			WindowAssetPostprocessingWatcher.OnPostprocessAllAssets 7.143ms
			SpeedTree9Postprocessor.OnPostprocessAllAssets 6.350ms
			ShaderGraphAssetPostProcessor.OnPostprocessAllAssets 4.919ms
			RetainedModeAssetPostprocessor.OnPostprocessAllAssets 4.005ms
			EditModeScopePostprocessor.OnPostprocessAllAssets 3.265ms
			RenderPipelineGlobalSettingsPostprocessor.OnPostprocessAllAssets 2.886ms
			MaterialPostprocessor.OnPostprocessAllAssets 2.446ms
			ProjectSettingsPostprocessor.OnPostprocessAllAssets 2.304ms
			SpriteEditorTexturePostprocessor.OnPostprocessAllAssets 2.072ms
			SpriteShapeAssetPostProcessor.OnPostprocessAllAssets 2.002ms
			ArtifactBrowserPostProcessor.OnPostprocessAllAssets 1.953ms
			TMPro_TexturePostProcessor.OnPostprocessAllAssets 1.798ms
			TextAssetPostProcessor.OnPostprocessAllAssets 1.706ms
			ReferencedClipsPostProcessor.OnPostprocessAllAssets 1.472ms
			AudioMixerPostprocessor.OnPostprocessAllAssets 1.368ms
			InputActionAssetPostprocessor.OnPostprocessAllAssets 1.243ms
			ShaderReflectionAssetPostProcessor.OnPostprocessAllAssets 1.155ms
			UVCSAssetPostprocessor.OnPostprocessAllAssets 1.150ms
			InputActionJsonNameModifierAssetProcessor.OnPostprocessAllAssets 1.039ms
			AssetEvents.OnPostprocessAllAssets 0.983ms
			StyleCatalogPostProcessor.OnPostprocessAllAssets 0.921ms
			SampleDependencyImporterPostProcessor.OnPostprocessAllAssets 0.897ms
			PostProcessor.OnPostprocessAllAssets 0.818ms
			SpriteLibraryAssetPostprocessor.OnPostprocessAllAssets 0.716ms
			ScenarioDriftAssetsTracker.OnPostprocessAllAssets 0.565ms
			AssetDatabaseCallbacks.OnPostprocessAllAssets 0.544ms
			ConfigAssetsTracker.OnPostprocessAllAssets 0.507ms
			TerrainToolbarOverlayPostProcessor.OnPostprocessAllAssets 0.501ms
			SpeedTreePostProcessor.OnPostprocessAllAssets 0.495ms
			PSDImportPostProcessor.OnPostprocessAllAssets 0.446ms
			SamplePostprocessor.OnPostprocessAllAssets 0.425ms
			PSDImporterAssetPostProcessor.OnPostprocessAllAssets 0.377ms
			AssetReloadNotifier.OnPostprocessAllAssets 0.350ms
			AudioContainerPostProcessor.OnPostprocessAllAssets 0.294ms
			AssetProcessor.OnPostprocessAllAssets 0.182ms
	PostAssetChangesProfiler: 180.952ms
	GatherAllCurrentPrimaryImportResultRevisions: 0.474ms
	PersistCurrentRevisions: 0.472ms
	GenerateScriptTypeHashes: 14.209ms
	GenerateScriptTypeSerializationHashes: 24.260ms
	Untracked: 3958.490ms

[Licensing::Client] Successfully resolved entitlement details
[Licensing::Client] Successfully resolved entitlement details
[Worker1] Imported GUID: b5360d3cb40ea9b4288b4557f59b09d3 - Path: Assets/Poster.cs - Importer: PreviewImporter -> (ImportResultId: 'e82b2f67d442876dd0ee55b969b444a2') in 0.0664181 seconds
[ScriptCompilation] Requested script compilation because: AssetDatabase observed changes in script compilation related files
Refreshing native plugins compatible for Editor in 10.52 ms, found 5 plugins.

Asset Pipeline Refresh (id=075911d1158505c4f870ec3cd5790b7d): Total: 0.339 seconds - Initiated by RefreshV2(NoUpdateAssetOptions)
	(Values over 0.05ms)
	Summary:
		Imports: total=0 (actual=0, local cache=0, cache server=0)
		Asset DB Process Time: managed=0 ms, native=270 ms
		Asset DB Callback time: managed=7 ms, native=58 ms
		Scripting: domain reloads=0, domain reload time=0 ms, compile time=2 ms, other=0 ms
		Project Asset Count: scripts=1714, non-scripts=3385
		Asset File Changes: new=0, changed=1, moved=0, deleted=0
		Scan Filter Count: 0
	ApplyChangesToAssetFolders: 0.386ms
	Scan: 52.462ms
	Collect global state as custom dependencies: 1.069ms
	OnSourceAssetsModified: 1.828ms
	ProcessAssetsWithTransientArtifactChanges: 1.646ms
	CategorizeAssets: 51.057ms
	CompileScripts: 2.152ms
	ImportOutOfDateAssets: 144.393ms (23.429ms without children)
		ReloadNativeAssets: 0.123ms
		UnloadImportedAssets: 0.514ms
		EnsureUptoDateAssetsAreRegisteredWithGuidPM: 1.416ms
		ImportSchedulerStart: 118.902ms
	PostProcessAllAssets: 10.596ms
		XRBuildSystem.XRAssetImported 4.014ms
		PostProcessCallbackCreateDeferredMaterials 0.260ms
		MonoPostProcessAllAssets: 5.664ms
			SyncVS.PostprocessSyncProject 1.633ms
			AssetChangedListener.OnPostprocessAllAssets 0.694ms
			SpriteEditorTexturePostprocessor.OnPostprocessAllAssets 0.680ms
			SpriteShapeAssetPostProcessor.OnPostprocessAllAssets 0.505ms
			RenderPipelineGlobalSettingsPostprocessor.OnPostprocessAllAssets 0.280ms
			AssetPostprocessor.OnPostprocessAllAssets 0.251ms
			ShaderGraphAssetPostProcessor.OnPostprocessAllAssets 0.247ms
			UniversalRenderPipelineGlobalSettingsPostprocessor.OnPostprocessAllAssets 0.089ms
			SpriteSlicePostprocessor.OnPostprocessAllAssets 0.068ms
			MaterialPostprocessor.OnPostprocessAllAssets 0.064ms
			PostProcessor.OnPostprocessAllAssets 0.058ms
			TMPro_TexturePostProcessor.OnPostprocessAllAssets 0.050ms
	PostAssetChangesProfiler: 53.677ms
	GatherAllCurrentPrimaryImportResultRevisions: 0.608ms
	PersistCurrentRevisions: 0.725ms
	Untracked: 18.245ms

[Licensing::Client] Successfully resolved entitlement details
info: Microsoft.AspNetCore.Hosting.Diagnostics[1]
      Request starting HTTP/2 POST http://ilpp/UnityILPP.PostProcessing/Ping - application/grpc -
info: Microsoft.AspNetCore.Routing.EndpointMiddleware[0]
      Executing endpoint 'gRPC - /UnityILPP.PostProcessing/Ping'
info: Microsoft.AspNetCore.Routing.EndpointMiddleware[1]
      Executed endpoint 'gRPC - /UnityILPP.PostProcessing/Ping'
info: Microsoft.AspNetCore.Hosting.Diagnostics[2]
      Request finished HTTP/2 POST http://ilpp/UnityILPP.PostProcessing/Ping - 200 - application/grpc 0.3461ms
Starting: C:\Program Files\Unity\Hub\Editor\6000.5.8f1\Editor\Data\Tools\BuildPipeline\bee_backend.exe --ipc --defer-dag-verification --dagfile="Library/Bee/1900b0aE.dag" --continue-on-failure --profile="Library/Bee/backend1.traceevents" ScriptAssemblies
WorkingDir: C:/Users/sdziu/my_documents/0_repositories/whoops
info: Microsoft.AspNetCore.Hosting.Diagnostics[1]
      Request starting HTTP/2 POST http://ilpp/UnityILPP.PostProcessing/ConfigurePostProcessors - application/grpc -
info: Microsoft.AspNetCore.Routing.EndpointMiddleware[0]
      Executing endpoint 'gRPC - /UnityILPP.PostProcessing/ConfigurePostProcessors'
info: Unity.ILPP.Runner.PostProcessingAssemblyLoadContext[0]
      Current configuration matches the requested one, skipping
info: Microsoft.AspNetCore.Routing.EndpointMiddleware[1]
      Executed endpoint 'gRPC - /UnityILPP.PostProcessing/ConfigurePostProcessors'
info: Microsoft.AspNetCore.Hosting.Diagnostics[2]
      Request finished HTTP/2 POST http://ilpp/UnityILPP.PostProcessing/ConfigurePostProcessors - 200 - application/grpc 3.3581ms
[Worker1] Imported GUID: b5360d3cb40ea9b4288b4557f59b09d3 - Path: Assets/Poster.cs - Importer: PreviewImporter -> (ImportResultId: '8d9f290366b7f517ef78f06be756dccb') in 0.0517836 seconds
info: Microsoft.AspNetCore.Hosting.Diagnostics[1]
      Request starting HTTP/2 POST http://ilpp/UnityILPP.PostProcessing/PostProcessAssembly - application/grpc -
info: Microsoft.AspNetCore.Routing.EndpointMiddleware[0]
      Executing endpoint 'gRPC - /UnityILPP.PostProcessing/PostProcessAssembly'
info: Unity.ILPP.Runner.PostProcessingPipeline[0]
      Processing assembly Library/Bee/artifacts/1900b0aE.dag/Assembly-CSharp.dll, with 143 defines and 358 references
info: Unity.ILPP.Runner.PostProcessingPipeline[0]
      processors: Unity.Jobs.CodeGen.JobsILPostProcessor, zzzUnity.Burst.CodeGen.BurstILPostProcessor
info: Unity.ILPP.Runner.PostProcessingPipeline[0]
      running Unity.Jobs.CodeGen.JobsILPostProcessor
info: Unity.ILPP.Runner.PostProcessingPipeline[0]
      running zzzUnity.Burst.CodeGen.BurstILPostProcessor
info: Microsoft.AspNetCore.Routing.EndpointMiddleware[1]
      Executed endpoint 'gRPC - /UnityILPP.PostProcessing/PostProcessAssembly'
info: Microsoft.AspNetCore.Hosting.Diagnostics[2]
      Request finished HTTP/2 POST http://ilpp/UnityILPP.PostProcessing/PostProcessAssembly - 200 - application/grpc 118.8631ms
info: Microsoft.AspNetCore.Hosting.Diagnostics[1]
      Request starting HTTP/2 POST http://ilpp/UnityILPP.PostProcessing/PostProcessAssembly - application/grpc -
info: Microsoft.AspNetCore.Routing.EndpointMiddleware[0]
      Executing endpoint 'gRPC - /UnityILPP.PostProcessing/PostProcessAssembly'
info: Unity.ILPP.Runner.PostProcessingPipeline[0]
      Processing assembly Library/Bee/artifacts/1900b0aE.dag/Assembly-CSharp-Editor.dll, with 141 defines and 380 references
info: Unity.ILPP.Runner.PostProcessingPipeline[0]
      processors: Unity.Jobs.CodeGen.JobsILPostProcessor, zzzUnity.Burst.CodeGen.BurstILPostProcessor
info: Unity.ILPP.Runner.PostProcessingPipeline[0]
      running Unity.Jobs.CodeGen.JobsILPostProcessor
info: Unity.ILPP.Runner.PostProcessingPipeline[0]
      running zzzUnity.Burst.CodeGen.BurstILPostProcessor
info: Microsoft.AspNetCore.Routing.EndpointMiddleware[1]
      Executed endpoint 'gRPC - /UnityILPP.PostProcessing/PostProcessAssembly'
info: Microsoft.AspNetCore.Hosting.Diagnostics[2]
      Request finished HTTP/2 POST http://ilpp/UnityILPP.PostProcessing/PostProcessAssembly - 200 - application/grpc 48.4680ms
ExitCode: 0 Duration: 2s632ms
[ 893/1154  0s] ILPP-Configuration Library/ilpp-configuration.nevergeneratedoutput
[1146/1154  0s] Csc Library/Bee/artifacts/1900b0aE.dag/Assembly-CSharp.dll (+2 others)
Assets\PickupItem.cs(13,21): warning CS0618: 'Object.FindFirstObjectByType<T>()' is obsolete: 'FindFirstObjectByType has been deprecated because it relies on instance ID ordering. Use FindAnyObjectByType instead, which does not depend on ordering.'

Assets\Portal.cs(34,60): warning CS0618: 'FindObjectsSortMode' is obsolete: 'FindObjectsSortMode has been deprecated. Use the FindObjectsByType overloads that do not take a FindObjectsSortMode parameter.'

Assets\Portal.cs(34,32): warning CS0618: 'Object.FindObjectsByType<T>(FindObjectsSortMode)' is obsolete: 'FindObjectsByType with FindObjectsSortMode parameter has been deprecated. Use FindObjectsByType<T>() or FindObjectsByType<T>(FindObjectsInactive) instead. InstanceID will be replaced in the future with EntityId and previous sort order cannot be maintained.'

Assets\SaveSystem.cs(59,70): warning CS0618: 'FindObjectsSortMode' is obsolete: 'FindObjectsSortMode has been deprecated. Use the FindObjectsByType overloads that do not take a FindObjectsSortMode parameter.'

Assets\SaveSystem.cs(59,33): warning CS0618: 'Object.FindObjectsByType<T>(FindObjectsSortMode)' is obsolete: 'FindObjectsByType with FindObjectsSortMode parameter has been deprecated. Use FindObjectsByType<T>() or FindObjectsByType<T>(FindObjectsInactive) instead. InstanceID will be replaced in the future with EntityId and previous sort order cannot be maintained.'

Assets\SaveSystem.cs(16,36): warning UAC1009: Field 'levelDictinonary' uses an unsupported type 'System.Collections.Generic.Dictionary<int, string>'. Refer to the Serialization rules analyzer reference. (https://docs.unity3d.com/6000.5/Documentation/Manual/script-serialization-analyzer.html#uac1009)

Assets\YandexGame\ScriptsYG\Leaderboards\LBPlayerDataYG.cs(45,21): warning UAC1001: Field 'data' type 'YG.LBPlayerDataYG.Data' is skipped by serialization (missing the [Serializable] attribute). Refer to the Serialization rules analyzer reference. (https://docs.unity3d.com/6000.5/Documentation/Manual/script-serialization-analyzer.html#uac1001)
[1147/1154  0s] Csc Library/Bee/artifacts/1900b0aE.dag/Assembly-CSharp-Editor.dll (+2 others)
Assets\YandexGame\ScriptsYG\Language\Editor\FontMasseInstallEditorWindow.cs(29,114): warning CS0618: 'FindObjectsSortMode' is obsolete: 'FindObjectsSortMode has been deprecated. Use the FindObjectsByType overloads that do not take a FindObjectsSortMode parameter.'

Assets\YandexGame\ScriptsYG\Language\Editor\FontMasseInstallEditorWindow.cs(29,44): warning CS0618: 'Object.FindObjectsByType<T>(FindObjectsInactive, FindObjectsSortMode)' is obsolete: 'FindObjectsByType with FindObjectsSortMode parameter has been deprecated. Use FindObjectsByType<T>() or FindObjectsByType<T>(FindObjectsInactive) instead. InstanceID will be replaced in the future with EntityId and previous sort order cannot be maintained.'

Assets\YandexGame\ScriptsYG\Language\Editor\AutoLocalizationMasseWindow.cs(33,106): warning CS0618: 'FindObjectsSortMode' is obsolete: 'FindObjectsSortMode has been deprecated. Use the FindObjectsByType overloads that do not take a FindObjectsSortMode parameter.'

Assets\YandexGame\ScriptsYG\Language\Editor\AutoLocalizationMasseWindow.cs(33,42): warning CS0618: 'Object.FindObjectsByType<T>(FindObjectsInactive, FindObjectsSortMode)' is obsolete: 'FindObjectsByType with FindObjectsSortMode parameter has been deprecated. Use FindObjectsByType<T>() or FindObjectsByType<T>(FindObjectsInactive) instead. InstanceID will be replaced in the future with EntityId and previous sort order cannot be maintained.'

Assets\YandexGame\ScriptsYG\Language\Editor\AutoLocalizationMasseWindow.cs(53,118): warning CS0618: 'FindObjectsSortMode' is obsolete: 'FindObjectsSortMode has been deprecated. Use the FindObjectsByType overloads that do not take a FindObjectsSortMode parameter.'

Assets\YandexGame\ScriptsYG\Language\Editor\AutoLocalizationMasseWindow.cs(53,48): warning CS0618: 'Object.FindObjectsByType<T>(FindObjectsInactive, FindObjectsSortMode)' is obsolete: 'FindObjectsByType with FindObjectsSortMode parameter has been deprecated. Use FindObjectsByType<T>() or FindObjectsByType<T>(FindObjectsInactive) instead. InstanceID will be replaced in the future with EntityId and previous sort order cannot be maintained.'

Assets\YandexGame\ScriptsYG\Language\Editor\CSVFileEditorWindow.cs(30,85): warning CS0618: 'FindObjectsSortMode' is obsolete: 'FindObjectsSortMode has been deprecated. Use the FindObjectsByType overloads that do not take a FindObjectsSortMode parameter.'

Assets\YandexGame\ScriptsYG\Language\Editor\CSVFileEditorWindow.cs(30,44): warning CS0618: 'Object.FindObjectsByType<T>(FindObjectsSortMode)' is obsolete: 'FindObjectsByType with FindObjectsSortMode parameter has been deprecated. Use FindObjectsByType<T>() or FindObjectsByType<T>(FindObjectsInactive) instead. InstanceID will be replaced in the future with EntityId and previous sort order cannot be maintained.'
[1148/1154  0s] ILPostProcess Library/Bee/artifacts/1900b0aE.dag/post-processed/Assembly-CSharp.dll (+pdb)
Processing assembly Library/Bee/artifacts/1900b0aE.dag/Assembly-CSharp.dll, with 143 defines and 358 references

processors: Unity.Jobs.CodeGen.JobsILPostProcessor, zzzUnity.Burst.CodeGen.BurstILPostProcessor

running Unity.Jobs.CodeGen.JobsILPostProcessor

running zzzUnity.Burst.CodeGen.BurstILPostProcessor
[1149/1154  0s] CopyFiles Library/ScriptAssemblies/Assembly-CSharp.pdb
[1150/1154  0s] CopyFiles Library/ScriptAssemblies/Assembly-CSharp.dll
[1151/1154  0s] ILPostProcess Library/Bee/artifacts/1900b0aE.dag/post-processed/Assembly-CSharp-Editor.dll (+pdb)
Processing assembly Library/Bee/artifacts/1900b0aE.dag/Assembly-CSharp-Editor.dll, with 141 defines and 380 references

processors: Unity.Jobs.CodeGen.JobsILPostProcessor, zzzUnity.Burst.CodeGen.BurstILPostProcessor

running Unity.Jobs.CodeGen.JobsILPostProcessor

running zzzUnity.Burst.CodeGen.BurstILPostProcessor
[1152/1154  0s] CopyFiles Library/ScriptAssemblies/Assembly-CSharp-Editor.pdb
[1153/1154  0s] CopyFiles Library/ScriptAssemblies/Assembly-CSharp-Editor.dll
*** Tundra build success (2.55 seconds), 9 items updated, 1154 evaluated
Assets\PickupItem.cs(13,21): warning CS0618: 'Object.FindFirstObjectByType<T>()' is obsolete: 'FindFirstObjectByType has been deprecated because it relies on instance ID ordering. Use FindAnyObjectByType instead, which does not depend on ordering.'
Assets\Portal.cs(34,60): warning CS0618: 'FindObjectsSortMode' is obsolete: 'FindObjectsSortMode has been deprecated. Use the FindObjectsByType overloads that do not take a FindObjectsSortMode parameter.'
Assets\Portal.cs(34,32): warning CS0618: 'Object.FindObjectsByType<T>(FindObjectsSortMode)' is obsolete: 'FindObjectsByType with FindObjectsSortMode parameter has been deprecated. Use FindObjectsByType<T>() or FindObjectsByType<T>(FindObjectsInactive) instead. InstanceID will be replaced in the future with EntityId and previous sort order cannot be maintained.'
Assets\SaveSystem.cs(59,70): warning CS0618: 'FindObjectsSortMode' is obsolete: 'FindObjectsSortMode has been deprecated. Use the FindObjectsByType overloads that do not take a FindObjectsSortMode parameter.'
Assets\SaveSystem.cs(59,33): warning CS0618: 'Object.FindObjectsByType<T>(FindObjectsSortMode)' is obsolete: 'FindObjectsByType with FindObjectsSortMode parameter has been deprecated. Use FindObjectsByType<T>() or FindObjectsByType<T>(FindObjectsInactive) instead. InstanceID will be replaced in the future with EntityId and previous sort order cannot be maintained.'
Assets\SaveSystem.cs(16,36): warning UAC1009: Field 'levelDictinonary' uses an unsupported type 'System.Collections.Generic.Dictionary<int, string>'. Refer to the Serialization rules analyzer reference. (https://docs.unity3d.com/6000.5/Documentation/Manual/script-serialization-analyzer.html#uac1009)
Assets\YandexGame\ScriptsYG\Leaderboards\LBPlayerDataYG.cs(45,21): warning UAC1001: Field 'data' type 'YG.LBPlayerDataYG.Data' is skipped by serialization (missing the [Serializable] attribute). Refer to the Serialization rules analyzer reference. (https://docs.unity3d.com/6000.5/Documentation/Manual/script-serialization-analyzer.html#uac1001)
Assets\YandexGame\ScriptsYG\Language\Editor\FontMasseInstallEditorWindow.cs(29,114): warning CS0618: 'FindObjectsSortMode' is obsolete: 'FindObjectsSortMode has been deprecated. Use the FindObjectsByType overloads that do not take a FindObjectsSortMode parameter.'
Assets\YandexGame\ScriptsYG\Language\Editor\FontMasseInstallEditorWindow.cs(29,44): warning CS0618: 'Object.FindObjectsByType<T>(FindObjectsInactive, FindObjectsSortMode)' is obsolete: 'FindObjectsByType with FindObjectsSortMode parameter has been deprecated. Use FindObjectsByType<T>() or FindObjectsByType<T>(FindObjectsInactive) instead. InstanceID will be replaced in the future with EntityId and previous sort order cannot be maintained.'
Assets\YandexGame\ScriptsYG\Language\Editor\AutoLocalizationMasseWindow.cs(33,106): warning CS0618: 'FindObjectsSortMode' is obsolete: 'FindObjectsSortMode has been deprecated. Use the FindObjectsByType overloads that do not take a FindObjectsSortMode parameter.'
Assets\YandexGame\ScriptsYG\Language\Editor\AutoLocalizationMasseWindow.cs(33,42): warning CS0618: 'Object.FindObjectsByType<T>(FindObjectsInactive, FindObjectsSortMode)' is obsolete: 'FindObjectsByType with FindObjectsSortMode parameter has been deprecated. Use FindObjectsByType<T>() or FindObjectsByType<T>(FindObjectsInactive) instead. InstanceID will be replaced in the future with EntityId and previous sort order cannot be maintained.'
Assets\YandexGame\ScriptsYG\Language\Editor\AutoLocalizationMasseWindow.cs(53,118): warning CS0618: 'FindObjectsSortMode' is obsolete: 'FindObjectsSortMode has been deprecated. Use the FindObjectsByType overloads that do not take a FindObjectsSortMode parameter.'
Assets\YandexGame\ScriptsYG\Language\Editor\AutoLocalizationMasseWindow.cs(53,48): warning CS0618: 'Object.FindObjectsByType<T>(FindObjectsInactive, FindObjectsSortMode)' is obsolete: 'FindObjectsByType with FindObjectsSortMode parameter has been deprecated. Use FindObjectsByType<T>() or FindObjectsByType<T>(FindObjectsInactive) instead. InstanceID will be replaced in the future with EntityId and previous sort order cannot be maintained.'
Assets\YandexGame\ScriptsYG\Language\Editor\CSVFileEditorWindow.cs(30,85): warning CS0618: 'FindObjectsSortMode' is obsolete: 'FindObjectsSortMode has been deprecated. Use the FindObjectsByType overloads that do not take a FindObjectsSortMode parameter.'
Assets\YandexGame\ScriptsYG\Language\Editor\CSVFileEditorWindow.cs(30,44): warning CS0618: 'Object.FindObjectsByType<T>(FindObjectsSortMode)' is obsolete: 'FindObjectsByType with FindObjectsSortMode parameter has been deprecated. Use FindObjectsByType<T>() or FindObjectsByType<T>(FindObjectsInactive) instead. InstanceID will be replaced in the future with EntityId and previous sort order cannot be maintained.'
Reloading assemblies after finishing script compilation.
Reloading assemblies after forced synchronous recompile.
Begin MonoManager ReloadAssembly
Total cache size 268408592
Total cache size after purge 268408592, took 00:00:02.3487633
Symbol file LoadedFromMemory is not a mono symbol file
Refreshing native plugins compatible for Editor in 16.19 ms, found 5 plugins.
Native extension for WindowsStandalone target not found
[MODES] ModeService[none].Initialize
[MODES] ModeService[none].LoadModes
ScheduleIndexationOnStartup MainProcess:True IndexOnStartup:True
Mono: successfully reloaded assembly
- Finished resetting the current domain, in  6.816 seconds
Domain Reload Profiling: 11405ms
	BeginReloadAssembly (2779ms)
		DisableScriptedObjects (665ms)
		CreateAndSetChildDomain (1203ms)
	RebuildCommonClasses (28ms)
	RebuildNativeTypeToScriptingClass (56ms)
	initialDomainReloadingComplete (268ms)
	LoadAllAssembliesAndSetupDomain (1454ms)
		LoadAssemblies (528ms)
		AnalyzeDomain (876ms)
			TypeCache.Refresh (41ms)
				TypeCache.ScanAssembly (6ms)
			BuildScriptInfoCaches (749ms)
			ResolveRequiredComponents (82ms)
	FinalizeReload (6820ms)
		SetupLoadedEditorAssemblies (0ms)
			InitializePlatformSupportModulesInManaged (6ms)
			BeforeProcessingInitializeOnLoad (751ms)
			ProcessInitializeOnLoadAttributes (1482ms)
			ProcessInitializeOnLoadMethodAttributes (628ms)
			AfterProcessingInitializeOnLoad (31ms)
		AwakeInstancesAfterBackupRestoration (2113ms)
Refreshing native plugins compatible for Editor in 15.76 ms, found 5 plugins.

Asset Pipeline Refresh (id=a866b72377e5ddc4aa238a70f046475f): Total: 12.600 seconds - Initiated by StopAssetImportingV2(ForceSynchronousImport | ForceDomainReload)
	(Values over 0.05ms)
	Summary:
		Imports: total=0 (actual=0, local cache=0, cache server=0)
		Asset DB Process Time: managed=0 ms, native=7327 ms
		Asset DB Callback time: managed=201 ms, native=198 ms
		Scripting: domain reloads=1, domain reload time=4864 ms, compile time=8 ms, other=0 ms
		Project Asset Count: scripts=1714, non-scripts=3385
		Asset File Changes: new=0, changed=0, moved=0, deleted=0
		Scan Filter Count: 0
	InvokePackagesCallback: 7.999ms
	ApplyChangesToAssetFolders: 0.993ms
	Collect global state as custom dependencies: 10.237ms
	ProcessAssetsWithTransientArtifactChanges: 15.844ms
	CategorizeAssets: 183.447ms
	CompileScripts: 7.510ms
	ImportOutOfDateAssets: 6989.542ms (6876.030ms without children)
		CollectScriptTypesHashes: 2.889ms
		ReloadNativeAssets: 4.520ms
		UnloadImportedAssets: 0.574ms
		EnsureUptoDateAssetsAreRegisteredWithGuidPM: 2.099ms
		ImportSchedulerStart: 106.226ms
	PostProcessAllAssets: 208.070ms
		XRBuildSystem.XRAssetImported 5.272ms
		PostProcessCallbackCreateDeferredMaterials 0.053ms
		MonoPostProcessAllAssets: 201.394ms
			UniversalRenderPipelineGlobalSettingsPostprocessor.OnPostprocessAllAssets 34.719ms
			AssetChangedListener.OnPostprocessAllAssets 19.706ms
			BuilderAssetPostprocessor.OnPostprocessAllAssets 19.078ms
			AssetPostprocessor.OnPostprocessAllAssets 12.637ms
			SyncVS.PostprocessSyncProject 9.488ms
			SpeedTree9Postprocessor.OnPostprocessAllAssets 7.918ms
			SpriteSlicePostprocessor.OnPostprocessAllAssets 7.691ms
			WindowAssetPostprocessingWatcher.OnPostprocessAllAssets 6.074ms
			ShaderGraphAssetPostProcessor.OnPostprocessAllAssets 4.998ms
			RetainedModeAssetPostprocessor.OnPostprocessAllAssets 3.847ms
			EditModeScopePostprocessor.OnPostprocessAllAssets 2.903ms
			MaterialPostprocessor.OnPostprocessAllAssets 2.459ms
			RenderPipelineGlobalSettingsPostprocessor.OnPostprocessAllAssets 2.399ms
			SpriteEditorTexturePostprocessor.OnPostprocessAllAssets 2.189ms
			ProjectSettingsPostprocessor.OnPostprocessAllAssets 2.174ms
			SpriteShapeAssetPostProcessor.OnPostprocessAllAssets 1.975ms
			ArtifactBrowserPostProcessor.OnPostprocessAllAssets 1.659ms
			TMPro_TexturePostProcessor.OnPostprocessAllAssets 1.649ms
			TextAssetPostProcessor.OnPostprocessAllAssets 1.188ms
			InputActionAssetPostprocessor.OnPostprocessAllAssets 1.160ms
			AudioMixerPostprocessor.OnPostprocessAllAssets 1.134ms
			ShaderReflectionAssetPostProcessor.OnPostprocessAllAssets 1.004ms
			UVCSAssetPostprocessor.OnPostprocessAllAssets 0.987ms
			ReferencedClipsPostProcessor.OnPostprocessAllAssets 0.906ms
			StyleCatalogPostProcessor.OnPostprocessAllAssets 0.884ms
			InputActionJsonNameModifierAssetProcessor.OnPostprocessAllAssets 0.882ms
			AssetEvents.OnPostprocessAllAssets 0.857ms
			SampleDependencyImporterPostProcessor.OnPostprocessAllAssets 0.821ms
			PostProcessor.OnPostprocessAllAssets 0.792ms
			SpriteLibraryAssetPostprocessor.OnPostprocessAllAssets 0.747ms
			SpeedTreePostProcessor.OnPostprocessAllAssets 0.603ms
			SamplePostprocessor.OnPostprocessAllAssets 0.565ms
			TerrainToolbarOverlayPostProcessor.OnPostprocessAllAssets 0.556ms
			ConfigAssetsTracker.OnPostprocessAllAssets 0.460ms
			PSDImportPostProcessor.OnPostprocessAllAssets 0.459ms
			AssetDatabaseCallbacks.OnPostprocessAllAssets 0.448ms
			ScenarioDriftAssetsTracker.OnPostprocessAllAssets 0.369ms
			PSDImporterAssetPostProcessor.OnPostprocessAllAssets 0.342ms
			AssetReloadNotifier.OnPostprocessAllAssets 0.333ms
			AudioContainerPostProcessor.OnPostprocessAllAssets 0.273ms
			AssetProcessor.OnPostprocessAllAssets 0.207ms
	PostAssetChangesProfiler: 190.678ms
	GatherAllCurrentPrimaryImportResultRevisions: 0.494ms
	PersistCurrentRevisions: 0.511ms
	GenerateScriptTypeHashes: 15.263ms
	GenerateScriptTypeSerializationHashes: 25.254ms
	Untracked: 4969.710ms

[Licensing::Client] Successfully resolved entitlement details
[Licensing::Client] Successfully resolved entitlement details
[ScriptCompilation] Requested script compilation because: AssetDatabase observed changes in script compilation related files
Refreshing native plugins compatible for Editor in 13.98 ms, found 5 plugins.
Asset Pipeline Refresh (id=890bdb6021fb3aa46875892ec90c2890): Total: 0.261 seconds - Initiated by RefreshV2(NoUpdateAssetOptions)
info: Microsoft.AspNetCore.Hosting.Diagnostics[1]
      Request starting HTTP/2 POST http://ilpp/UnityILPP.PostProcessing/Ping - application/grpc -
info: Microsoft.AspNetCore.Routing.EndpointMiddleware[0]
      Executing endpoint 'gRPC - /UnityILPP.PostProcessing/Ping'
info: Microsoft.AspNetCore.Routing.EndpointMiddleware[1]
      Executed endpoint 'gRPC - /UnityILPP.PostProcessing/Ping'
info: Microsoft.AspNetCore.Hosting.Diagnostics[2]
      Request finished HTTP/2 POST http://ilpp/UnityILPP.PostProcessing/Ping - 200 - application/grpc 1.2311ms
Starting: C:\Program Files\Unity\Hub\Editor\6000.5.8f1\Editor\Data\Tools\BuildPipeline\bee_backend.exe --ipc --defer-dag-verification --dagfile="Library/Bee/1900b0aE.dag" --continue-on-failure --profile="Library/Bee/backend1.traceevents" ScriptAssemblies
WorkingDir: C:/Users/sdziu/my_documents/0_repositories/whoops
info: Microsoft.AspNetCore.Hosting.Diagnostics[1]
      Request starting HTTP/2 POST http://ilpp/UnityILPP.PostProcessing/ConfigurePostProcessors - application/grpc -
info: Microsoft.AspNetCore.Routing.EndpointMiddleware[0]
      Executing endpoint 'gRPC - /UnityILPP.PostProcessing/ConfigurePostProcessors'
info: Unity.ILPP.Runner.PostProcessingAssemblyLoadContext[0]
      Current configuration matches the requested one, skipping
info: Microsoft.AspNetCore.Routing.EndpointMiddleware[1]
      Executed endpoint 'gRPC - /UnityILPP.PostProcessing/ConfigurePostProcessors'
info: Microsoft.AspNetCore.Hosting.Diagnostics[2]
      Request finished HTTP/2 POST http://ilpp/UnityILPP.PostProcessing/ConfigurePostProcessors - 200 - application/grpc 2.1854ms
info: Microsoft.AspNetCore.Hosting.Diagnostics[1]
      Request starting HTTP/2 POST http://ilpp/UnityILPP.PostProcessing/PostProcessAssembly - application/grpc -
info: Microsoft.AspNetCore.Routing.EndpointMiddleware[0]
      Executing endpoint 'gRPC - /UnityILPP.PostProcessing/PostProcessAssembly'
info: Microsoft.AspNetCore.Hosting.Diagnostics[1]
      Request starting HTTP/2 POST http://ilpp/UnityILPP.PostProcessing/PostProcessAssembly - application/grpc -
info: Microsoft.AspNetCore.Routing.EndpointMiddleware[0]
      Executing endpoint 'gRPC - /UnityILPP.PostProcessing/PostProcessAssembly'
info: Unity.ILPP.Runner.PostProcessingPipeline[0]
      Processing assembly Library/Bee/artifacts/1900b0aE.dag/Assembly-CSharp-Editor.dll, with 141 defines and 380 references
info: Unity.ILPP.Runner.PostProcessingPipeline[0]
      processors: Unity.Jobs.CodeGen.JobsILPostProcessor, zzzUnity.Burst.CodeGen.BurstILPostProcessor
info: Unity.ILPP.Runner.PostProcessingPipeline[0]
      Processing assembly Library/Bee/artifacts/1900b0aE.dag/Assembly-CSharp.dll, with 143 defines and 358 references
info: Unity.ILPP.Runner.PostProcessingPipeline[0]
      processors: Unity.Jobs.CodeGen.JobsILPostProcessor, zzzUnity.Burst.CodeGen.BurstILPostProcessor
info: Unity.ILPP.Runner.PostProcessingPipeline[0]
      running Unity.Jobs.CodeGen.JobsILPostProcessor
info: Unity.ILPP.Runner.PostProcessingPipeline[0]
      running Unity.Jobs.CodeGen.JobsILPostProcessor
info: Unity.ILPP.Runner.PostProcessingPipeline[0]
      running zzzUnity.Burst.CodeGen.BurstILPostProcessor
info: Unity.ILPP.Runner.PostProcessingPipeline[0]
      running zzzUnity.Burst.CodeGen.BurstILPostProcessor
info: Microsoft.AspNetCore.Routing.EndpointMiddleware[1]
      Executed endpoint 'gRPC - /UnityILPP.PostProcessing/PostProcessAssembly'
info: Microsoft.AspNetCore.Hosting.Diagnostics[2]
      Request finished HTTP/2 POST http://ilpp/UnityILPP.PostProcessing/PostProcessAssembly - 200 - application/grpc 56.7013ms
info: Microsoft.AspNetCore.Routing.EndpointMiddleware[1]
      Executed endpoint 'gRPC - /UnityILPP.PostProcessing/PostProcessAssembly'
info: Microsoft.AspNetCore.Hosting.Diagnostics[2]
      Request finished HTTP/2 POST http://ilpp/UnityILPP.PostProcessing/PostProcessAssembly - 200 - application/grpc 88.6623ms
ExitCode: 0 Duration: 2s45ms
[ 893/1154  0s] ILPP-Configuration Library/ilpp-configuration.nevergeneratedoutput
[1146/1154  0s] Csc Library/Bee/artifacts/1900b0aE.dag/Assembly-CSharp.dll (+2 others)
Assets\PickupItem.cs(13,21): warning CS0618: 'Object.FindFirstObjectByType<T>()' is obsolete: 'FindFirstObjectByType has been deprecated because it relies on instance ID ordering. Use FindAnyObjectByType instead, which does not depend on ordering.'

Assets\Portal.cs(34,60): warning CS0618: 'FindObjectsSortMode' is obsolete: 'FindObjectsSortMode has been deprecated. Use the FindObjectsByType overloads that do not take a FindObjectsSortMode parameter.'

Assets\Portal.cs(34,32): warning CS0618: 'Object.FindObjectsByType<T>(FindObjectsSortMode)' is obsolete: 'FindObjectsByType with FindObjectsSortMode parameter has been deprecated. Use FindObjectsByType<T>() or FindObjectsByType<T>(FindObjectsInactive) instead. InstanceID will be replaced in the future with EntityId and previous sort order cannot be maintained.'

Assets\SaveSystem.cs(59,70): warning CS0618: 'FindObjectsSortMode' is obsolete: 'FindObjectsSortMode has been deprecated. Use the FindObjectsByType overloads that do not take a FindObjectsSortMode parameter.'

Assets\SaveSystem.cs(59,33): warning CS0618: 'Object.FindObjectsByType<T>(FindObjectsSortMode)' is obsolete: 'FindObjectsByType with FindObjectsSortMode parameter has been deprecated. Use FindObjectsByType<T>() or FindObjectsByType<T>(FindObjectsInactive) instead. InstanceID will be replaced in the future with EntityId and previous sort order cannot be maintained.'

Assets\SaveSystem.cs(16,36): warning UAC1009: Field 'levelDictinonary' uses an unsupported type 'System.Collections.Generic.Dictionary<int, string>'. Refer to the Serialization rules analyzer reference. (https://docs.unity3d.com/6000.5/Documentation/Manual/script-serialization-analyzer.html#uac1009)

Assets\YandexGame\ScriptsYG\Leaderboards\LBPlayerDataYG.cs(45,21): warning UAC1001: Field 'data' type 'YG.LBPlayerDataYG.Data' is skipped by serialization (missing the [Serializable] attribute). Refer to the Serialization rules analyzer reference. (https://docs.unity3d.com/6000.5/Documentation/Manual/script-serialization-analyzer.html#uac1001)
[1148/1154  0s] ILPostProcess Library/Bee/artifacts/1900b0aE.dag/post-processed/Assembly-CSharp-Editor.dll (+pdb)
Processing assembly Library/Bee/artifacts/1900b0aE.dag/Assembly-CSharp-Editor.dll, with 141 defines and 380 references

processors: Unity.Jobs.CodeGen.JobsILPostProcessor, zzzUnity.Burst.CodeGen.BurstILPostProcessor

running Unity.Jobs.CodeGen.JobsILPostProcessor

running zzzUnity.Burst.CodeGen.BurstILPostProcessor
[1149/1154  0s] ILPostProcess Library/Bee/artifacts/1900b0aE.dag/post-processed/Assembly-CSharp.dll (+pdb)
Processing assembly Library/Bee/artifacts/1900b0aE.dag/Assembly-CSharp.dll, with 143 defines and 358 references

processors: Unity.Jobs.CodeGen.JobsILPostProcessor, zzzUnity.Burst.CodeGen.BurstILPostProcessor

running Unity.Jobs.CodeGen.JobsILPostProcessor

running zzzUnity.Burst.CodeGen.BurstILPostProcessor
[1151/1154  0s] CopyFiles Library/ScriptAssemblies/Assembly-CSharp.pdb
[1152/1154  0s] CopyFiles Library/ScriptAssemblies/Assembly-CSharp.dll
*** Tundra build success (1.96 seconds), 6 items updated, 1154 evaluated
Assets\PickupItem.cs(13,21): warning CS0618: 'Object.FindFirstObjectByType<T>()' is obsolete: 'FindFirstObjectByType has been deprecated because it relies on instance ID ordering. Use FindAnyObjectByType instead, which does not depend on ordering.'
Assets\Portal.cs(34,60): warning CS0618: 'FindObjectsSortMode' is obsolete: 'FindObjectsSortMode has been deprecated. Use the FindObjectsByType overloads that do not take a FindObjectsSortMode parameter.'
Assets\Portal.cs(34,32): warning CS0618: 'Object.FindObjectsByType<T>(FindObjectsSortMode)' is obsolete: 'FindObjectsByType with FindObjectsSortMode parameter has been deprecated. Use FindObjectsByType<T>() or FindObjectsByType<T>(FindObjectsInactive) instead. InstanceID will be replaced in the future with EntityId and previous sort order cannot be maintained.'
Assets\SaveSystem.cs(59,70): warning CS0618: 'FindObjectsSortMode' is obsolete: 'FindObjectsSortMode has been deprecated. Use the FindObjectsByType overloads that do not take a FindObjectsSortMode parameter.'
Assets\SaveSystem.cs(59,33): warning CS0618: 'Object.FindObjectsByType<T>(FindObjectsSortMode)' is obsolete: 'FindObjectsByType with FindObjectsSortMode parameter has been deprecated. Use FindObjectsByType<T>() or FindObjectsByType<T>(FindObjectsInactive) instead. InstanceID will be replaced in the future with EntityId and previous sort order cannot be maintained.'
Assets\SaveSystem.cs(16,36): warning UAC1009: Field 'levelDictinonary' uses an unsupported type 'System.Collections.Generic.Dictionary<int, string>'. Refer to the Serialization rules analyzer reference. (https://docs.unity3d.com/6000.5/Documentation/Manual/script-serialization-analyzer.html#uac1009)
Assets\YandexGame\ScriptsYG\Leaderboards\LBPlayerDataYG.cs(45,21): warning UAC1001: Field 'data' type 'YG.LBPlayerDataYG.Data' is skipped by serialization (missing the [Serializable] attribute). Refer to the Serialization rules analyzer reference. (https://docs.unity3d.com/6000.5/Documentation/Manual/script-serialization-analyzer.html#uac1001)
Reloading assemblies after finishing script compilation.
Reloading assemblies after forced synchronous recompile.
Begin MonoManager ReloadAssembly
Symbol file LoadedFromMemory is not a mono symbol file
Refreshing native plugins compatible for Editor in 18.02 ms, found 5 plugins.
Native extension for WindowsStandalone target not found
[MODES] ModeService[none].Initialize
[MODES] ModeService[none].LoadModes
ScheduleIndexationOnStartup MainProcess:True IndexOnStartup:True
Mono: successfully reloaded assembly
- Finished resetting the current domain, in  6.663 seconds
Domain Reload Profiling: 11176ms
	BeginReloadAssembly (2682ms)
		DisableScriptedObjects (653ms)
		CreateAndSetChildDomain (1133ms)
	RebuildCommonClasses (29ms)
	RebuildNativeTypeToScriptingClass (57ms)
	initialDomainReloadingComplete (263ms)
	LoadAllAssembliesAndSetupDomain (1479ms)
		LoadAssemblies (517ms)
		AnalyzeDomain (887ms)
			TypeCache.Refresh (38ms)
				TypeCache.ScanAssembly (6ms)
			BuildScriptInfoCaches (762ms)
			ResolveRequiredComponents (82ms)
	FinalizeReload (6666ms)
		SetupLoadedEditorAssemblies (0ms)
			InitializePlatformSupportModulesInManaged (5ms)
			BeforeProcessingInitializeOnLoad (738ms)
			ProcessInitializeOnLoadAttributes (1439ms)
			ProcessInitializeOnLoadMethodAttributes (634ms)
			AfterProcessingInitializeOnLoad (33ms)
		AwakeInstancesAfterBackupRestoration (2079ms)

Asset Pipeline Refresh (id=389373a860f8bd54c8f93b8d5768c61d): Total: 12.037 seconds - Initiated by StopAssetImportingV2(ForceSynchronousImport | ForceDomainReload)
	(Values over 0.05ms)
	Summary:
		Imports: total=0 (actual=0, local cache=0, cache server=0)
		Asset DB Process Time: managed=0 ms, native=7179 ms
		Asset DB Callback time: managed=106 ms, native=1 ms
		Scripting: domain reloads=1, domain reload time=4741 ms, compile time=7 ms, other=0 ms
		Project Asset Count: scripts=1714, non-scripts=3385
		Asset File Changes: new=0, changed=0, moved=0, deleted=0
		Scan Filter Count: 0
	InvokePackagesCallback: 9.287ms
	ApplyChangesToAssetFolders: 1.139ms
	Collect global state as custom dependencies: 12.596ms
	ProcessAssetsWithTransientArtifactChanges: 13.315ms
	CategorizeAssets: 176.584ms
	CompileScripts: 7.128ms
	ImportOutOfDateAssets: 6845.871ms (6721.407ms without children)
		CollectScriptTypesHashes: 3.914ms
		ReloadNativeAssets: 4.846ms
		UnloadImportedAssets: 0.795ms
		EnsureUptoDateAssetsAreRegisteredWithGuidPM: 2.507ms
		ImportSchedulerStart: 116.233ms
	PostProcessAllAssets: 106.993ms
		MonoPostProcessAllAssets: 106.983ms
			UniversalRenderPipelineGlobalSettingsPostprocessor.OnPostprocessAllAssets 33.446ms
			SyncVS.PostprocessSyncProject 10.145ms
			WindowAssetPostprocessingWatcher.OnPostprocessAllAssets 6.761ms
			SpeedTree9Postprocessor.OnPostprocessAllAssets 6.163ms
			EditModeScopePostprocessor.OnPostprocessAllAssets 3.617ms
			RenderPipelineGlobalSettingsPostprocessor.OnPostprocessAllAssets 2.302ms
			ProjectSettingsPostprocessor.OnPostprocessAllAssets 2.246ms
			ShaderReflectionAssetPostProcessor.OnPostprocessAllAssets 1.297ms
			ReferencedClipsPostProcessor.OnPostprocessAllAssets 0.945ms
			InputActionAssetPostprocessor.OnPostprocessAllAssets 0.935ms
			AssetChangedListener.OnPostprocessAllAssets 0.547ms
			SpriteEditorTexturePostprocessor.OnPostprocessAllAssets 0.514ms
			AssetDatabaseCallbacks.OnPostprocessAllAssets 0.478ms
			TerrainToolbarOverlayPostProcessor.OnPostprocessAllAssets 0.462ms
			SpriteShapeAssetPostProcessor.OnPostprocessAllAssets 0.345ms
			ShaderGraphAssetPostProcessor.OnPostprocessAllAssets 0.173ms
			AssetPostprocessor.OnPostprocessAllAssets 0.172ms
	GatherAllCurrentPrimaryImportResultRevisions: 0.682ms
	PersistCurrentRevisions: 0.508ms
	GenerateScriptTypeHashes: 16.173ms
	GenerateScriptTypeSerializationHashes: 32.819ms
	Untracked: 4846.165ms

[Licensing::Client] Successfully resolved entitlement details
[Licensing::Client] Successfully resolved entitlement details
[ScriptCompilation] Requested script compilation because: AssetDatabase observed changes in script compilation related files
Refreshing native plugins compatible for Editor in 17.40 ms, found 5 plugins.

Asset Pipeline Refresh (id=52a837ac065ae7f4ea8929c84f952d97): Total: 0.456 seconds - Initiated by RefreshV2(NoUpdateAssetOptions)
	(Values over 0.05ms)
	Summary:
		Imports: total=0 (actual=0, local cache=0, cache server=0)
		Asset DB Process Time: managed=0 ms, native=262 ms
		Asset DB Callback time: managed=97 ms, native=94 ms
		Scripting: domain reloads=0, domain reload time=0 ms, compile time=2 ms, other=0 ms
		Project Asset Count: scripts=1714, non-scripts=3385
		Asset File Changes: new=0, changed=1, moved=0, deleted=0
		Scan Filter Count: 0
	ApplyChangesToAssetFolders: 0.405ms
	Scan: 58.239ms
	Collect global state as custom dependencies: 1.324ms
	OnSourceAssetsModified: 1.950ms
	ProcessAssetsWithTransientArtifactChanges: 1.937ms
	CategorizeAssets: 53.092ms
	CompileScripts: 2.019ms
	ImportOutOfDateAssets: 126.357ms (26.478ms without children)
		ReloadNativeAssets: 0.101ms
		UnloadImportedAssets: 0.594ms
		EnsureUptoDateAssetsAreRegisteredWithGuidPM: 1.688ms
		ImportSchedulerStart: 97.489ms
	PostProcessAllAssets: 101.193ms
		XRBuildSystem.XRAssetImported 4.288ms
		PostProcessCallbackCreateDeferredMaterials 0.255ms
		MonoPostProcessAllAssets: 95.430ms
			BuilderAssetPostprocessor.OnPostprocessAllAssets 19.996ms
			AssetChangedListener.OnPostprocessAllAssets 17.999ms
			AssetPostprocessor.OnPostprocessAllAssets 12.314ms
			SpriteSlicePostprocessor.OnPostprocessAllAssets 7.963ms
			ShaderGraphAssetPostProcessor.OnPostprocessAllAssets 4.371ms
			RetainedModeAssetPostprocessor.OnPostprocessAllAssets 3.476ms
			SpriteEditorTexturePostprocessor.OnPostprocessAllAssets 2.121ms
			TMPro_TexturePostProcessor.OnPostprocessAllAssets 1.920ms
			SpriteShapeAssetPostProcessor.OnPostprocessAllAssets 1.869ms
			ArtifactBrowserPostProcessor.OnPostprocessAllAssets 1.845ms
			MaterialPostprocessor.OnPostprocessAllAssets 1.660ms
			SyncVS.PostprocessSyncProject 1.563ms
			TextAssetPostProcessor.OnPostprocessAllAssets 1.101ms
			AudioMixerPostprocessor.OnPostprocessAllAssets 1.078ms
			UVCSAssetPostprocessor.OnPostprocessAllAssets 0.971ms
			SampleDependencyImporterPostProcessor.OnPostprocessAllAssets 0.943ms
			InputActionJsonNameModifierAssetProcessor.OnPostprocessAllAssets 0.887ms
			PostProcessor.OnPostprocessAllAssets 0.799ms
			StyleCatalogPostProcessor.OnPostprocessAllAssets 0.680ms
			SpriteLibraryAssetPostprocessor.OnPostprocessAllAssets 0.658ms
			AssetEvents.OnPostprocessAllAssets 0.648ms
			SpeedTreePostProcessor.OnPostprocessAllAssets 0.565ms
			ConfigAssetsTracker.OnPostprocessAllAssets 0.471ms
			SamplePostprocessor.OnPostprocessAllAssets 0.458ms
			PSDImportPostProcessor.OnPostprocessAllAssets 0.444ms
			ScenarioDriftAssetsTracker.OnPostprocessAllAssets 0.429ms
			RenderPipelineGlobalSettingsPostprocessor.OnPostprocessAllAssets 0.423ms
			AudioContainerPostProcessor.OnPostprocessAllAssets 0.417ms
			AssetReloadNotifier.OnPostprocessAllAssets 0.362ms
			InputActionAssetPostprocessor.OnPostprocessAllAssets 0.330ms
			PSDImporterAssetPostProcessor.OnPostprocessAllAssets 0.288ms
			AssetProcessor.OnPostprocessAllAssets 0.214ms
			UniversalRenderPipelineGlobalSettingsPostprocessor.OnPostprocessAllAssets 0.051ms
	PostAssetChangesProfiler: 88.491ms
	GatherAllCurrentPrimaryImportResultRevisions: 0.527ms
	PersistCurrentRevisions: 0.452ms
	Untracked: 20.272ms

info: Microsoft.AspNetCore.Hosting.Diagnostics[1]
      Request starting HTTP/2 POST http://ilpp/UnityILPP.PostProcessing/Ping - application/grpc -
info: Microsoft.AspNetCore.Routing.EndpointMiddleware[0]
      Executing endpoint 'gRPC - /UnityILPP.PostProcessing/Ping'
info: Microsoft.AspNetCore.Routing.EndpointMiddleware[1]
      Executed endpoint 'gRPC - /UnityILPP.PostProcessing/Ping'
info: Microsoft.AspNetCore.Hosting.Diagnostics[2]
      Request finished HTTP/2 POST http://ilpp/UnityILPP.PostProcessing/Ping - 200 - application/grpc 0.3823ms
Starting: C:\Program Files\Unity\Hub\Editor\6000.5.8f1\Editor\Data\Tools\BuildPipeline\bee_backend.exe --ipc --defer-dag-verification --dagfile="Library/Bee/1900b0aE.dag" --continue-on-failure --profile="Library/Bee/backend1.traceevents" ScriptAssemblies
WorkingDir: C:/Users/sdziu/my_documents/0_repositories/whoops
info: Microsoft.AspNetCore.Hosting.Diagnostics[1]
      Request starting HTTP/2 POST http://ilpp/UnityILPP.PostProcessing/ConfigurePostProcessors - application/grpc -
info: Microsoft.AspNetCore.Routing.EndpointMiddleware[0]
      Executing endpoint 'gRPC - /UnityILPP.PostProcessing/ConfigurePostProcessors'
info: Unity.ILPP.Runner.PostProcessingAssemblyLoadContext[0]
      Current configuration matches the requested one, skipping
info: Microsoft.AspNetCore.Routing.EndpointMiddleware[1]
      Executed endpoint 'gRPC - /UnityILPP.PostProcessing/ConfigurePostProcessors'
info: Microsoft.AspNetCore.Hosting.Diagnostics[2]
      Request finished HTTP/2 POST http://ilpp/UnityILPP.PostProcessing/ConfigurePostProcessors - 200 - application/grpc 3.8027ms
info: Microsoft.AspNetCore.Hosting.Diagnostics[1]
      Request starting HTTP/2 POST http://ilpp/UnityILPP.PostProcessing/PostProcessAssembly - application/grpc -
info: Microsoft.AspNetCore.Routing.EndpointMiddleware[0]
      Executing endpoint 'gRPC - /UnityILPP.PostProcessing/PostProcessAssembly'
info: Microsoft.AspNetCore.Hosting.Diagnostics[1]
      Request starting HTTP/2 POST http://ilpp/UnityILPP.PostProcessing/PostProcessAssembly - application/grpc -
info: Microsoft.AspNetCore.Routing.EndpointMiddleware[0]
      Executing endpoint 'gRPC - /UnityILPP.PostProcessing/PostProcessAssembly'
info: Unity.ILPP.Runner.PostProcessingPipeline[0]
      Processing assembly Library/Bee/artifacts/1900b0aE.dag/Assembly-CSharp-Editor.dll, with 141 defines and 380 references
info: Unity.ILPP.Runner.PostProcessingPipeline[0]
      processors: Unity.Jobs.CodeGen.JobsILPostProcessor, zzzUnity.Burst.CodeGen.BurstILPostProcessor
info: Unity.ILPP.Runner.PostProcessingPipeline[0]
      Processing assembly Library/Bee/artifacts/1900b0aE.dag/Assembly-CSharp.dll, with 143 defines and 358 references
info: Unity.ILPP.Runner.PostProcessingPipeline[0]
      processors: Unity.Jobs.CodeGen.JobsILPostProcessor, zzzUnity.Burst.CodeGen.BurstILPostProcessor
info: Unity.ILPP.Runner.PostProcessingPipeline[0]
      running Unity.Jobs.CodeGen.JobsILPostProcessor
info: Unity.ILPP.Runner.PostProcessingPipeline[0]
      running Unity.Jobs.CodeGen.JobsILPostProcessor
info: Unity.ILPP.Runner.PostProcessingPipeline[0]
      running zzzUnity.Burst.CodeGen.BurstILPostProcessor
info: Unity.ILPP.Runner.PostProcessingPipeline[0]
      running zzzUnity.Burst.CodeGen.BurstILPostProcessor
info: Microsoft.AspNetCore.Routing.EndpointMiddleware[1]
      Executed endpoint 'gRPC - /UnityILPP.PostProcessing/PostProcessAssembly'
info: Microsoft.AspNetCore.Hosting.Diagnostics[2]
      Request finished HTTP/2 POST http://ilpp/UnityILPP.PostProcessing/PostProcessAssembly - 200 - application/grpc 231.2171ms
info: Microsoft.AspNetCore.Routing.EndpointMiddleware[1]
      Executed endpoint 'gRPC - /UnityILPP.PostProcessing/PostProcessAssembly'
info: Microsoft.AspNetCore.Hosting.Diagnostics[2]
      Request finished HTTP/2 POST http://ilpp/UnityILPP.PostProcessing/PostProcessAssembly - 200 - application/grpc 438.8433ms
ExitCode: 0 Duration: 2s776ms
[ 893/1154  0s] ILPP-Configuration Library/ilpp-configuration.nevergeneratedoutput
[1146/1154  0s] Csc Library/Bee/artifacts/1900b0aE.dag/Assembly-CSharp.dll (+2 others)
Assets\PickupItem.cs(13,21): warning CS0618: 'Object.FindFirstObjectByType<T>()' is obsolete: 'FindFirstObjectByType has been deprecated because it relies on instance ID ordering. Use FindAnyObjectByType instead, which does not depend on ordering.'

Assets\Portal.cs(34,60): warning CS0618: 'FindObjectsSortMode' is obsolete: 'FindObjectsSortMode has been deprecated. Use the FindObjectsByType overloads that do not take a FindObjectsSortMode parameter.'

Assets\Portal.cs(34,32): warning CS0618: 'Object.FindObjectsByType<T>(FindObjectsSortMode)' is obsolete: 'FindObjectsByType with FindObjectsSortMode parameter has been deprecated. Use FindObjectsByType<T>() or FindObjectsByType<T>(FindObjectsInactive) instead. InstanceID will be replaced in the future with EntityId and previous sort order cannot be maintained.'

Assets\SaveSystem.cs(59,70): warning CS0618: 'FindObjectsSortMode' is obsolete: 'FindObjectsSortMode has been deprecated. Use the FindObjectsByType overloads that do not take a FindObjectsSortMode parameter.'

Assets\SaveSystem.cs(59,33): warning CS0618: 'Object.FindObjectsByType<T>(FindObjectsSortMode)' is obsolete: 'FindObjectsByType with FindObjectsSortMode parameter has been deprecated. Use FindObjectsByType<T>() or FindObjectsByType<T>(FindObjectsInactive) instead. InstanceID will be replaced in the future with EntityId and previous sort order cannot be maintained.'

Assets\SaveSystem.cs(16,36): warning UAC1009: Field 'levelDictinonary' uses an unsupported type 'System.Collections.Generic.Dictionary<int, string>'. Refer to the Serialization rules analyzer reference. (https://docs.unity3d.com/6000.5/Documentation/Manual/script-serialization-analyzer.html#uac1009)

Assets\YandexGame\ScriptsYG\Leaderboards\LBPlayerDataYG.cs(45,21): warning UAC1001: Field 'data' type 'YG.LBPlayerDataYG.Data' is skipped by serialization (missing the [Serializable] attribute). Refer to the Serialization rules analyzer reference. (https://docs.unity3d.com/6000.5/Documentation/Manual/script-serialization-analyzer.html#uac1001)
[1148/1154  0s] ILPostProcess Library/Bee/artifacts/1900b0aE.dag/post-processed/Assembly-CSharp-Editor.dll (+pdb)
Processing assembly Library/Bee/artifacts/1900b0aE.dag/Assembly-CSharp-Editor.dll, with 141 defines and 380 references

processors: Unity.Jobs.CodeGen.JobsILPostProcessor, zzzUnity.Burst.CodeGen.BurstILPostProcessor

running Unity.Jobs.CodeGen.JobsILPostProcessor

running zzzUnity.Burst.CodeGen.BurstILPostProcessor
[1150/1154  0s] ILPostProcess Library/Bee/artifacts/1900b0aE.dag/post-processed/Assembly-CSharp.dll (+pdb)
Processing assembly Library/Bee/artifacts/1900b0aE.dag/Assembly-CSharp.dll, with 143 defines and 358 references

processors: Unity.Jobs.CodeGen.JobsILPostProcessor, zzzUnity.Burst.CodeGen.BurstILPostProcessor

running Unity.Jobs.CodeGen.JobsILPostProcessor

running zzzUnity.Burst.CodeGen.BurstILPostProcessor
[1151/1154  0s] CopyFiles Library/ScriptAssemblies/Assembly-CSharp.pdb
[1153/1154  0s] CopyFiles Library/ScriptAssemblies/Assembly-CSharp.dll
*** Tundra build success (2.69 seconds), 6 items updated, 1154 evaluated
Assets\PickupItem.cs(13,21): warning CS0618: 'Object.FindFirstObjectByType<T>()' is obsolete: 'FindFirstObjectByType has been deprecated because it relies on instance ID ordering. Use FindAnyObjectByType instead, which does not depend on ordering.'
Assets\Portal.cs(34,60): warning CS0618: 'FindObjectsSortMode' is obsolete: 'FindObjectsSortMode has been deprecated. Use the FindObjectsByType overloads that do not take a FindObjectsSortMode parameter.'
Assets\Portal.cs(34,32): warning CS0618: 'Object.FindObjectsByType<T>(FindObjectsSortMode)' is obsolete: 'FindObjectsByType with FindObjectsSortMode parameter has been deprecated. Use FindObjectsByType<T>() or FindObjectsByType<T>(FindObjectsInactive) instead. InstanceID will be replaced in the future with EntityId and previous sort order cannot be maintained.'
Assets\SaveSystem.cs(59,70): warning CS0618: 'FindObjectsSortMode' is obsolete: 'FindObjectsSortMode has been deprecated. Use the FindObjectsByType overloads that do not take a FindObjectsSortMode parameter.'
Assets\SaveSystem.cs(59,33): warning CS0618: 'Object.FindObjectsByType<T>(FindObjectsSortMode)' is obsolete: 'FindObjectsByType with FindObjectsSortMode parameter has been deprecated. Use FindObjectsByType<T>() or FindObjectsByType<T>(FindObjectsInactive) instead. InstanceID will be replaced in the future with EntityId and previous sort order cannot be maintained.'
Assets\SaveSystem.cs(16,36): warning UAC1009: Field 'levelDictinonary' uses an unsupported type 'System.Collections.Generic.Dictionary<int, string>'. Refer to the Serialization rules analyzer reference. (https://docs.unity3d.com/6000.5/Documentation/Manual/script-serialization-analyzer.html#uac1009)
Assets\YandexGame\ScriptsYG\Leaderboards\LBPlayerDataYG.cs(45,21): warning UAC1001: Field 'data' type 'YG.LBPlayerDataYG.Data' is skipped by serialization (missing the [Serializable] attribute). Refer to the Serialization rules analyzer reference. (https://docs.unity3d.com/6000.5/Documentation/Manual/script-serialization-analyzer.html#uac1001)
Reloading assemblies after finishing script compilation.
Reloading assemblies after forced synchronous recompile.
Begin MonoManager ReloadAssembly
Symbol file LoadedFromMemory is not a mono symbol file
Refreshing native plugins compatible for Editor in 18.26 ms, found 5 plugins.
Native extension for WindowsStandalone target not found
[MODES] ModeService[none].Initialize
[MODES] ModeService[none].LoadModes
ScheduleIndexationOnStartup MainProcess:True IndexOnStartup:True
Mono: successfully reloaded assembly
- Finished resetting the current domain, in  5.433 seconds
Domain Reload Profiling: 10472ms
	BeginReloadAssembly (3209ms)
		DisableScriptedObjects (526ms)
		CreateAndSetChildDomain (1550ms)
	RebuildCommonClasses (30ms)
	RebuildNativeTypeToScriptingClass (61ms)
	initialDomainReloadingComplete (248ms)
	LoadAllAssembliesAndSetupDomain (1490ms)
		LoadAssemblies (531ms)
		AnalyzeDomain (896ms)
			TypeCache.Refresh (41ms)
				TypeCache.ScanAssembly (6ms)
			BuildScriptInfoCaches (761ms)
			ResolveRequiredComponents (88ms)
	FinalizeReload (5435ms)
		SetupLoadedEditorAssemblies (0ms)
			InitializePlatformSupportModulesInManaged (5ms)
			BeforeProcessingInitializeOnLoad (761ms)
			ProcessInitializeOnLoadAttributes (1447ms)
			ProcessInitializeOnLoadMethodAttributes (408ms)
			AfterProcessingInitializeOnLoad (11ms)
		AwakeInstancesAfterBackupRestoration (1040ms)

Asset Pipeline Refresh (id=4082e654530d4e6428379dba70ca117d): Total: 11.158 seconds - Initiated by StopAssetImportingV2(ForceSynchronousImport | ForceDomainReload)
	(Values over 0.05ms)
	Summary:
		Imports: total=0 (actual=0, local cache=0, cache server=0)
		Asset DB Process Time: managed=0 ms, native=5790 ms
		Asset DB Callback time: managed=50 ms, native=1 ms
		Scripting: domain reloads=1, domain reload time=5312 ms, compile time=3 ms, other=0 ms
		Project Asset Count: scripts=1714, non-scripts=3385
		Asset File Changes: new=0, changed=0, moved=0, deleted=0
		Scan Filter Count: 0
	InvokePackagesCallback: 5.818ms
	ApplyChangesToAssetFolders: 0.849ms
	Collect global state as custom dependencies: 8.638ms
	ProcessAssetsWithTransientArtifactChanges: 13.441ms
	CategorizeAssets: 115.331ms
	CompileScripts: 3.080ms
	ImportOutOfDateAssets: 5536.242ms (5476.872ms without children)
		CollectScriptTypesHashes: 3.163ms
		ReloadNativeAssets: 2.882ms
		UnloadImportedAssets: 0.592ms
		EnsureUptoDateAssetsAreRegisteredWithGuidPM: 1.405ms
		ImportSchedulerStart: 54.381ms
	PostProcessAllAssets: 50.051ms
		MonoPostProcessAllAssets: 50.044ms
			BuilderAssetPostprocessor.OnPostprocessAllAssets 19.996ms
			AssetChangedListener.OnPostprocessAllAssets 17.999ms
			UniversalRenderPipelineGlobalSettingsPostprocessor.OnPostprocessAllAssets 16.472ms
			AssetPostprocessor.OnPostprocessAllAssets 12.314ms
			SpriteSlicePostprocessor.OnPostprocessAllAssets 7.963ms
			SyncVS.PostprocessSyncProject 5.130ms
			ShaderGraphAssetPostProcessor.OnPostprocessAllAssets 4.371ms
			RetainedModeAssetPostprocessor.OnPostprocessAllAssets 3.476ms
			SpeedTree9Postprocessor.OnPostprocessAllAssets 3.301ms
			WindowAssetPostprocessingWatcher.OnPostprocessAllAssets 2.875ms
			SpriteEditorTexturePostprocessor.OnPostprocessAllAssets 2.121ms
			TMPro_TexturePostProcessor.OnPostprocessAllAssets 1.920ms
			SpriteShapeAssetPostProcessor.OnPostprocessAllAssets 1.869ms
			ArtifactBrowserPostProcessor.OnPostprocessAllAssets 1.845ms
			MaterialPostprocessor.OnPostprocessAllAssets 1.660ms
			EditModeScopePostprocessor.OnPostprocessAllAssets 1.387ms
			RenderPipelineGlobalSettingsPostprocessor.OnPostprocessAllAssets 1.233ms
			TextAssetPostProcessor.OnPostprocessAllAssets 1.101ms
			AudioMixerPostprocessor.OnPostprocessAllAssets 1.078ms
			ProjectSettingsPostprocessor.OnPostprocessAllAssets 1.056ms
			UVCSAssetPostprocessor.OnPostprocessAllAssets 0.971ms
			SampleDependencyImporterPostProcessor.OnPostprocessAllAssets 0.943ms
			InputActionJsonNameModifierAssetProcessor.OnPostprocessAllAssets 0.887ms
			PostProcessor.OnPostprocessAllAssets 0.799ms
			AssetDatabaseCallbacks.OnPostprocessAllAssets 0.706ms
			StyleCatalogPostProcessor.OnPostprocessAllAssets 0.680ms
			SpriteLibraryAssetPostprocessor.OnPostprocessAllAssets 0.658ms
			AssetEvents.OnPostprocessAllAssets 0.648ms
			SpeedTreePostProcessor.OnPostprocessAllAssets 0.565ms
			ShaderReflectionAssetPostProcessor.OnPostprocessAllAssets 0.536ms
			ReferencedClipsPostProcessor.OnPostprocessAllAssets 0.514ms
			ConfigAssetsTracker.OnPostprocessAllAssets 0.471ms
			SamplePostprocessor.OnPostprocessAllAssets 0.458ms
			PSDImportPostProcessor.OnPostprocessAllAssets 0.444ms
			ScenarioDriftAssetsTracker.OnPostprocessAllAssets 0.429ms
			AudioContainerPostProcessor.OnPostprocessAllAssets 0.417ms
			InputActionAssetPostprocessor.OnPostprocessAllAssets 0.391ms
			AssetReloadNotifier.OnPostprocessAllAssets 0.362ms
			PSDImporterAssetPostProcessor.OnPostprocessAllAssets 0.288ms
			TerrainToolbarOverlayPostProcessor.OnPostprocessAllAssets 0.239ms
			AssetProcessor.OnPostprocessAllAssets 0.214ms
	GatherAllCurrentPrimaryImportResultRevisions: 0.475ms
	PersistCurrentRevisions: 0.273ms
	GenerateScriptTypeHashes: 8.619ms
	GenerateScriptTypeSerializationHashes: 14.739ms
	Untracked: 5410.929ms

[Licensing::Client] Successfully resolved entitlement details
Asset Pipeline Refresh (id=76284002d11cc5a409b2fa980d007149): Total: 0.022 seconds - Initiated by RefreshV2(AllowForceSynchronousImport)
[Licensing::Client] Successfully resolved entitlement details
[Worker0] Imported GUID: b5360d3cb40ea9b4288b4557f59b09d3 - Path: Assets/Poster.cs - Importer: PreviewImporter -> (ImportResultId: '1144f86ec2698fc793d6153f936e8e6f') in 0.0213624 seconds
Request Asset Garbage Collect because used heap size increased from 462.2 MB to 0.70 GB, exceeding the threshold of 256.0 MB.
Unloading 17 Unused Serialized files (Serialized files now loaded: 0)
Unloading 366 unused Assets / (27.7 MB). Loaded Objects now: 10454.
Memory consumption went from 0.70 GB to 0.67 GB.
Total: 57.385400 ms (FindLiveObjects: 1.528000 ms CreateObjectMapping: 2.517400 ms MarkObjects: 34.284300 ms  DeleteObjects: 19.053000 ms)

Importing 'GUID: 2f4cf4c8b41396d4783fbb27f0674b01 - Path: Assets/Resources/InventoryItems/InventoryWax.prefab' with importer (PrefabImporter)
Imported 'GUID: 2f4cf4c8b41396d4783fbb27f0674b01' -> (Import Result ID: 'aca67925c42c491d274ef8abc2afedd2') in 0.045 seconds [static and dynamic dependencies]. Details - ImportResultOutputID=3ac82159c40cd0fbbb8f66045dae68a7 DependenciesID=19ffd15bde94219219768b93b6f2a10c StaticDependenciesID=b680a0261e2650bca7eabae7257782ab 
Refreshing native plugins compatible for Editor in 7.95 ms, found 5 plugins.

Asset Pipeline Refresh (id=d798eb75dcdd87542bea5e6104bb8214): Total: 0.316 seconds - Initiated by StopAssetImportingV2(NoUpdateAssetOptions)
	(Values over 0.05ms)
	Summary:
		Imports: total=1 (actual=1, local cache=0, cache server=0)
		Asset DB Process Time: managed=9 ms, native=197 ms
		Asset DB Callback time: managed=48 ms, native=60 ms
		Scripting: domain reloads=0, domain reload time=0 ms, compile time=0 ms, other=0 ms
		Project Asset Count: scripts=1714, non-scripts=3385
		Asset File Changes: new=0, changed=1, moved=0, deleted=0
		Scan Filter Count: 4
	ApplyChangesToAssetFolders: 0.367ms
	Scan: 23.111ms
	Collect global state as custom dependencies: 0.485ms
	OnSourceAssetsModified: 1.183ms
	ProcessAssetsWithTransientArtifactChanges: 0.123ms
	CategorizeAssets: 30.102ms
	ImportOutOfDateAssets: 141.483ms (15.974ms without children)
		ImportManagerImport: 63.301ms (2.175ms without children)
			UpdateCategorizedAssets: 0.057ms
		ReloadNativeAssets: 0.091ms
		UnloadImportedAssets: 1.934ms
		ReloadImportedAssets: 14.133ms
		EnsureUptoDateAssetsAreRegisteredWithGuidPM: 0.891ms
		ImportSchedulerStart: 59.267ms
	PostProcessAllAssets: 60.074ms
		XRBuildSystem.XRAssetImported 11.360ms
		ObjectImages.AssetImported 0.071ms
		MonoPostProcessAllAssets: 47.801ms
			BuilderAssetPostprocessor.OnPostprocessAllAssets 8.946ms
			AssetChangedListener.OnPostprocessAllAssets 7.981ms
			AssetPostprocessor.OnPostprocessAllAssets 6.476ms
			ShaderGraphAssetPostProcessor.OnPostprocessAllAssets 3.489ms
			RetainedModeAssetPostprocessor.OnPostprocessAllAssets 2.122ms
			SpriteEditorTexturePostprocessor.OnPostprocessAllAssets 1.496ms
			SyncVS.PostprocessSyncProject 1.241ms
			MaterialPostprocessor.OnPostprocessAllAssets 1.157ms
			TMPro_TexturePostProcessor.OnPostprocessAllAssets 0.994ms
			SpriteSlicePostprocessor.OnPostprocessAllAssets 0.867ms
			ArtifactBrowserPostProcessor.OnPostprocessAllAssets 0.820ms
			SpriteShapeAssetPostProcessor.OnPostprocessAllAssets 0.807ms
			PostProcessor.OnPostprocessAllAssets 0.784ms
			TextAssetPostProcessor.OnPostprocessAllAssets 0.741ms
			InputActionJsonNameModifierAssetProcessor.OnPostprocessAllAssets 0.676ms
			UVCSAssetPostprocessor.OnPostprocessAllAssets 0.566ms
			SampleDependencyImporterPostProcessor.OnPostprocessAllAssets 0.537ms
			AudioMixerPostprocessor.OnPostprocessAllAssets 0.520ms
			SpriteLibraryAssetPostprocessor.OnPostprocessAllAssets 0.459ms
			SamplePostprocessor.OnPostprocessAllAssets 0.396ms
			StyleCatalogPostProcessor.OnPostprocessAllAssets 0.370ms
			PSDImportPostProcessor.OnPostprocessAllAssets 0.340ms
			SpeedTreePostProcessor.OnPostprocessAllAssets 0.330ms
			AssetEvents.OnPostprocessAllAssets 0.329ms
			RenderPipelineGlobalSettingsPostprocessor.OnPostprocessAllAssets 0.260ms
			ConfigAssetsTracker.OnPostprocessAllAssets 0.220ms
			ScenarioDriftAssetsTracker.OnPostprocessAllAssets 0.219ms
			InputActionAssetPostprocessor.OnPostprocessAllAssets 0.218ms
			PSDImporterAssetPostProcessor.OnPostprocessAllAssets 0.188ms
			AssetReloadNotifier.OnPostprocessAllAssets 0.182ms
			AudioContainerPostProcessor.OnPostprocessAllAssets 0.118ms
			AssetProcessor.OnPostprocessAllAssets 0.117ms
	PostAssetChangesProfiler: 47.772ms
	GatherAllCurrentPrimaryImportResultRevisions: 0.416ms
	UnloadStreamsBegin: 3.790ms
	PersistCurrentRevisions: 0.541ms
	Untracked: 6.513ms

[Worker1] Imported GUID: 2f4cf4c8b41396d4783fbb27f0674b01 - Path: Assets/Resources/InventoryItems/InventoryWax.prefab - Importer: PreviewImporter -> (ImportResultId: '0451d3fa34c91a35b87d8b8b81f63fe3') in 0.1518464 seconds
Importing 'GUID: 8c9cfa26abfee488c85f1582747f6a02 - Path: Assets/Scenes/SampleScene.unity' with importer (DefaultImporter)
Imported 'GUID: 8c9cfa26abfee488c85f1582747f6a02' -> (Import Result ID: '5461f683ab58080e729e698703c0974e') in 0.018 seconds [static dependencies only]. Details - ImportResultOutputID=d9e1b38d15056e7131fe2ca7dd7db718 DependenciesID=4d38a7264ded1037bc528e78854a5e27 StaticDependenciesID=419dd3960305bb462151abeab5552713 
Refreshing native plugins compatible for Editor in 7.72 ms, found 5 plugins.
Asset Pipeline Refresh (id=9973c51f68341794daf692dbd41b3dad): Total: 0.195 seconds - Initiated by StopAssetImportingV2(NoUpdateAssetOptions)
SpriteAtlasPacking completed in 0.049759 sec
Reloading assemblies for play mode.
Reloading assemblies after forced synchronous recompile.
[Licensing::Client] Successfully resolved entitlement details
Begin MonoManager ReloadAssembly
Symbol file LoadedFromMemory is not a mono symbol file
Refreshing native plugins compatible for Editor in 10.27 ms, found 5 plugins.
Native extension for WindowsStandalone target not found
ScheduleIndexationOnStartup MainProcess:True IndexOnStartup:True
[MODES] ModeService[none].Initialize
[MODES] ModeService[none].LoadModes
Mono: successfully reloaded assembly
- Finished resetting the current domain, in  3.315 seconds
Domain Reload Profiling: 5220ms
	BeginReloadAssembly (1393ms)
		DisableScriptedObjects (207ms)
		CreateAndSetChildDomain (820ms)
	RebuildCommonClasses (18ms)
	RebuildNativeTypeToScriptingClass (25ms)
	initialDomainReloadingComplete (126ms)
	LoadAllAssembliesAndSetupDomain (341ms)
		LoadAssemblies (252ms)
		AnalyzeDomain (65ms)
			TypeCache.Refresh (14ms)
			ResolveRequiredComponents (44ms)
	FinalizeReload (3317ms)
		SetupLoadedEditorAssemblies (0ms)
			BeforeProcessingInitializeOnLoad (161ms)
			ProcessInitializeOnLoadAttributes (684ms)
			ProcessInitializeOnLoadMethodAttributes (302ms)
			AfterProcessingInitializeOnLoad (9ms)
		AwakeInstancesAfterBackupRestoration (1088ms)

Asset Pipeline Refresh (id=7713c5f274c21e74fb94d1b2c5c0dfd9): Total: 5.721 seconds - Initiated by StopAssetImportingV2(ForceSynchronousImport | ForceDomainReload)
	(Values over 0.05ms)
	Summary:
		Imports: total=0 (actual=0, local cache=0, cache server=0)
		Asset DB Process Time: managed=0 ms, native=3625 ms
		Asset DB Callback time: managed=64 ms, native=0 ms
		Scripting: domain reloads=1, domain reload time=2026 ms, compile time=4 ms, other=0 ms
		Project Asset Count: scripts=1714, non-scripts=3385
		Asset File Changes: new=0, changed=0, moved=0, deleted=0
		Scan Filter Count: 0
	InvokePackagesCallback: 4.051ms
	ApplyChangesToAssetFolders: 0.841ms
	Collect global state as custom dependencies: 9.107ms
	ProcessAssetsWithTransientArtifactChanges: 0.273ms
	CategorizeAssets: 107.135ms
	CompileScripts: 3.899ms
	ImportOutOfDateAssets: 3418.422ms (3349.804ms without children)
		CollectScriptTypesHashes: 1.709ms
		ReloadNativeAssets: 2.257ms
		UnloadImportedAssets: 0.816ms
		EnsureUptoDateAssetsAreRegisteredWithGuidPM: 1.363ms
		ImportSchedulerStart: 64.119ms
	PostProcessAllAssets: 64.487ms
		MonoPostProcessAllAssets: 64.451ms
			UniversalRenderPipelineGlobalSettingsPostprocessor.OnPostprocessAllAssets 23.344ms
			SyncVS.PostprocessSyncProject 6.871ms
			SpeedTree9Postprocessor.OnPostprocessAllAssets 4.539ms
			WindowAssetPostprocessingWatcher.OnPostprocessAllAssets 4.177ms
			RenderPipelineGlobalSettingsPostprocessor.OnPostprocessAllAssets 2.160ms
			ProjectSettingsPostprocessor.OnPostprocessAllAssets 1.494ms
			EditModeScopePostprocessor.OnPostprocessAllAssets 1.014ms
			ShaderReflectionAssetPostProcessor.OnPostprocessAllAssets 0.754ms
			InputActionAssetPostprocessor.OnPostprocessAllAssets 0.665ms
			ReferencedClipsPostProcessor.OnPostprocessAllAssets 0.624ms
			SpriteEditorTexturePostprocessor.OnPostprocessAllAssets 0.423ms
			AssetChangedListener.OnPostprocessAllAssets 0.417ms
			SpriteShapeAssetPostProcessor.OnPostprocessAllAssets 0.388ms
			TerrainToolbarOverlayPostProcessor.OnPostprocessAllAssets 0.360ms
			AssetDatabaseCallbacks.OnPostprocessAllAssets 0.351ms
			AssetPostprocessor.OnPostprocessAllAssets 0.186ms
			ShaderGraphAssetPostProcessor.OnPostprocessAllAssets 0.174ms
			SpriteSlicePostprocessor.OnPostprocessAllAssets 0.052ms
	GatherAllCurrentPrimaryImportResultRevisions: 0.452ms
	UnloadStreamsBegin: 4.467ms
	PersistCurrentRevisions: 0.292ms
	GenerateScriptTypeHashes: 7.740ms
	GenerateScriptTypeSerializationHashes: 13.543ms
	Untracked: 2094.265ms

Load Editor
UnityEngine.Debug:ExtractStackTraceNoAlloc (byte*,int,string)
UnityEngine.StackTraceUtility:ExtractStackTrace ()
UnityEngine.DebugLogHandler:Internal_Log (UnityEngine.LogType,UnityEngine.LogOption,string,UnityEngine.Object)
UnityEngine.DebugLogHandler:LogFormat (UnityEngine.LogType,UnityEngine.Object,string,object[])
UnityEngine.Logger:Log (UnityEngine.LogType,object)
UnityEngine.Debug:Log (object)
YG.YandexGame:Message (string) (at Assets/YandexGame/ScriptsYG/YandexGame.cs:133)
YG.YandexGame:LoadEditor () (at Assets/YandexGame/ScriptsYG/Storage/Storage_yg.cs:75)
YG.YandexGame:_LoadProgress () (at Assets/YandexGame/ScriptsYG/Storage/Storage_yg.cs:168)
YG.YandexGame:LoadProgress () (at Assets/YandexGame/ScriptsYG/Storage/Storage_yg.cs:173)
YG.YandexGame:InitCloudStorage () (at Assets/YandexGame/ScriptsYG/Storage/Storage_yg.cs:30)
System.Reflection.RuntimeMethodInfo:Invoke (object,System.Reflection.BindingFlags,System.Reflection.Binder,object[],System.Globalization.CultureInfo)
System.Reflection.MethodBase:Invoke (object,object[])
YG.YandexGame/<>c__DisplayClass37_1:<CallInitBaisYG>b__0 () (at Assets/YandexGame/ScriptsYG/Initialization/InitYGAttribute.cs:32)
YG.YandexGame:CallInitBaisYG () (at Assets/YandexGame/ScriptsYG/Initialization/InitYGAttribute.cs:37)
YG.YandexGame:Awake () (at Assets/YandexGame/ScriptsYG/YandexGame.cs:103)

(Filename: Assets/YandexGame/ScriptsYG/YandexGame.cs Line: 133)

Authorization - True
UnityEngine.Debug:ExtractStackTraceNoAlloc (byte*,int,string)
UnityEngine.StackTraceUtility:ExtractStackTrace ()
UnityEngine.DebugLogHandler:Internal_Log (UnityEngine.LogType,UnityEngine.LogOption,string,UnityEngine.Object)
UnityEngine.DebugLogHandler:LogFormat (UnityEngine.LogType,UnityEngine.Object,string,object[])
UnityEngine.Logger:Log (UnityEngine.LogType,object)
UnityEngine.Debug:Log (object)
YG.YandexGame:Message (string) (at Assets/YandexGame/ScriptsYG/YandexGame.cs:133)
YG.YandexGame:SetInitializationSDK (string) (at Assets/YandexGame/ScriptsYG/Authorization/Auth_yg.cs:113)
YG.YandexGame:InitPlayerForEditor () (at Assets/YandexGame/ScriptsYG/Authorization/Auth_yg.cs:62)
YG.YandexGame:InitializationGame () (at Assets/YandexGame/ScriptsYG/Authorization/Auth_yg.cs:31)
System.Reflection.RuntimeMethodInfo:Invoke (object,System.Reflection.BindingFlags,System.Reflection.Binder,object[],System.Globalization.CultureInfo)
System.Reflection.MethodBase:Invoke (object,object[])
YG.YandexGame/<>c__DisplayClass38_1:<CallInitYG>b__0 () (at Assets/YandexGame/ScriptsYG/Initialization/InitYGAttribute.cs:51)
YG.YandexGame:CallInitYG () (at Assets/YandexGame/ScriptsYG/Initialization/InitYGAttribute.cs:56)
YG.YandexGame:Awake () (at Assets/YandexGame/ScriptsYG/YandexGame.cs:104)

(Filename: Assets/YandexGame/ScriptsYG/YandexGame.cs Line: 133)

Get Payments
UnityEngine.Debug:ExtractStackTraceNoAlloc (byte*,int,string)
UnityEngine.StackTraceUtility:ExtractStackTrace ()
UnityEngine.DebugLogHandler:Internal_Log (UnityEngine.LogType,UnityEngine.LogOption,string,UnityEngine.Object)
UnityEngine.DebugLogHandler:LogFormat (UnityEngine.LogType,UnityEngine.Object,string,object[])
UnityEngine.Logger:Log (UnityEngine.LogType,object)
UnityEngine.Debug:Log (object)
YG.YandexGame:Message (string) (at Assets/YandexGame/ScriptsYG/YandexGame.cs:133)
YG.YandexGame:GetPayments () (at Assets/YandexGame/ScriptsYG/Payments/InternalScripts/Payments_yg.cs:49)
YG.YandexGame:Awake () (at Assets/YandexGame/ScriptsYG/YandexGame.cs:105)

(Filename: Assets/YandexGame/ScriptsYG/YandexGame.cs Line: 133)

Loaded scene 'Temp/__Backupscenes/0.backup'
	Deserialize:            32.577 ms
	Integration:            1916.137 ms
	Integration of assets:  0.149 ms
	Thread Wait Time:       0.018 ms
	Total Operation Time:   1948.881 ms
[Licensing::Client] Successfully resolved entitlement details
[Licensing::Client] Successfully resolved entitlement details
OnBeginDrag
UnityEngine.Debug:ExtractStackTraceNoAlloc (byte*,int,string)
UnityEngine.StackTraceUtility:ExtractStackTrace ()
UnityEngine.DebugLogHandler:Internal_Log (UnityEngine.LogType,UnityEngine.LogOption,string,UnityEngine.Object)
UnityEngine.DebugLogHandler:LogFormat (UnityEngine.LogType,UnityEngine.Object,string,object[])
UnityEngine.Logger:Log (UnityEngine.LogType,object)
UnityEngine.Debug:Log (object)
InventoryItem:OnBeginDrag (UnityEngine.EventSystems.PointerEventData) (at Assets/InventoryItem.cs:30)
UnityEngine.EventSystems.ExecuteEvents:Execute (UnityEngine.EventSystems.IBeginDragHandler,UnityEngine.EventSystems.BaseEventData) (at ./Library/PackageCache/com.unity.ugui@1c4864518158/Runtime/UGUI/EventSystem/ExecuteEvents.cs:71)
UnityEngine.EventSystems.ExecuteEvents:Execute<UnityEngine.EventSystems.IBeginDragHandler> (UnityEngine.GameObject,UnityEngine.EventSystems.BaseEventData,UnityEngine.EventSystems.ExecuteEvents/EventFunction`1<UnityEngine.EventSystems.IBeginDragHandler>) (at ./Library/PackageCache/com.unity.ugui@1c4864518158/Runtime/UGUI/EventSystem/ExecuteEvents.cs:272)
UnityEngine.InputSystem.UI.InputSystemUIInputModule:ProcessPointerButtonDrag (UnityEngine.InputSystem.UI.PointerModel/ButtonState&,UnityEngine.InputSystem.UI.ExtendedPointerEventData) (at ./Library/PackageCache/com.unity.inputsystem@7a4e1a2a8194/InputSystem/Runtime/Plugins/UI/InputSystemUIInputModule.cs:764)
UnityEngine.InputSystem.UI.InputSystemUIInputModule:ProcessPointer (UnityEngine.InputSystem.UI.PointerModel&) (at ./Library/PackageCache/com.unity.inputsystem@7a4e1a2a8194/InputSystem/Runtime/Plugins/UI/InputSystemUIInputModule.cs:487)
UnityEngine.InputSystem.UI.InputSystemUIInputModule:Process () (at ./Library/PackageCache/com.unity.inputsystem@7a4e1a2a8194/InputSystem/Runtime/Plugins/UI/InputSystemUIInputModule.cs:2405)
UnityEngine.EventSystems.EventSystem:Update () (at ./Library/PackageCache/com.unity.ugui@1c4864518158/Runtime/UGUI/EventSystem/EventSystem.cs:516)

(Filename: Assets/InventoryItem.cs Line: 30)

OnDrag
UnityEngine.Debug:ExtractStackTraceNoAlloc (byte*,int,string)
UnityEngine.StackTraceUtility:ExtractStackTrace ()
UnityEngine.DebugLogHandler:Internal_Log (UnityEngine.LogType,UnityEngine.LogOption,string,UnityEngine.Object)
UnityEngine.DebugLogHandler:LogFormat (UnityEngine.LogType,UnityEngine.Object,string,object[])
UnityEngine.Logger:Log (UnityEngine.LogType,object)
UnityEngine.Debug:Log (object)
InventoryItem:OnDrag (UnityEngine.EventSystems.PointerEventData) (at Assets/InventoryItem.cs:80)
UnityEngine.EventSystems.ExecuteEvents:Execute (UnityEngine.EventSystems.IDragHandler,UnityEngine.EventSystems.BaseEventData) (at ./Library/PackageCache/com.unity.ugui@1c4864518158/Runtime/UGUI/EventSystem/ExecuteEvents.cs:78)
UnityEngine.EventSystems.ExecuteEvents:Execute<UnityEngine.EventSystems.IDragHandler> (UnityEngine.GameObject,UnityEngine.EventSystems.BaseEventData,UnityEngine.EventSystems.ExecuteEvents/EventFunction`1<UnityEngine.EventSystems.IDragHandler>) (at ./Library/PackageCache/com.unity.ugui@1c4864518158/Runtime/UGUI/EventSystem/ExecuteEvents.cs:272)
UnityEngine.InputSystem.UI.InputSystemUIInputModule:ProcessPointerButtonDrag (UnityEngine.InputSystem.UI.PointerModel/ButtonState&,UnityEngine.InputSystem.UI.ExtendedPointerEventData) (at ./Library/PackageCache/com.unity.inputsystem@7a4e1a2a8194/InputSystem/Runtime/Plugins/UI/InputSystemUIInputModule.cs:781)
UnityEngine.InputSystem.UI.InputSystemUIInputModule:ProcessPointer (UnityEngine.InputSystem.UI.PointerModel&) (at ./Library/PackageCache/com.unity.inputsystem@7a4e1a2a8194/InputSystem/Runtime/Plugins/UI/InputSystemUIInputModule.cs:487)
UnityEngine.InputSystem.UI.InputSystemUIInputModule:Process () (at ./Library/PackageCache/com.unity.inputsystem@7a4e1a2a8194/InputSystem/Runtime/Plugins/UI/InputSystemUIInputModule.cs:2405)
UnityEngine.EventSystems.EventSystem:Update () (at ./Library/PackageCache/com.unity.ugui@1c4864518158/Runtime/UGUI/EventSystem/EventSystem.cs:516)

(Filename: Assets/InventoryItem.cs Line: 80)

OnDrag
UnityEngine.Debug:ExtractStackTraceNoAlloc (byte*,int,string)
UnityEngine.StackTraceUtility:ExtractStackTrace ()
UnityEngine.DebugLogHandler:Internal_Log (UnityEngine.LogType,UnityEngine.LogOption,string,UnityEngine.Object)
UnityEngine.DebugLogHandler:LogFormat (UnityEngine.LogType,UnityEngine.Object,string,object[])
UnityEngine.Logger:Log (UnityEngine.LogType,object)
UnityEngine.Debug:Log (object)
InventoryItem:OnDrag (UnityEngine.EventSystems.PointerEventData) (at Assets/InventoryItem.cs:80)
UnityEngine.EventSystems.ExecuteEvents:Execute (UnityEngine.EventSystems.IDragHandler,UnityEngine.EventSystems.BaseEventData) (at ./Library/PackageCache/com.unity.ugui@1c4864518158/Runtime/UGUI/EventSystem/ExecuteEvents.cs:78)
UnityEngine.EventSystems.ExecuteEvents:Execute<UnityEngine.EventSystems.IDragHandler> (UnityEngine.GameObject,UnityEngine.EventSystems.BaseEventData,UnityEngine.EventSystems.ExecuteEvents/EventFunction`1<UnityEngine.EventSystems.IDragHandler>) (at ./Library/PackageCache/com.unity.ugui@1c4864518158/Runtime/UGUI/EventSystem/ExecuteEvents.cs:272)
UnityEngine.InputSystem.UI.InputSystemUIInputModule:ProcessPointerButtonDrag (UnityEngine.InputSystem.UI.PointerModel/ButtonState&,UnityEngine.InputSystem.UI.ExtendedPointerEventData) (at ./Library/PackageCache/com.unity.inputsystem@7a4e1a2a8194/InputSystem/Runtime/Plugins/UI/InputSystemUIInputModule.cs:781)
UnityEngine.InputSystem.UI.InputSystemUIInputModule:ProcessPointer (UnityEngine.InputSystem.UI.PointerModel&) (at ./Library/PackageCache/com.unity.inputsystem@7a4e1a2a8194/InputSystem/Runtime/Plugins/UI/InputSystemUIInputModule.cs:487)
UnityEngine.InputSystem.UI.InputSystemUIInputModule:Process () (at ./Library/PackageCache/com.unity.inputsystem@7a4e1a2a8194/InputSystem/Runtime/Plugins/UI/InputSystemUIInputModule.cs:2405)
UnityEngine.EventSystems.EventSystem:Update () (at ./Library/PackageCache/com.unity.ugui@1c4864518158/Runtime/UGUI/EventSystem/EventSystem.cs:516)

(Filename: Assets/InventoryItem.cs Line: 80)

OnDrag
UnityEngine.Debug:ExtractStackTraceNoAlloc (byte*,int,string)
UnityEngine.StackTraceUtility:ExtractStackTrace ()
UnityEngine.DebugLogHandler:Internal_Log (UnityEngine.LogType,UnityEngine.LogOption,string,UnityEngine.Object)
UnityEngine.DebugLogHandler:LogFormat (UnityEngine.LogType,UnityEngine.Object,string,object[])
UnityEngine.Logger:Log (UnityEngine.LogType,object)
UnityEngine.Debug:Log (object)
InventoryItem:OnDrag (UnityEngine.EventSystems.PointerEventData) (at Assets/InventoryItem.cs:80)
UnityEngine.EventSystems.ExecuteEvents:Execute (UnityEngine.EventSystems.IDragHandler,UnityEngine.EventSystems.BaseEventData) (at ./Library/PackageCache/com.unity.ugui@1c4864518158/Runtime/UGUI/EventSystem/ExecuteEvents.cs:78)
UnityEngine.EventSystems.ExecuteEvents:Execute<UnityEngine.EventSystems.IDragHandler> (UnityEngine.GameObject,UnityEngine.EventSystems.BaseEventData,UnityEngine.EventSystems.ExecuteEvents/EventFunction`1<UnityEngine.EventSystems.IDragHandler>) (at ./Library/PackageCache/com.unity.ugui@1c4864518158/Runtime/UGUI/EventSystem/ExecuteEvents.cs:272)
UnityEngine.InputSystem.UI.InputSystemUIInputModule:ProcessPointerButtonDrag (UnityEngine.InputSystem.UI.PointerModel/ButtonState&,UnityEngine.InputSystem.UI.ExtendedPointerEventData) (at ./Library/PackageCache/com.unity.inputsystem@7a4e1a2a8194/InputSystem/Runtime/Plugins/UI/InputSystemUIInputModule.cs:781)
UnityEngine.InputSystem.UI.InputSystemUIInputModule:ProcessPointer (UnityEngine.InputSystem.UI.PointerModel&) (at ./Library/PackageCache/com.unity.inputsystem@7a4e1a2a8194/InputSystem/Runtime/Plugins/UI/InputSystemUIInputModule.cs:487)
UnityEngine.InputSystem.UI.InputSystemUIInputModule:Process () (at ./Library/PackageCache/com.unity.inputsystem@7a4e1a2a8194/InputSystem/Runtime/Plugins/UI/InputSystemUIInputModule.cs:2405)
UnityEngine.EventSystems.EventSystem:Update () (at ./Library/PackageCache/com.unity.ugui@1c4864518158/Runtime/UGUI/EventSystem/EventSystem.cs:516)

(Filename: Assets/InventoryItem.cs Line: 80)

OnDrag
UnityEngine.Debug:ExtractStackTraceNoAlloc (byte*,int,string)
UnityEngine.StackTraceUtility:ExtractStackTrace ()
UnityEngine.DebugLogHandler:Internal_Log (UnityEngine.LogType,UnityEngine.LogOption,string,UnityEngine.Object)
UnityEngine.DebugLogHandler:LogFormat (UnityEngine.LogType,UnityEngine.Object,string,object[])
UnityEngine.Logger:Log (UnityEngine.LogType,object)
UnityEngine.Debug:Log (object)
InventoryItem:OnDrag (UnityEngine.EventSystems.PointerEventData) (at Assets/InventoryItem.cs:80)
UnityEngine.EventSystems.ExecuteEvents:Execute (UnityEngine.EventSystems.IDragHandler,UnityEngine.EventSystems.BaseEventData) (at ./Library/PackageCache/com.unity.ugui@1c4864518158/Runtime/UGUI/EventSystem/ExecuteEvents.cs:78)
UnityEngine.EventSystems.ExecuteEvents:Execute<UnityEngine.EventSystems.IDragHandler> (UnityEngine.GameObject,UnityEngine.EventSystems.BaseEventData,UnityEngine.EventSystems.ExecuteEvents/EventFunction`1<UnityEngine.EventSystems.IDragHandler>) (at ./Library/PackageCache/com.unity.ugui@1c4864518158/Runtime/UGUI/EventSystem/ExecuteEvents.cs:272)
UnityEngine.InputSystem.UI.InputSystemUIInputModule:ProcessPointerButtonDrag (UnityEngine.InputSystem.UI.PointerModel/ButtonState&,UnityEngine.InputSystem.UI.ExtendedPointerEventData) (at ./Library/PackageCache/com.unity.inputsystem@7a4e1a2a8194/InputSystem/Runtime/Plugins/UI/InputSystemUIInputModule.cs:781)
UnityEngine.InputSystem.UI.InputSystemUIInputModule:ProcessPointer (UnityEngine.InputSystem.UI.PointerModel&) (at ./Library/PackageCache/com.unity.inputsystem@7a4e1a2a8194/InputSystem/Runtime/Plugins/UI/InputSystemUIInputModule.cs:487)
UnityEngine.InputSystem.UI.InputSystemUIInputModule:Process () (at ./Library/PackageCache/com.unity.inputsystem@7a4e1a2a8194/InputSystem/Runtime/Plugins/UI/InputSystemUIInputModule.cs:2405)
UnityEngine.EventSystems.EventSystem:Update () (at ./Library/PackageCache/com.unity.ugui@1c4864518158/Runtime/UGUI/EventSystem/EventSystem.cs:516)

(Filename: Assets/InventoryItem.cs Line: 80)

OnDrag
UnityEngine.Debug:ExtractStackTraceNoAlloc (byte*,int,string)
UnityEngine.StackTraceUtility:ExtractStackTrace ()
UnityEngine.DebugLogHandler:Internal_Log (UnityEngine.LogType,UnityEngine.LogOption,string,UnityEngine.Object)
UnityEngine.DebugLogHandler:LogFormat (UnityEngine.LogType,UnityEngine.Object,string,object[])
UnityEngine.Logger:Log (UnityEngine.LogType,object)
UnityEngine.Debug:Log (object)
InventoryItem:OnDrag (UnityEngine.EventSystems.PointerEventData) (at Assets/InventoryItem.cs:80)
UnityEngine.EventSystems.ExecuteEvents:Execute (UnityEngine.EventSystems.IDragHandler,UnityEngine.EventSystems.BaseEventData) (at ./Library/PackageCache/com.unity.ugui@1c4864518158/Runtime/UGUI/EventSystem/ExecuteEvents.cs:78)
UnityEngine.EventSystems.ExecuteEvents:Execute<UnityEngine.EventSystems.IDragHandler> (UnityEngine.GameObject,UnityEngine.EventSystems.BaseEventData,UnityEngine.EventSystems.ExecuteEvents/EventFunction`1<UnityEngine.EventSystems.IDragHandler>) (at ./Library/PackageCache/com.unity.ugui@1c4864518158/Runtime/UGUI/EventSystem/ExecuteEvents.cs:272)
UnityEngine.InputSystem.UI.InputSystemUIInputModule:ProcessPointerButtonDrag (UnityEngine.InputSystem.UI.PointerModel/ButtonState&,UnityEngine.InputSystem.UI.ExtendedPointerEventData) (at ./Library/PackageCache/com.unity.inputsystem@7a4e1a2a8194/InputSystem/Runtime/Plugins/UI/InputSystemUIInputModule.cs:781)
UnityEngine.InputSystem.UI.InputSystemUIInputModule:ProcessPointer (UnityEngine.InputSystem.UI.PointerModel&) (at ./Library/PackageCache/com.unity.inputsystem@7a4e1a2a8194/InputSystem/Runtime/Plugins/UI/InputSystemUIInputModule.cs:487)
UnityEngine.InputSystem.UI.InputSystemUIInputModule:Process () (at ./Library/PackageCache/com.unity.inputsystem@7a4e1a2a8194/InputSystem/Runtime/Plugins/UI/InputSystemUIInputModule.cs:2405)
UnityEngine.EventSystems.EventSystem:Update () (at ./Library/PackageCache/com.unity.ugui@1c4864518158/Runtime/UGUI/EventSystem/EventSystem.cs:516)

(Filename: Assets/InventoryItem.cs Line: 80)

OnDrag
UnityEngine.Debug:ExtractStackTraceNoAlloc (byte*,int,string)
UnityEngine.StackTraceUtility:ExtractStackTrace ()
UnityEngine.DebugLogHandler:Internal_Log (UnityEngine.LogType,UnityEngine.LogOption,string,UnityEngine.Object)
UnityEngine.DebugLogHandler:LogFormat (UnityEngine.LogType,UnityEngine.Object,string,object[])
UnityEngine.Logger:Log (UnityEngine.LogType,object)
UnityEngine.Debug:Log (object)
InventoryItem:OnDrag (UnityEngine.EventSystems.PointerEventData) (at Assets/InventoryItem.cs:80)
UnityEngine.EventSystems.ExecuteEvents:Execute (UnityEngine.EventSystems.IDragHandler,UnityEngine.EventSystems.BaseEventData) (at ./Library/PackageCache/com.unity.ugui@1c4864518158/Runtime/UGUI/EventSystem/ExecuteEvents.cs:78)
UnityEngine.EventSystems.ExecuteEvents:Execute<UnityEngine.EventSystems.IDragHandler> (UnityEngine.GameObject,UnityEngine.EventSystems.BaseEventData,UnityEngine.EventSystems.ExecuteEvents/EventFunction`1<UnityEngine.EventSystems.IDragHandler>) (at ./Library/PackageCache/com.unity.ugui@1c4864518158/Runtime/UGUI/EventSystem/ExecuteEvents.cs:272)
UnityEngine.InputSystem.UI.InputSystemUIInputModule:ProcessPointerButtonDrag (UnityEngine.InputSystem.UI.PointerModel/ButtonState&,UnityEngine.InputSystem.UI.ExtendedPointerEventData) (at ./Library/PackageCache/com.unity.inputsystem@7a4e1a2a8194/InputSystem/Runtime/Plugins/UI/InputSystemUIInputModule.cs:781)
UnityEngine.InputSystem.UI.InputSystemUIInputModule:ProcessPointer (UnityEngine.InputSystem.UI.PointerModel&) (at ./Library/PackageCache/com.unity.inputsystem@7a4e1a2a8194/InputSystem/Runtime/Plugins/UI/InputSystemUIInputModule.cs:487)
UnityEngine.InputSystem.UI.InputSystemUIInputModule:Process () (at ./Library/PackageCache/com.unity.inputsystem@7a4e1a2a8194/InputSystem/Runtime/Plugins/UI/InputSystemUIInputModule.cs:2405)
UnityEngine.EventSystems.EventSystem:Update () (at ./Library/PackageCache/com.unity.ugui@1c4864518158/Runtime/UGUI/EventSystem/EventSystem.cs:516)

(Filename: Assets/InventoryItem.cs Line: 80)

OnDrag
UnityEngine.Debug:ExtractStackTraceNoAlloc (byte*,int,string)
UnityEngine.StackTraceUtility:ExtractStackTrace ()
UnityEngine.DebugLogHandler:Internal_Log (UnityEngine.LogType,UnityEngine.LogOption,string,UnityEngine.Object)
UnityEngine.DebugLogHandler:LogFormat (UnityEngine.LogType,UnityEngine.Object,string,object[])
UnityEngine.Logger:Log (UnityEngine.LogType,object)
UnityEngine.Debug:Log (object)
InventoryItem:OnDrag (UnityEngine.EventSystems.PointerEventData) (at Assets/InventoryItem.cs:80)
UnityEngine.EventSystems.ExecuteEvents:Execute (UnityEngine.EventSystems.IDragHandler,UnityEngine.EventSystems.BaseEventData) (at ./Library/PackageCache/com.unity.ugui@1c4864518158/Runtime/UGUI/EventSystem/ExecuteEvents.cs:78)
UnityEngine.EventSystems.ExecuteEvents:Execute<UnityEngine.EventSystems.IDragHandler> (UnityEngine.GameObject,UnityEngine.EventSystems.BaseEventData,UnityEngine.EventSystems.ExecuteEvents/EventFunction`1<UnityEngine.EventSystems.IDragHandler>) (at ./Library/PackageCache/com.unity.ugui@1c4864518158/Runtime/UGUI/EventSystem/ExecuteEvents.cs:272)
UnityEngine.InputSystem.UI.InputSystemUIInputModule:ProcessPointerButtonDrag (UnityEngine.InputSystem.UI.PointerModel/ButtonState&,UnityEngine.InputSystem.UI.ExtendedPointerEventData) (at ./Library/PackageCache/com.unity.inputsystem@7a4e1a2a8194/InputSystem/Runtime/Plugins/UI/InputSystemUIInputModule.cs:781)
UnityEngine.InputSystem.UI.InputSystemUIInputModule:ProcessPointer (UnityEngine.InputSystem.UI.PointerModel&) (at ./Library/PackageCache/com.unity.inputsystem@7a4e1a2a8194/InputSystem/Runtime/Plugins/UI/InputSystemUIInputModule.cs:487)
UnityEngine.InputSystem.UI.InputSystemUIInputModule:Process () (at ./Library/PackageCache/com.unity.inputsystem@7a4e1a2a8194/InputSystem/Runtime/Plugins/UI/InputSystemUIInputModule.cs:2405)
UnityEngine.EventSystems.EventSystem:Update () (at ./Library/PackageCache/com.unity.ugui@1c4864518158/Runtime/UGUI/EventSystem/EventSystem.cs:516)

(Filename: Assets/InventoryItem.cs Line: 80)

OnDrag
UnityEngine.Debug:ExtractStackTraceNoAlloc (byte*,int,string)
UnityEngine.StackTraceUtility:ExtractStackTrace ()
UnityEngine.DebugLogHandler:Internal_Log (UnityEngine.LogType,UnityEngine.LogOption,string,UnityEngine.Object)
UnityEngine.DebugLogHandler:LogFormat (UnityEngine.LogType,UnityEngine.Object,string,object[])
UnityEngine.Logger:Log (UnityEngine.LogType,object)
UnityEngine.Debug:Log (object)
InventoryItem:OnDrag (UnityEngine.EventSystems.PointerEventData) (at Assets/InventoryItem.cs:80)
UnityEngine.EventSystems.ExecuteEvents:Execute (UnityEngine.EventSystems.IDragHandler,UnityEngine.EventSystems.BaseEventData) (at ./Library/PackageCache/com.unity.ugui@1c4864518158/Runtime/UGUI/EventSystem/ExecuteEvents.cs:78)
UnityEngine.EventSystems.ExecuteEvents:Execute<UnityEngine.EventSystems.IDragHandler> (UnityEngine.GameObject,UnityEngine.EventSystems.BaseEventData,UnityEngine.EventSystems.ExecuteEvents/EventFunction`1<UnityEngine.EventSystems.IDragHandler>) (at ./Library/PackageCache/com.unity.ugui@1c4864518158/Runtime/UGUI/EventSystem/ExecuteEvents.cs:272)
UnityEngine.InputSystem.UI.InputSystemUIInputModule:ProcessPointerButtonDrag (UnityEngine.InputSystem.UI.PointerModel/ButtonState&,UnityEngine.InputSystem.UI.ExtendedPointerEventData) (at ./Library/PackageCache/com.unity.inputsystem@7a4e1a2a8194/InputSystem/Runtime/Plugins/UI/InputSystemUIInputModule.cs:781)
UnityEngine.InputSystem.UI.InputSystemUIInputModule:ProcessPointer (UnityEngine.InputSystem.UI.PointerModel&) (at ./Library/PackageCache/com.unity.inputsystem@7a4e1a2a8194/InputSystem/Runtime/Plugins/UI/InputSystemUIInputModule.cs:487)
UnityEngine.InputSystem.UI.InputSystemUIInputModule:Process () (at ./Library/PackageCache/com.unity.inputsystem@7a4e1a2a8194/InputSystem/Runtime/Plugins/UI/InputSystemUIInputModule.cs:2405)
UnityEngine.EventSystems.EventSystem:Update () (at ./Library/PackageCache/com.unity.ugui@1c4864518158/Runtime/UGUI/EventSystem/EventSystem.cs:516)

(Filename: Assets/InventoryItem.cs Line: 80)

OnDrag
UnityEngine.Debug:ExtractStackTraceNoAlloc (byte*,int,string)
UnityEngine.StackTraceUtility:ExtractStackTrace ()
UnityEngine.DebugLogHandler:Internal_Log (UnityEngine.LogType,UnityEngine.LogOption,string,UnityEngine.Object)
UnityEngine.DebugLogHandler:LogFormat (UnityEngine.LogType,UnityEngine.Object,string,object[])
UnityEngine.Logger:Log (UnityEngine.LogType,object)
UnityEngine.Debug:Log (object)
InventoryItem:OnDrag (UnityEngine.EventSystems.PointerEventData) (at Assets/InventoryItem.cs:80)
UnityEngine.EventSystems.ExecuteEvents:Execute (UnityEngine.EventSystems.IDragHandler,UnityEngine.EventSystems.BaseEventData) (at ./Library/PackageCache/com.unity.ugui@1c4864518158/Runtime/UGUI/EventSystem/ExecuteEvents.cs:78)
UnityEngine.EventSystems.ExecuteEvents:Execute<UnityEngine.EventSystems.IDragHandler> (UnityEngine.GameObject,UnityEngine.EventSystems.BaseEventData,UnityEngine.EventSystems.ExecuteEvents/EventFunction`1<UnityEngine.EventSystems.IDragHandler>) (at ./Library/PackageCache/com.unity.ugui@1c4864518158/Runtime/UGUI/EventSystem/ExecuteEvents.cs:272)
UnityEngine.InputSystem.UI.InputSystemUIInputModule:ProcessPointerButtonDrag (UnityEngine.InputSystem.UI.PointerModel/ButtonState&,UnityEngine.InputSystem.UI.ExtendedPointerEventData) (at ./Library/PackageCache/com.unity.inputsystem@7a4e1a2a8194/InputSystem/Runtime/Plugins/UI/InputSystemUIInputModule.cs:781)
UnityEngine.InputSystem.UI.InputSystemUIInputModule:ProcessPointer (UnityEngine.InputSystem.UI.PointerModel&) (at ./Library/PackageCache/com.unity.inputsystem@7a4e1a2a8194/InputSystem/Runtime/Plugins/UI/InputSystemUIInputModule.cs:487)
UnityEngine.InputSystem.UI.InputSystemUIInputModule:Process () (at ./Library/PackageCache/com.unity.inputsystem@7a4e1a2a8194/InputSystem/Runtime/Plugins/UI/InputSystemUIInputModule.cs:2405)
UnityEngine.EventSystems.EventSystem:Update () (at ./Library/PackageCache/com.unity.ugui@1c4864518158/Runtime/UGUI/EventSystem/EventSystem.cs:516)

(Filename: Assets/InventoryItem.cs Line: 80)

OnDrag
UnityEngine.Debug:ExtractStackTraceNoAlloc (byte*,int,string)
UnityEngine.StackTraceUtility:ExtractStackTrace ()
UnityEngine.DebugLogHandler:Internal_Log (UnityEngine.LogType,UnityEngine.LogOption,string,UnityEngine.Object)
UnityEngine.DebugLogHandler:LogFormat (UnityEngine.LogType,UnityEngine.Object,string,object[])
UnityEngine.Logger:Log (UnityEngine.LogType,object)
UnityEngine.Debug:Log (object)
InventoryItem:OnDrag (UnityEngine.EventSystems.PointerEventData) (at Assets/InventoryItem.cs:80)
UnityEngine.EventSystems.ExecuteEvents:Execute (UnityEngine.EventSystems.IDragHandler,UnityEngine.EventSystems.BaseEventData) (at ./Library/PackageCache/com.unity.ugui@1c4864518158/Runtime/UGUI/EventSystem/ExecuteEvents.cs:78)
UnityEngine.EventSystems.ExecuteEvents:Execute<UnityEngine.EventSystems.IDragHandler> (UnityEngine.GameObject,UnityEngine.EventSystems.BaseEventData,UnityEngine.EventSystems.ExecuteEvents/EventFunction`1<UnityEngine.EventSystems.IDragHandler>) (at ./Library/PackageCache/com.unity.ugui@1c4864518158/Runtime/UGUI/EventSystem/ExecuteEvents.cs:272)
UnityEngine.InputSystem.UI.InputSystemUIInputModule:ProcessPointerButtonDrag (UnityEngine.InputSystem.UI.PointerModel/ButtonState&,UnityEngine.InputSystem.UI.ExtendedPointerEventData) (at ./Library/PackageCache/com.unity.inputsystem@7a4e1a2a8194/InputSystem/Runtime/Plugins/UI/InputSystemUIInputModule.cs:781)
UnityEngine.InputSystem.UI.InputSystemUIInputModule:ProcessPointer (UnityEngine.InputSystem.UI.PointerModel&) (at ./Library/PackageCache/com.unity.inputsystem@7a4e1a2a8194/InputSystem/Runtime/Plugins/UI/InputSystemUIInputModule.cs:487)
UnityEngine.InputSystem.UI.InputSystemUIInputModule:Process () (at ./Library/PackageCache/com.unity.inputsystem@7a4e1a2a8194/InputSystem/Runtime/Plugins/UI/InputSystemUIInputModule.cs:2405)
UnityEngine.EventSystems.EventSystem:Update () (at ./Library/PackageCache/com.unity.ugui@1c4864518158/Runtime/UGUI/EventSystem/EventSystem.cs:516)

(Filename: Assets/InventoryItem.cs Line: 80)

OnDrag
UnityEngine.Debug:ExtractStackTraceNoAlloc (byte*,int,string)
UnityEngine.StackTraceUtility:ExtractStackTrace ()
UnityEngine.DebugLogHandler:Internal_Log (UnityEngine.LogType,UnityEngine.LogOption,string,UnityEngine.Object)
UnityEngine.DebugLogHandler:LogFormat (UnityEngine.LogType,UnityEngine.Object,string,object[])
UnityEngine.Logger:Log (UnityEngine.LogType,object)
UnityEngine.Debug:Log (object)
InventoryItem:OnDrag (UnityEngine.EventSystems.PointerEventData) (at Assets/InventoryItem.cs:80)
UnityEngine.EventSystems.ExecuteEvents:Execute (UnityEngine.EventSystems.IDragHandler,UnityEngine.EventSystems.BaseEventData) (at ./Library/PackageCache/com.unity.ugui@1c4864518158/Runtime/UGUI/EventSystem/ExecuteEvents.cs:78)
UnityEngine.EventSystems.ExecuteEvents:Execute<UnityEngine.EventSystems.IDragHandler> (UnityEngine.GameObject,UnityEngine.EventSystems.BaseEventData,UnityEngine.EventSystems.ExecuteEvents/EventFunction`1<UnityEngine.EventSystems.IDragHandler>) (at ./Library/PackageCache/com.unity.ugui@1c4864518158/Runtime/UGUI/EventSystem/ExecuteEvents.cs:272)
UnityEngine.InputSystem.UI.InputSystemUIInputModule:ProcessPointerButtonDrag (UnityEngine.InputSystem.UI.PointerModel/ButtonState&,UnityEngine.InputSystem.UI.ExtendedPointerEventData) (at ./Library/PackageCache/com.unity.inputsystem@7a4e1a2a8194/InputSystem/Runtime/Plugins/UI/InputSystemUIInputModule.cs:781)
UnityEngine.InputSystem.UI.InputSystemUIInputModule:ProcessPointer (UnityEngine.InputSystem.UI.PointerModel&) (at ./Library/PackageCache/com.unity.inputsystem@7a4e1a2a8194/InputSystem/Runtime/Plugins/UI/InputSystemUIInputModule.cs:487)
UnityEngine.InputSystem.UI.InputSystemUIInputModule:Process () (at ./Library/PackageCache/com.unity.inputsystem@7a4e1a2a8194/InputSystem/Runtime/Plugins/UI/InputSystemUIInputModule.cs:2405)
UnityEngine.EventSystems.EventSystem:Update () (at ./Library/PackageCache/com.unity.ugui@1c4864518158/Runtime/UGUI/EventSystem/EventSystem.cs:516)

(Filename: Assets/InventoryItem.cs Line: 80)

OnDrag
UnityEngine.Debug:ExtractStackTraceNoAlloc (byte*,int,string)
UnityEngine.StackTraceUtility:ExtractStackTrace ()
UnityEngine.DebugLogHandler:Internal_Log (UnityEngine.LogType,UnityEngine.LogOption,string,UnityEngine.Object)
UnityEngine.DebugLogHandler:LogFormat (UnityEngine.LogType,UnityEngine.Object,string,object[])
UnityEngine.Logger:Log (UnityEngine.LogType,object)
UnityEngine.Debug:Log (object)
InventoryItem:OnDrag (UnityEngine.EventSystems.PointerEventData) (at Assets/InventoryItem.cs:80)
UnityEngine.EventSystems.ExecuteEvents:Execute (UnityEngine.EventSystems.IDragHandler,UnityEngine.EventSystems.BaseEventData) (at ./Library/PackageCache/com.unity.ugui@1c4864518158/Runtime/UGUI/EventSystem/ExecuteEvents.cs:78)
UnityEngine.EventSystems.ExecuteEvents:Execute<UnityEngine.EventSystems.IDragHandler> (UnityEngine.GameObject,UnityEngine.EventSystems.BaseEventData,UnityEngine.EventSystems.ExecuteEvents/EventFunction`1<UnityEngine.EventSystems.IDragHandler>) (at ./Library/PackageCache/com.unity.ugui@1c4864518158/Runtime/UGUI/EventSystem/ExecuteEvents.cs:272)
UnityEngine.InputSystem.UI.InputSystemUIInputModule:ProcessPointerButtonDrag (UnityEngine.InputSystem.UI.PointerModel/ButtonState&,UnityEngine.InputSystem.UI.ExtendedPointerEventData) (at ./Library/PackageCache/com.unity.inputsystem@7a4e1a2a8194/InputSystem/Runtime/Plugins/UI/InputSystemUIInputModule.cs:781)
UnityEngine.InputSystem.UI.InputSystemUIInputModule:ProcessPointer (UnityEngine.InputSystem.UI.PointerModel&) (at ./Library/PackageCache/com.unity.inputsystem@7a4e1a2a8194/InputSystem/Runtime/Plugins/UI/InputSystemUIInputModule.cs:487)
UnityEngine.InputSystem.UI.InputSystemUIInputModule:Process () (at ./Library/PackageCache/com.unity.inputsystem@7a4e1a2a8194/InputSystem/Runtime/Plugins/UI/InputSystemUIInputModule.cs:2405)
UnityEngine.EventSystems.EventSystem:Update () (at ./Library/PackageCache/com.unity.ugui@1c4864518158/Runtime/UGUI/EventSystem/EventSystem.cs:516)

(Filename: Assets/InventoryItem.cs Line: 80)

OnDrag
UnityEngine.Debug:ExtractStackTraceNoAlloc (byte*,int,string)
UnityEngine.StackTraceUtility:ExtractStackTrace ()
UnityEngine.DebugLogHandler:Internal_Log (UnityEngine.LogType,UnityEngine.LogOption,string,UnityEngine.Object)
UnityEngine.DebugLogHandler:LogFormat (UnityEngine.LogType,UnityEngine.Object,string,object[])
UnityEngine.Logger:Log (UnityEngine.LogType,object)
UnityEngine.Debug:Log (object)
InventoryItem:OnDrag (UnityEngine.EventSystems.PointerEventData) (at Assets/InventoryItem.cs:80)
UnityEngine.EventSystems.ExecuteEvents:Execute (UnityEngine.EventSystems.IDragHandler,UnityEngine.EventSystems.BaseEventData) (at ./Library/PackageCache/com.unity.ugui@1c4864518158/Runtime/UGUI/EventSystem/ExecuteEvents.cs:78)
UnityEngine.EventSystems.ExecuteEvents:Execute<UnityEngine.EventSystems.IDragHandler> (UnityEngine.GameObject,UnityEngine.EventSystems.BaseEventData,UnityEngine.EventSystems.ExecuteEvents/EventFunction`1<UnityEngine.EventSystems.IDragHandler>) (at ./Library/PackageCache/com.unity.ugui@1c4864518158/Runtime/UGUI/EventSystem/ExecuteEvents.cs:272)
UnityEngine.InputSystem.UI.InputSystemUIInputModule:ProcessPointerButtonDrag (UnityEngine.InputSystem.UI.PointerModel/ButtonState&,UnityEngine.InputSystem.UI.ExtendedPointerEventData) (at ./Library/PackageCache/com.unity.inputsystem@7a4e1a2a8194/InputSystem/Runtime/Plugins/UI/InputSystemUIInputModule.cs:781)
UnityEngine.InputSystem.UI.InputSystemUIInputModule:ProcessPointer (UnityEngine.InputSystem.UI.PointerModel&) (at ./Library/PackageCache/com.unity.inputsystem@7a4e1a2a8194/InputSystem/Runtime/Plugins/UI/InputSystemUIInputModule.cs:487)
UnityEngine.InputSystem.UI.InputSystemUIInputModule:Process () (at ./Library/PackageCache/com.unity.inputsystem@7a4e1a2a8194/InputSystem/Runtime/Plugins/UI/InputSystemUIInputModule.cs:2405)
UnityEngine.EventSystems.EventSystem:Update () (at ./Library/PackageCache/com.unity.ugui@1c4864518158/Runtime/UGUI/EventSystem/EventSystem.cs:516)

(Filename: Assets/InventoryItem.cs Line: 80)

OnDrag
UnityEngine.Debug:ExtractStackTraceNoAlloc (byte*,int,string)
UnityEngine.StackTraceUtility:ExtractStackTrace ()
UnityEngine.DebugLogHandler:Internal_Log (UnityEngine.LogType,UnityEngine.LogOption,string,UnityEngine.Object)
UnityEngine.DebugLogHandler:LogFormat (UnityEngine.LogType,UnityEngine.Object,string,object[])
UnityEngine.Logger:Log (UnityEngine.LogType,object)
UnityEngine.Debug:Log (object)
InventoryItem:OnDrag (UnityEngine.EventSystems.PointerEventData) (at Assets/InventoryItem.cs:80)
UnityEngine.EventSystems.ExecuteEvents:Execute (UnityEngine.EventSystems.IDragHandler,UnityEngine.EventSystems.BaseEventData) (at ./Library/PackageCache/com.unity.ugui@1c4864518158/Runtime/UGUI/EventSystem/ExecuteEvents.cs:78)
UnityEngine.EventSystems.ExecuteEvents:Execute<UnityEngine.EventSystems.IDragHandler> (UnityEngine.GameObject,UnityEngine.EventSystems.BaseEventData,UnityEngine.EventSystems.ExecuteEvents/EventFunction`1<UnityEngine.EventSystems.IDragHandler>) (at ./Library/PackageCache/com.unity.ugui@1c4864518158/Runtime/UGUI/EventSystem/ExecuteEvents.cs:272)
UnityEngine.InputSystem.UI.InputSystemUIInputModule:ProcessPointerButtonDrag (UnityEngine.InputSystem.UI.PointerModel/ButtonState&,UnityEngine.InputSystem.UI.ExtendedPointerEventData) (at ./Library/PackageCache/com.unity.inputsystem@7a4e1a2a8194/InputSystem/Runtime/Plugins/UI/InputSystemUIInputModule.cs:781)
UnityEngine.InputSystem.UI.InputSystemUIInputModule:ProcessPointer (UnityEngine.InputSystem.UI.PointerModel&) (at ./Library/PackageCache/com.unity.inputsystem@7a4e1a2a8194/InputSystem/Runtime/Plugins/UI/InputSystemUIInputModule.cs:487)
UnityEngine.InputSystem.UI.InputSystemUIInputModule:Process () (at ./Library/PackageCache/com.unity.inputsystem@7a4e1a2a8194/InputSystem/Runtime/Plugins/UI/InputSystemUIInputModule.cs:2405)
UnityEngine.EventSystems.EventSystem:Update () (at ./Library/PackageCache/com.unity.ugui@1c4864518158/Runtime/UGUI/EventSystem/EventSystem.cs:516)

(Filename: Assets/InventoryItem.cs Line: 80)

OnDrag
UnityEngine.Debug:ExtractStackTraceNoAlloc (byte*,int,string)
UnityEngine.StackTraceUtility:ExtractStackTrace ()
UnityEngine.DebugLogHandler:Internal_Log (UnityEngine.LogType,UnityEngine.LogOption,string,UnityEngine.Object)
UnityEngine.DebugLogHandler:LogFormat (UnityEngine.LogType,UnityEngine.Object,string,object[])
UnityEngine.Logger:Log (UnityEngine.LogType,object)
UnityEngine.Debug:Log (object)
InventoryItem:OnDrag (UnityEngine.EventSystems.PointerEventData) (at Assets/InventoryItem.cs:80)
UnityEngine.EventSystems.ExecuteEvents:Execute (UnityEngine.EventSystems.IDragHandler,UnityEngine.EventSystems.BaseEventData) (at ./Library/PackageCache/com.unity.ugui@1c4864518158/Runtime/UGUI/EventSystem/ExecuteEvents.cs:78)
UnityEngine.EventSystems.ExecuteEvents:Execute<UnityEngine.EventSystems.IDragHandler> (UnityEngine.GameObject,UnityEngine.EventSystems.BaseEventData,UnityEngine.EventSystems.ExecuteEvents/EventFunction`1<UnityEngine.EventSystems.IDragHandler>) (at ./Library/PackageCache/com.unity.ugui@1c4864518158/Runtime/UGUI/EventSystem/ExecuteEvents.cs:272)
UnityEngine.InputSystem.UI.InputSystemUIInputModule:ProcessPointerButtonDrag (UnityEngine.InputSystem.UI.PointerModel/ButtonState&,UnityEngine.InputSystem.UI.ExtendedPointerEventData) (at ./Library/PackageCache/com.unity.inputsystem@7a4e1a2a8194/InputSystem/Runtime/Plugins/UI/InputSystemUIInputModule.cs:781)
UnityEngine.InputSystem.UI.InputSystemUIInputModule:ProcessPointer (UnityEngine.InputSystem.UI.PointerModel&) (at ./Library/PackageCache/com.unity.inputsystem@7a4e1a2a8194/InputSystem/Runtime/Plugins/UI/InputSystemUIInputModule.cs:487)
UnityEngine.InputSystem.UI.InputSystemUIInputModule:Process () (at ./Library/PackageCache/com.unity.inputsystem@7a4e1a2a8194/InputSystem/Runtime/Plugins/UI/InputSystemUIInputModule.cs:2405)
UnityEngine.EventSystems.EventSystem:Update () (at ./Library/PackageCache/com.unity.ugui@1c4864518158/Runtime/UGUI/EventSystem/EventSystem.cs:516)

(Filename: Assets/InventoryItem.cs Line: 80)

OnDrag
UnityEngine.Debug:ExtractStackTraceNoAlloc (byte*,int,string)
UnityEngine.StackTraceUtility:ExtractStackTrace ()
UnityEngine.DebugLogHandler:Internal_Log (UnityEngine.LogType,UnityEngine.LogOption,string,UnityEngine.Object)
UnityEngine.DebugLogHandler:LogFormat (UnityEngine.LogType,UnityEngine.Object,string,object[])
UnityEngine.Logger:Log (UnityEngine.LogType,object)
UnityEngine.Debug:Log (object)
InventoryItem:OnDrag (UnityEngine.EventSystems.PointerEventData) (at Assets/InventoryItem.cs:80)
UnityEngine.EventSystems.ExecuteEvents:Execute (UnityEngine.EventSystems.IDragHandler,UnityEngine.EventSystems.BaseEventData) (at ./Library/PackageCache/com.unity.ugui@1c4864518158/Runtime/UGUI/EventSystem/ExecuteEvents.cs:78)
UnityEngine.EventSystems.ExecuteEvents:Execute<UnityEngine.EventSystems.IDragHandler> (UnityEngine.GameObject,UnityEngine.EventSystems.BaseEventData,UnityEngine.EventSystems.ExecuteEvents/EventFunction`1<UnityEngine.EventSystems.IDragHandler>) (at ./Library/PackageCache/com.unity.ugui@1c4864518158/Runtime/UGUI/EventSystem/ExecuteEvents.cs:272)
UnityEngine.InputSystem.UI.InputSystemUIInputModule:ProcessPointerButtonDrag (UnityEngine.InputSystem.UI.PointerModel/ButtonState&,UnityEngine.InputSystem.UI.ExtendedPointerEventData) (at ./Library/PackageCache/com.unity.inputsystem@7a4e1a2a8194/InputSystem/Runtime/Plugins/UI/InputSystemUIInputModule.cs:781)
UnityEngine.InputSystem.UI.InputSystemUIInputModule:ProcessPointer (UnityEngine.InputSystem.UI.PointerModel&) (at ./Library/PackageCache/com.unity.inputsystem@7a4e1a2a8194/InputSystem/Runtime/Plugins/UI/InputSystemUIInputModule.cs:487)
UnityEngine.InputSystem.UI.InputSystemUIInputModule:Process () (at ./Library/PackageCache/com.unity.inputsystem@7a4e1a2a8194/InputSystem/Runtime/Plugins/UI/InputSystemUIInputModule.cs:2405)
UnityEngine.EventSystems.EventSystem:Update () (at ./Library/PackageCache/com.unity.ugui@1c4864518158/Runtime/UGUI/EventSystem/EventSystem.cs:516)

(Filename: Assets/InventoryItem.cs Line: 80)

OnDrag
UnityEngine.Debug:ExtractStackTraceNoAlloc (byte*,int,string)
UnityEngine.StackTraceUtility:ExtractStackTrace ()
UnityEngine.DebugLogHandler:Internal_Log (UnityEngine.LogType,UnityEngine.LogOption,string,UnityEngine.Object)
UnityEngine.DebugLogHandler:LogFormat (UnityEngine.LogType,UnityEngine.Object,string,object[])
UnityEngine.Logger:Log (UnityEngine.LogType,object)
UnityEngine.Debug:Log (object)
InventoryItem:OnDrag (UnityEngine.EventSystems.PointerEventData) (at Assets/InventoryItem.cs:80)
UnityEngine.EventSystems.ExecuteEvents:Execute (UnityEngine.EventSystems.IDragHandler,UnityEngine.EventSystems.BaseEventData) (at ./Library/PackageCache/com.unity.ugui@1c4864518158/Runtime/UGUI/EventSystem/ExecuteEvents.cs:78)
UnityEngine.EventSystems.ExecuteEvents:Execute<UnityEngine.EventSystems.IDragHandler> (UnityEngine.GameObject,UnityEngine.EventSystems.BaseEventData,UnityEngine.EventSystems.ExecuteEvents/EventFunction`1<UnityEngine.EventSystems.IDragHandler>) (at ./Library/PackageCache/com.unity.ugui@1c4864518158/Runtime/UGUI/EventSystem/ExecuteEvents.cs:272)
UnityEngine.InputSystem.UI.InputSystemUIInputModule:ProcessPointerButtonDrag (UnityEngine.InputSystem.UI.PointerModel/ButtonState&,UnityEngine.InputSystem.UI.ExtendedPointerEventData) (at ./Library/PackageCache/com.unity.inputsystem@7a4e1a2a8194/InputSystem/Runtime/Plugins/UI/InputSystemUIInputModule.cs:781)
UnityEngine.InputSystem.UI.InputSystemUIInputModule:ProcessPointer (UnityEngine.InputSystem.UI.PointerModel&) (at ./Library/PackageCache/com.unity.inputsystem@7a4e1a2a8194/InputSystem/Runtime/Plugins/UI/InputSystemUIInputModule.cs:487)
UnityEngine.InputSystem.UI.InputSystemUIInputModule:Process () (at ./Library/PackageCache/com.unity.inputsystem@7a4e1a2a8194/InputSystem/Runtime/Plugins/UI/InputSystemUIInputModule.cs:2405)
UnityEngine.EventSystems.EventSystem:Update () (at ./Library/PackageCache/com.unity.ugui@1c4864518158/Runtime/UGUI/EventSystem/EventSystem.cs:516)

(Filename: Assets/InventoryItem.cs Line: 80)

OnDrag
UnityEngine.Debug:ExtractStackTraceNoAlloc (byte*,int,string)
UnityEngine.StackTraceUtility:ExtractStackTrace ()
UnityEngine.DebugLogHandler:Internal_Log (UnityEngine.LogType,UnityEngine.LogOption,string,UnityEngine.Object)
UnityEngine.DebugLogHandler:LogFormat (UnityEngine.LogType,UnityEngine.Object,string,object[])
UnityEngine.Logger:Log (UnityEngine.LogType,object)
UnityEngine.Debug:Log (object)
InventoryItem:OnDrag (UnityEngine.EventSystems.PointerEventData) (at Assets/InventoryItem.cs:80)
UnityEngine.EventSystems.ExecuteEvents:Execute (UnityEngine.EventSystems.IDragHandler,UnityEngine.EventSystems.BaseEventData) (at ./Library/PackageCache/com.unity.ugui@1c4864518158/Runtime/UGUI/EventSystem/ExecuteEvents.cs:78)
UnityEngine.EventSystems.ExecuteEvents:Execute<UnityEngine.EventSystems.IDragHandler> (UnityEngine.GameObject,UnityEngine.EventSystems.BaseEventData,UnityEngine.EventSystems.ExecuteEvents/EventFunction`1<UnityEngine.EventSystems.IDragHandler>) (at ./Library/PackageCache/com.unity.ugui@1c4864518158/Runtime/UGUI/EventSystem/ExecuteEvents.cs:272)
UnityEngine.InputSystem.UI.InputSystemUIInputModule:ProcessPointerButtonDrag (UnityEngine.InputSystem.UI.PointerModel/ButtonState&,UnityEngine.InputSystem.UI.ExtendedPointerEventData) (at ./Library/PackageCache/com.unity.inputsystem@7a4e1a2a8194/InputSystem/Runtime/Plugins/UI/InputSystemUIInputModule.cs:781)
UnityEngine.InputSystem.UI.InputSystemUIInputModule:ProcessPointer (UnityEngine.InputSystem.UI.PointerModel&) (at ./Library/PackageCache/com.unity.inputsystem@7a4e1a2a8194/InputSystem/Runtime/Plugins/UI/InputSystemUIInputModule.cs:487)
UnityEngine.InputSystem.UI.InputSystemUIInputModule:Process () (at ./Library/PackageCache/com.unity.inputsystem@7a4e1a2a8194/InputSystem/Runtime/Plugins/UI/InputSystemUIInputModule.cs:2405)
UnityEngine.EventSystems.EventSystem:Update () (at ./Library/PackageCache/com.unity.ugui@1c4864518158/Runtime/UGUI/EventSystem/EventSystem.cs:516)

(Filename: Assets/InventoryItem.cs Line: 80)

OnDrag
UnityEngine.Debug:ExtractStackTraceNoAlloc (byte*,int,string)
UnityEngine.StackTraceUtility:ExtractStackTrace ()
UnityEngine.DebugLogHandler:Internal_Log (UnityEngine.LogType,UnityEngine.LogOption,string,UnityEngine.Object)
UnityEngine.DebugLogHandler:LogFormat (UnityEngine.LogType,UnityEngine.Object,string,object[])
UnityEngine.Logger:Log (UnityEngine.LogType,object)
UnityEngine.Debug:Log (object)
InventoryItem:OnDrag (UnityEngine.EventSystems.PointerEventData) (at Assets/InventoryItem.cs:80)
UnityEngine.EventSystems.ExecuteEvents:Execute (UnityEngine.EventSystems.IDragHandler,UnityEngine.EventSystems.BaseEventData) (at ./Library/PackageCache/com.unity.ugui@1c4864518158/Runtime/UGUI/EventSystem/ExecuteEvents.cs:78)
UnityEngine.EventSystems.ExecuteEvents:Execute<UnityEngine.EventSystems.IDragHandler> (UnityEngine.GameObject,UnityEngine.EventSystems.BaseEventData,UnityEngine.EventSystems.ExecuteEvents/EventFunction`1<UnityEngine.EventSystems.IDragHandler>) (at ./Library/PackageCache/com.unity.ugui@1c4864518158/Runtime/UGUI/EventSystem/ExecuteEvents.cs:272)
UnityEngine.InputSystem.UI.InputSystemUIInputModule:ProcessPointerButtonDrag (UnityEngine.InputSystem.UI.PointerModel/ButtonState&,UnityEngine.InputSystem.UI.ExtendedPointerEventData) (at ./Library/PackageCache/com.unity.inputsystem@7a4e1a2a8194/InputSystem/Runtime/Plugins/UI/InputSystemUIInputModule.cs:781)
UnityEngine.InputSystem.UI.InputSystemUIInputModule:ProcessPointer (UnityEngine.InputSystem.UI.PointerModel&) (at ./Library/PackageCache/com.unity.inputsystem@7a4e1a2a8194/InputSystem/Runtime/Plugins/UI/InputSystemUIInputModule.cs:487)
UnityEngine.InputSystem.UI.InputSystemUIInputModule:Process () (at ./Library/PackageCache/com.unity.inputsystem@7a4e1a2a8194/InputSystem/Runtime/Plugins/UI/InputSystemUIInputModule.cs:2405)
UnityEngine.EventSystems.EventSystem:Update () (at ./Library/PackageCache/com.unity.ugui@1c4864518158/Runtime/UGUI/EventSystem/EventSystem.cs:516)

(Filename: Assets/InventoryItem.cs Line: 80)

OnDrag
UnityEngine.Debug:ExtractStackTraceNoAlloc (byte*,int,string)
UnityEngine.StackTraceUtility:ExtractStackTrace ()
UnityEngine.DebugLogHandler:Internal_Log (UnityEngine.LogType,UnityEngine.LogOption,string,UnityEngine.Object)
UnityEngine.DebugLogHandler:LogFormat (UnityEngine.LogType,UnityEngine.Object,string,object[])
UnityEngine.Logger:Log (UnityEngine.LogType,object)
UnityEngine.Debug:Log (object)
InventoryItem:OnDrag (UnityEngine.EventSystems.PointerEventData) (at Assets/InventoryItem.cs:80)
UnityEngine.EventSystems.ExecuteEvents:Execute (UnityEngine.EventSystems.IDragHandler,UnityEngine.EventSystems.BaseEventData) (at ./Library/PackageCache/com.unity.ugui@1c4864518158/Runtime/UGUI/EventSystem/ExecuteEvents.cs:78)
UnityEngine.EventSystems.ExecuteEvents:Execute<UnityEngine.EventSystems.IDragHandler> (UnityEngine.GameObject,UnityEngine.EventSystems.BaseEventData,UnityEngine.EventSystems.ExecuteEvents/EventFunction`1<UnityEngine.EventSystems.IDragHandler>) (at ./Library/PackageCache/com.unity.ugui@1c4864518158/Runtime/UGUI/EventSystem/ExecuteEvents.cs:272)
UnityEngine.InputSystem.UI.InputSystemUIInputModule:ProcessPointerButtonDrag (UnityEngine.InputSystem.UI.PointerModel/ButtonState&,UnityEngine.InputSystem.UI.ExtendedPointerEventData) (at ./Library/PackageCache/com.unity.inputsystem@7a4e1a2a8194/InputSystem/Runtime/Plugins/UI/InputSystemUIInputModule.cs:781)
UnityEngine.InputSystem.UI.InputSystemUIInputModule:ProcessPointer (UnityEngine.InputSystem.UI.PointerModel&) (at ./Library/PackageCache/com.unity.inputsystem@7a4e1a2a8194/InputSystem/Runtime/Plugins/UI/InputSystemUIInputModule.cs:487)
UnityEngine.InputSystem.UI.InputSystemUIInputModule:Process () (at ./Library/PackageCache/com.unity.inputsystem@7a4e1a2a8194/InputSystem/Runtime/Plugins/UI/InputSystemUIInputModule.cs:2405)
UnityEngine.EventSystems.EventSystem:Update () (at ./Library/PackageCache/com.unity.ugui@1c4864518158/Runtime/UGUI/EventSystem/EventSystem.cs:516)

(Filename: Assets/InventoryItem.cs Line: 80)

OnDrag
UnityEngine.Debug:ExtractStackTraceNoAlloc (byte*,int,string)
UnityEngine.StackTraceUtility:ExtractStackTrace ()
UnityEngine.DebugLogHandler:Internal_Log (UnityEngine.LogType,UnityEngine.LogOption,string,UnityEngine.Object)
UnityEngine.DebugLogHandler:LogFormat (UnityEngine.LogType,UnityEngine.Object,string,object[])
UnityEngine.Logger:Log (UnityEngine.LogType,object)
UnityEngine.Debug:Log (object)
InventoryItem:OnDrag (UnityEngine.EventSystems.PointerEventData) (at Assets/InventoryItem.cs:80)
UnityEngine.EventSystems.ExecuteEvents:Execute (UnityEngine.EventSystems.IDragHandler,UnityEngine.EventSystems.BaseEventData) (at ./Library/PackageCache/com.unity.ugui@1c4864518158/Runtime/UGUI/EventSystem/ExecuteEvents.cs:78)
UnityEngine.EventSystems.ExecuteEvents:Execute<UnityEngine.EventSystems.IDragHandler> (UnityEngine.GameObject,UnityEngine.EventSystems.BaseEventData,UnityEngine.EventSystems.ExecuteEvents/EventFunction`1<UnityEngine.EventSystems.IDragHandler>) (at ./Library/PackageCache/com.unity.ugui@1c4864518158/Runtime/UGUI/EventSystem/ExecuteEvents.cs:272)
UnityEngine.InputSystem.UI.InputSystemUIInputModule:ProcessPointerButtonDrag (UnityEngine.InputSystem.UI.PointerModel/ButtonState&,UnityEngine.InputSystem.UI.ExtendedPointerEventData) (at ./Library/PackageCache/com.unity.inputsystem@7a4e1a2a8194/InputSystem/Runtime/Plugins/UI/InputSystemUIInputModule.cs:781)
UnityEngine.InputSystem.UI.InputSystemUIInputModule:ProcessPointer (UnityEngine.InputSystem.UI.PointerModel&) (at ./Library/PackageCache/com.unity.inputsystem@7a4e1a2a8194/InputSystem/Runtime/Plugins/UI/InputSystemUIInputModule.cs:487)
UnityEngine.InputSystem.UI.InputSystemUIInputModule:Process () (at ./Library/PackageCache/com.unity.inputsystem@7a4e1a2a8194/InputSystem/Runtime/Plugins/UI/InputSystemUIInputModule.cs:2405)
UnityEngine.EventSystems.EventSystem:Update () (at ./Library/PackageCache/com.unity.ugui@1c4864518158/Runtime/UGUI/EventSystem/EventSystem.cs:516)

(Filename: Assets/InventoryItem.cs Line: 80)

OnDrag
UnityEngine.Debug:ExtractStackTraceNoAlloc (byte*,int,string)
UnityEngine.StackTraceUtility:ExtractStackTrace ()
UnityEngine.DebugLogHandler:Internal_Log (UnityEngine.LogType,UnityEngine.LogOption,string,UnityEngine.Object)
UnityEngine.DebugLogHandler:LogFormat (UnityEngine.LogType,UnityEngine.Object,string,object[])
UnityEngine.Logger:Log (UnityEngine.LogType,object)
UnityEngine.Debug:Log (object)
InventoryItem:OnDrag (UnityEngine.EventSystems.PointerEventData) (at Assets/InventoryItem.cs:80)
UnityEngine.EventSystems.ExecuteEvents:Execute (UnityEngine.EventSystems.IDragHandler,UnityEngine.EventSystems.BaseEventData) (at ./Library/PackageCache/com.unity.ugui@1c4864518158/Runtime/UGUI/EventSystem/ExecuteEvents.cs:78)
UnityEngine.EventSystems.ExecuteEvents:Execute<UnityEngine.EventSystems.IDragHandler> (UnityEngine.GameObject,UnityEngine.EventSystems.BaseEventData,UnityEngine.EventSystems.ExecuteEvents/EventFunction`1<UnityEngine.EventSystems.IDragHandler>) (at ./Library/PackageCache/com.unity.ugui@1c4864518158/Runtime/UGUI/EventSystem/ExecuteEvents.cs:272)
UnityEngine.InputSystem.UI.InputSystemUIInputModule:ProcessPointerButtonDrag (UnityEngine.InputSystem.UI.PointerModel/ButtonState&,UnityEngine.InputSystem.UI.ExtendedPointerEventData) (at ./Library/PackageCache/com.unity.inputsystem@7a4e1a2a8194/InputSystem/Runtime/Plugins/UI/InputSystemUIInputModule.cs:781)
UnityEngine.InputSystem.UI.InputSystemUIInputModule:ProcessPointer (UnityEngine.InputSystem.UI.PointerModel&) (at ./Library/PackageCache/com.unity.inputsystem@7a4e1a2a8194/InputSystem/Runtime/Plugins/UI/InputSystemUIInputModule.cs:487)
UnityEngine.InputSystem.UI.InputSystemUIInputModule:Process () (at ./Library/PackageCache/com.unity.inputsystem@7a4e1a2a8194/InputSystem/Runtime/Plugins/UI/InputSystemUIInputModule.cs:2405)
UnityEngine.EventSystems.EventSystem:Update () (at ./Library/PackageCache/com.unity.ugui@1c4864518158/Runtime/UGUI/EventSystem/EventSystem.cs:516)

(Filename: Assets/InventoryItem.cs Line: 80)

OnDrag
UnityEngine.Debug:ExtractStackTraceNoAlloc (byte*,int,string)
UnityEngine.StackTraceUtility:ExtractStackTrace ()
UnityEngine.DebugLogHandler:Internal_Log (UnityEngine.LogType,UnityEngine.LogOption,string,UnityEngine.Object)
UnityEngine.DebugLogHandler:LogFormat (UnityEngine.LogType,UnityEngine.Object,string,object[])
UnityEngine.Logger:Log (UnityEngine.LogType,object)
UnityEngine.Debug:Log (object)
InventoryItem:OnDrag (UnityEngine.EventSystems.PointerEventData) (at Assets/InventoryItem.cs:80)
UnityEngine.EventSystems.ExecuteEvents:Execute (UnityEngine.EventSystems.IDragHandler,UnityEngine.EventSystems.BaseEventData) (at ./Library/PackageCache/com.unity.ugui@1c4864518158/Runtime/UGUI/EventSystem/ExecuteEvents.cs:78)
UnityEngine.EventSystems.ExecuteEvents:Execute<UnityEngine.EventSystems.IDragHandler> (UnityEngine.GameObject,UnityEngine.EventSystems.BaseEventData,UnityEngine.EventSystems.ExecuteEvents/EventFunction`1<UnityEngine.EventSystems.IDragHandler>) (at ./Library/PackageCache/com.unity.ugui@1c4864518158/Runtime/UGUI/EventSystem/ExecuteEvents.cs:272)
UnityEngine.InputSystem.UI.InputSystemUIInputModule:ProcessPointerButtonDrag (UnityEngine.InputSystem.UI.PointerModel/ButtonState&,UnityEngine.InputSystem.UI.ExtendedPointerEventData) (at ./Library/PackageCache/com.unity.inputsystem@7a4e1a2a8194/InputSystem/Runtime/Plugins/UI/InputSystemUIInputModule.cs:781)
UnityEngine.InputSystem.UI.InputSystemUIInputModule:ProcessPointer (UnityEngine.InputSystem.UI.PointerModel&) (at ./Library/PackageCache/com.unity.inputsystem@7a4e1a2a8194/InputSystem/Runtime/Plugins/UI/InputSystemUIInputModule.cs:487)
UnityEngine.InputSystem.UI.InputSystemUIInputModule:Process () (at ./Library/PackageCache/com.unity.inputsystem@7a4e1a2a8194/InputSystem/Runtime/Plugins/UI/InputSystemUIInputModule.cs:2405)
UnityEngine.EventSystems.EventSystem:Update () (at ./Library/PackageCache/com.unity.ugui@1c4864518158/Runtime/UGUI/EventSystem/EventSystem.cs:516)

(Filename: Assets/InventoryItem.cs Line: 80)

OnDrag
UnityEngine.Debug:ExtractStackTraceNoAlloc (byte*,int,string)
UnityEngine.StackTraceUtility:ExtractStackTrace ()
UnityEngine.DebugLogHandler:Internal_Log (UnityEngine.LogType,UnityEngine.LogOption,string,UnityEngine.Object)
UnityEngine.DebugLogHandler:LogFormat (UnityEngine.LogType,UnityEngine.Object,string,object[])
UnityEngine.Logger:Log (UnityEngine.LogType,object)
UnityEngine.Debug:Log (object)
InventoryItem:OnDrag (UnityEngine.EventSystems.PointerEventData) (at Assets/InventoryItem.cs:80)
UnityEngine.EventSystems.ExecuteEvents:Execute (UnityEngine.EventSystems.IDragHandler,UnityEngine.EventSystems.BaseEventData) (at ./Library/PackageCache/com.unity.ugui@1c4864518158/Runtime/UGUI/EventSystem/ExecuteEvents.cs:78)
UnityEngine.EventSystems.ExecuteEvents:Execute<UnityEngine.EventSystems.IDragHandler> (UnityEngine.GameObject,UnityEngine.EventSystems.BaseEventData,UnityEngine.EventSystems.ExecuteEvents/EventFunction`1<UnityEngine.EventSystems.IDragHandler>) (at ./Library/PackageCache/com.unity.ugui@1c4864518158/Runtime/UGUI/EventSystem/ExecuteEvents.cs:272)
UnityEngine.InputSystem.UI.InputSystemUIInputModule:ProcessPointerButtonDrag (UnityEngine.InputSystem.UI.PointerModel/ButtonState&,UnityEngine.InputSystem.UI.ExtendedPointerEventData) (at ./Library/PackageCache/com.unity.inputsystem@7a4e1a2a8194/InputSystem/Runtime/Plugins/UI/InputSystemUIInputModule.cs:781)
UnityEngine.InputSystem.UI.InputSystemUIInputModule:ProcessPointer (UnityEngine.InputSystem.UI.PointerModel&) (at ./Library/PackageCache/com.unity.inputsystem@7a4e1a2a8194/InputSystem/Runtime/Plugins/UI/InputSystemUIInputModule.cs:487)
UnityEngine.InputSystem.UI.InputSystemUIInputModule:Process () (at ./Library/PackageCache/com.unity.inputsystem@7a4e1a2a8194/InputSystem/Runtime/Plugins/UI/InputSystemUIInputModule.cs:2405)
UnityEngine.EventSystems.EventSystem:Update () (at ./Library/PackageCache/com.unity.ugui@1c4864518158/Runtime/UGUI/EventSystem/EventSystem.cs:516)

(Filename: Assets/InventoryItem.cs Line: 80)

OnDrag
UnityEngine.Debug:ExtractStackTraceNoAlloc (byte*,int,string)
UnityEngine.StackTraceUtility:ExtractStackTrace ()
UnityEngine.DebugLogHandler:Internal_Log (UnityEngine.LogType,UnityEngine.LogOption,string,UnityEngine.Object)
UnityEngine.DebugLogHandler:LogFormat (UnityEngine.LogType,UnityEngine.Object,string,object[])
UnityEngine.Logger:Log (UnityEngine.LogType,object)
UnityEngine.Debug:Log (object)
InventoryItem:OnDrag (UnityEngine.EventSystems.PointerEventData) (at Assets/InventoryItem.cs:80)
UnityEngine.EventSystems.ExecuteEvents:Execute (UnityEngine.EventSystems.IDragHandler,UnityEngine.EventSystems.BaseEventData) (at ./Library/PackageCache/com.unity.ugui@1c4864518158/Runtime/UGUI/EventSystem/ExecuteEvents.cs:78)
UnityEngine.EventSystems.ExecuteEvents:Execute<UnityEngine.EventSystems.IDragHandler> (UnityEngine.GameObject,UnityEngine.EventSystems.BaseEventData,UnityEngine.EventSystems.ExecuteEvents/EventFunction`1<UnityEngine.EventSystems.IDragHandler>) (at ./Library/PackageCache/com.unity.ugui@1c4864518158/Runtime/UGUI/EventSystem/ExecuteEvents.cs:272)
UnityEngine.InputSystem.UI.InputSystemUIInputModule:ProcessPointerButtonDrag (UnityEngine.InputSystem.UI.PointerModel/ButtonState&,UnityEngine.InputSystem.UI.ExtendedPointerEventData) (at ./Library/PackageCache/com.unity.inputsystem@7a4e1a2a8194/InputSystem/Runtime/Plugins/UI/InputSystemUIInputModule.cs:781)
UnityEngine.InputSystem.UI.InputSystemUIInputModule:ProcessPointer (UnityEngine.InputSystem.UI.PointerModel&) (at ./Library/PackageCache/com.unity.inputsystem@7a4e1a2a8194/InputSystem/Runtime/Plugins/UI/InputSystemUIInputModule.cs:487)
UnityEngine.InputSystem.UI.InputSystemUIInputModule:Process () (at ./Library/PackageCache/com.unity.inputsystem@7a4e1a2a8194/InputSystem/Runtime/Plugins/UI/InputSystemUIInputModule.cs:2405)
UnityEngine.EventSystems.EventSystem:Update () (at ./Library/PackageCache/com.unity.ugui@1c4864518158/Runtime/UGUI/EventSystem/EventSystem.cs:516)

(Filename: Assets/InventoryItem.cs Line: 80)

OnDrag
UnityEngine.Debug:ExtractStackTraceNoAlloc (byte*,int,string)
UnityEngine.StackTraceUtility:ExtractStackTrace ()
UnityEngine.DebugLogHandler:Internal_Log (UnityEngine.LogType,UnityEngine.LogOption,string,UnityEngine.Object)
UnityEngine.DebugLogHandler:LogFormat (UnityEngine.LogType,UnityEngine.Object,string,object[])
UnityEngine.Logger:Log (UnityEngine.LogType,object)
UnityEngine.Debug:Log (object)
InventoryItem:OnDrag (UnityEngine.EventSystems.PointerEventData) (at Assets/InventoryItem.cs:80)
UnityEngine.EventSystems.ExecuteEvents:Execute (UnityEngine.EventSystems.IDragHandler,UnityEngine.EventSystems.BaseEventData) (at ./Library/PackageCache/com.unity.ugui@1c4864518158/Runtime/UGUI/EventSystem/ExecuteEvents.cs:78)
UnityEngine.EventSystems.ExecuteEvents:Execute<UnityEngine.EventSystems.IDragHandler> (UnityEngine.GameObject,UnityEngine.EventSystems.BaseEventData,UnityEngine.EventSystems.ExecuteEvents/EventFunction`1<UnityEngine.EventSystems.IDragHandler>) (at ./Library/PackageCache/com.unity.ugui@1c4864518158/Runtime/UGUI/EventSystem/ExecuteEvents.cs:272)
UnityEngine.InputSystem.UI.InputSystemUIInputModule:ProcessPointerButtonDrag (UnityEngine.InputSystem.UI.PointerModel/ButtonState&,UnityEngine.InputSystem.UI.ExtendedPointerEventData) (at ./Library/PackageCache/com.unity.inputsystem@7a4e1a2a8194/InputSystem/Runtime/Plugins/UI/InputSystemUIInputModule.cs:781)
UnityEngine.InputSystem.UI.InputSystemUIInputModule:ProcessPointer (UnityEngine.InputSystem.UI.PointerModel&) (at ./Library/PackageCache/com.unity.inputsystem@7a4e1a2a8194/InputSystem/Runtime/Plugins/UI/InputSystemUIInputModule.cs:487)
UnityEngine.InputSystem.UI.InputSystemUIInputModule:Process () (at ./Library/PackageCache/com.unity.inputsystem@7a4e1a2a8194/InputSystem/Runtime/Plugins/UI/InputSystemUIInputModule.cs:2405)
UnityEngine.EventSystems.EventSystem:Update () (at ./Library/PackageCache/com.unity.ugui@1c4864518158/Runtime/UGUI/EventSystem/EventSystem.cs:516)

(Filename: Assets/InventoryItem.cs Line: 80)

OnDrag
UnityEngine.Debug:ExtractStackTraceNoAlloc (byte*,int,string)
UnityEngine.StackTraceUtility:ExtractStackTrace ()
UnityEngine.DebugLogHandler:Internal_Log (UnityEngine.LogType,UnityEngine.LogOption,string,UnityEngine.Object)
UnityEngine.DebugLogHandler:LogFormat (UnityEngine.LogType,UnityEngine.Object,string,object[])
UnityEngine.Logger:Log (UnityEngine.LogType,object)
UnityEngine.Debug:Log (object)
InventoryItem:OnDrag (UnityEngine.EventSystems.PointerEventData) (at Assets/InventoryItem.cs:80)
UnityEngine.EventSystems.ExecuteEvents:Execute (UnityEngine.EventSystems.IDragHandler,UnityEngine.EventSystems.BaseEventData) (at ./Library/PackageCache/com.unity.ugui@1c4864518158/Runtime/UGUI/EventSystem/ExecuteEvents.cs:78)
UnityEngine.EventSystems.ExecuteEvents:Execute<UnityEngine.EventSystems.IDragHandler> (UnityEngine.GameObject,UnityEngine.EventSystems.BaseEventData,UnityEngine.EventSystems.ExecuteEvents/EventFunction`1<UnityEngine.EventSystems.IDragHandler>) (at ./Library/PackageCache/com.unity.ugui@1c4864518158/Runtime/UGUI/EventSystem/ExecuteEvents.cs:272)
UnityEngine.InputSystem.UI.InputSystemUIInputModule:ProcessPointerButtonDrag (UnityEngine.InputSystem.UI.PointerModel/ButtonState&,UnityEngine.InputSystem.UI.ExtendedPointerEventData) (at ./Library/PackageCache/com.unity.inputsystem@7a4e1a2a8194/InputSystem/Runtime/Plugins/UI/InputSystemUIInputModule.cs:781)
UnityEngine.InputSystem.UI.InputSystemUIInputModule:ProcessPointer (UnityEngine.InputSystem.UI.PointerModel&) (at ./Library/PackageCache/com.unity.inputsystem@7a4e1a2a8194/InputSystem/Runtime/Plugins/UI/InputSystemUIInputModule.cs:487)
UnityEngine.InputSystem.UI.InputSystemUIInputModule:Process () (at ./Library/PackageCache/com.unity.inputsystem@7a4e1a2a8194/InputSystem/Runtime/Plugins/UI/InputSystemUIInputModule.cs:2405)
UnityEngine.EventSystems.EventSystem:Update () (at ./Library/PackageCache/com.unity.ugui@1c4864518158/Runtime/UGUI/EventSystem/EventSystem.cs:516)

(Filename: Assets/InventoryItem.cs Line: 80)

OnDrag
UnityEngine.Debug:ExtractStackTraceNoAlloc (byte*,int,string)
UnityEngine.StackTraceUtility:ExtractStackTrace ()
UnityEngine.DebugLogHandler:Internal_Log (UnityEngine.LogType,UnityEngine.LogOption,string,UnityEngine.Object)
UnityEngine.DebugLogHandler:LogFormat (UnityEngine.LogType,UnityEngine.Object,string,object[])
UnityEngine.Logger:Log (UnityEngine.LogType,object)
UnityEngine.Debug:Log (object)
InventoryItem:OnDrag (UnityEngine.EventSystems.PointerEventData) (at Assets/InventoryItem.cs:80)
UnityEngine.EventSystems.ExecuteEvents:Execute (UnityEngine.EventSystems.IDragHandler,UnityEngine.EventSystems.BaseEventData) (at ./Library/PackageCache/com.unity.ugui@1c4864518158/Runtime/UGUI/EventSystem/ExecuteEvents.cs:78)
UnityEngine.EventSystems.ExecuteEvents:Execute<UnityEngine.EventSystems.IDragHandler> (UnityEngine.GameObject,UnityEngine.EventSystems.BaseEventData,UnityEngine.EventSystems.ExecuteEvents/EventFunction`1<UnityEngine.EventSystems.IDragHandler>) (at ./Library/PackageCache/com.unity.ugui@1c4864518158/Runtime/UGUI/EventSystem/ExecuteEvents.cs:272)
UnityEngine.InputSystem.UI.InputSystemUIInputModule:ProcessPointerButtonDrag (UnityEngine.InputSystem.UI.PointerModel/ButtonState&,UnityEngine.InputSystem.UI.ExtendedPointerEventData) (at ./Library/PackageCache/com.unity.inputsystem@7a4e1a2a8194/InputSystem/Runtime/Plugins/UI/InputSystemUIInputModule.cs:781)
UnityEngine.InputSystem.UI.InputSystemUIInputModule:ProcessPointer (UnityEngine.InputSystem.UI.PointerModel&) (at ./Library/PackageCache/com.unity.inputsystem@7a4e1a2a8194/InputSystem/Runtime/Plugins/UI/InputSystemUIInputModule.cs:487)
UnityEngine.InputSystem.UI.InputSystemUIInputModule:Process () (at ./Library/PackageCache/com.unity.inputsystem@7a4e1a2a8194/InputSystem/Runtime/Plugins/UI/InputSystemUIInputModule.cs:2405)
UnityEngine.EventSystems.EventSystem:Update () (at ./Library/PackageCache/com.unity.ugui@1c4864518158/Runtime/UGUI/EventSystem/EventSystem.cs:516)

(Filename: Assets/InventoryItem.cs Line: 80)

OnDrag
UnityEngine.Debug:ExtractStackTraceNoAlloc (byte*,int,string)
UnityEngine.StackTraceUtility:ExtractStackTrace ()
UnityEngine.DebugLogHandler:Internal_Log (UnityEngine.LogType,UnityEngine.LogOption,string,UnityEngine.Object)
UnityEngine.DebugLogHandler:LogFormat (UnityEngine.LogType,UnityEngine.Object,string,object[])
UnityEngine.Logger:Log (UnityEngine.LogType,object)
UnityEngine.Debug:Log (object)
InventoryItem:OnDrag (UnityEngine.EventSystems.PointerEventData) (at Assets/InventoryItem.cs:80)
UnityEngine.EventSystems.ExecuteEvents:Execute (UnityEngine.EventSystems.IDragHandler,UnityEngine.EventSystems.BaseEventData) (at ./Library/PackageCache/com.unity.ugui@1c4864518158/Runtime/UGUI/EventSystem/ExecuteEvents.cs:78)
UnityEngine.EventSystems.ExecuteEvents:Execute<UnityEngine.EventSystems.IDragHandler> (UnityEngine.GameObject,UnityEngine.EventSystems.BaseEventData,UnityEngine.EventSystems.ExecuteEvents/EventFunction`1<UnityEngine.EventSystems.IDragHandler>) (at ./Library/PackageCache/com.unity.ugui@1c4864518158/Runtime/UGUI/EventSystem/ExecuteEvents.cs:272)
UnityEngine.InputSystem.UI.InputSystemUIInputModule:ProcessPointerButtonDrag (UnityEngine.InputSystem.UI.PointerModel/ButtonState&,UnityEngine.InputSystem.UI.ExtendedPointerEventData) (at ./Library/PackageCache/com.unity.inputsystem@7a4e1a2a8194/InputSystem/Runtime/Plugins/UI/InputSystemUIInputModule.cs:781)
UnityEngine.InputSystem.UI.InputSystemUIInputModule:ProcessPointer (UnityEngine.InputSystem.UI.PointerModel&) (at ./Library/PackageCache/com.unity.inputsystem@7a4e1a2a8194/InputSystem/Runtime/Plugins/UI/InputSystemUIInputModule.cs:487)
UnityEngine.InputSystem.UI.InputSystemUIInputModule:Process () (at ./Library/PackageCache/com.unity.inputsystem@7a4e1a2a8194/InputSystem/Runtime/Plugins/UI/InputSystemUIInputModule.cs:2405)
UnityEngine.EventSystems.EventSystem:Update () (at ./Library/PackageCache/com.unity.ugui@1c4864518158/Runtime/UGUI/EventSystem/EventSystem.cs:516)

(Filename: Assets/InventoryItem.cs Line: 80)

OnDrag
UnityEngine.Debug:ExtractStackTraceNoAlloc (byte*,int,string)
UnityEngine.StackTraceUtility:ExtractStackTrace ()
UnityEngine.DebugLogHandler:Internal_Log (UnityEngine.LogType,UnityEngine.LogOption,string,UnityEngine.Object)
UnityEngine.DebugLogHandler:LogFormat (UnityEngine.LogType,UnityEngine.Object,string,object[])
UnityEngine.Logger:Log (UnityEngine.LogType,object)
UnityEngine.Debug:Log (object)
InventoryItem:OnDrag (UnityEngine.EventSystems.PointerEventData) (at Assets/InventoryItem.cs:80)
UnityEngine.EventSystems.ExecuteEvents:Execute (UnityEngine.EventSystems.IDragHandler,UnityEngine.EventSystems.BaseEventData) (at ./Library/PackageCache/com.unity.ugui@1c4864518158/Runtime/UGUI/EventSystem/ExecuteEvents.cs:78)
UnityEngine.EventSystems.ExecuteEvents:Execute<UnityEngine.EventSystems.IDragHandler> (UnityEngine.GameObject,UnityEngine.EventSystems.BaseEventData,UnityEngine.EventSystems.ExecuteEvents/EventFunction`1<UnityEngine.EventSystems.IDragHandler>) (at ./Library/PackageCache/com.unity.ugui@1c4864518158/Runtime/UGUI/EventSystem/ExecuteEvents.cs:272)
UnityEngine.InputSystem.UI.InputSystemUIInputModule:ProcessPointerButtonDrag (UnityEngine.InputSystem.UI.PointerModel/ButtonState&,UnityEngine.InputSystem.UI.ExtendedPointerEventData) (at ./Library/PackageCache/com.unity.inputsystem@7a4e1a2a8194/InputSystem/Runtime/Plugins/UI/InputSystemUIInputModule.cs:781)
UnityEngine.InputSystem.UI.InputSystemUIInputModule:ProcessPointer (UnityEngine.InputSystem.UI.PointerModel&) (at ./Library/PackageCache/com.unity.inputsystem@7a4e1a2a8194/InputSystem/Runtime/Plugins/UI/InputSystemUIInputModule.cs:487)
UnityEngine.InputSystem.UI.InputSystemUIInputModule:Process () (at ./Library/PackageCache/com.unity.inputsystem@7a4e1a2a8194/InputSystem/Runtime/Plugins/UI/InputSystemUIInputModule.cs:2405)
UnityEngine.EventSystems.EventSystem:Update () (at ./Library/PackageCache/com.unity.ugui@1c4864518158/Runtime/UGUI/EventSystem/EventSystem.cs:516)

(Filename: Assets/InventoryItem.cs Line: 80)

OnDrag
UnityEngine.Debug:ExtractStackTraceNoAlloc (byte*,int,string)
UnityEngine.StackTraceUtility:ExtractStackTrace ()
UnityEngine.DebugLogHandler:Internal_Log (UnityEngine.LogType,UnityEngine.LogOption,string,UnityEngine.Object)
UnityEngine.DebugLogHandler:LogFormat (UnityEngine.LogType,UnityEngine.Object,string,object[])
UnityEngine.Logger:Log (UnityEngine.LogType,object)
UnityEngine.Debug:Log (object)
InventoryItem:OnDrag (UnityEngine.EventSystems.PointerEventData) (at Assets/InventoryItem.cs:80)
UnityEngine.EventSystems.ExecuteEvents:Execute (UnityEngine.EventSystems.IDragHandler,UnityEngine.EventSystems.BaseEventData) (at ./Library/PackageCache/com.unity.ugui@1c4864518158/Runtime/UGUI/EventSystem/ExecuteEvents.cs:78)
UnityEngine.EventSystems.ExecuteEvents:Execute<UnityEngine.EventSystems.IDragHandler> (UnityEngine.GameObject,UnityEngine.EventSystems.BaseEventData,UnityEngine.EventSystems.ExecuteEvents/EventFunction`1<UnityEngine.EventSystems.IDragHandler>) (at ./Library/PackageCache/com.unity.ugui@1c4864518158/Runtime/UGUI/EventSystem/ExecuteEvents.cs:272)
UnityEngine.InputSystem.UI.InputSystemUIInputModule:ProcessPointerButtonDrag (UnityEngine.InputSystem.UI.PointerModel/ButtonState&,UnityEngine.InputSystem.UI.ExtendedPointerEventData) (at ./Library/PackageCache/com.unity.inputsystem@7a4e1a2a8194/InputSystem/Runtime/Plugins/UI/InputSystemUIInputModule.cs:781)
UnityEngine.InputSystem.UI.InputSystemUIInputModule:ProcessPointer (UnityEngine.InputSystem.UI.PointerModel&) (at ./Library/PackageCache/com.unity.inputsystem@7a4e1a2a8194/InputSystem/Runtime/Plugins/UI/InputSystemUIInputModule.cs:487)
UnityEngine.InputSystem.UI.InputSystemUIInputModule:Process () (at ./Library/PackageCache/com.unity.inputsystem@7a4e1a2a8194/InputSystem/Runtime/Plugins/UI/InputSystemUIInputModule.cs:2405)
UnityEngine.EventSystems.EventSystem:Update () (at ./Library/PackageCache/com.unity.ugui@1c4864518158/Runtime/UGUI/EventSystem/EventSystem.cs:516)

(Filename: Assets/InventoryItem.cs Line: 80)

Дроп успешно!
UnityEngine.Debug:ExtractStackTraceNoAlloc (byte*,int,string)
UnityEngine.StackTraceUtility:ExtractStackTrace ()
UnityEngine.DebugLogHandler:Internal_Log (UnityEngine.LogType,UnityEngine.LogOption,string,UnityEngine.Object)
UnityEngine.DebugLogHandler:LogFormat (UnityEngine.LogType,UnityEngine.Object,string,object[])
UnityEngine.Logger:Log (UnityEngine.LogType,object)
UnityEngine.Debug:Log (object)
DropManager:Drop (UnityEngine.Vector2) (at Assets/DropManager.cs:39)
InventoryItem:OnEndDrag (UnityEngine.EventSystems.PointerEventData) (at Assets/InventoryItem.cs:50)
UnityEngine.EventSystems.ExecuteEvents:Execute (UnityEngine.EventSystems.IEndDragHandler,UnityEngine.EventSystems.BaseEventData) (at ./Library/PackageCache/com.unity.ugui@1c4864518158/Runtime/UGUI/EventSystem/ExecuteEvents.cs:85)
UnityEngine.EventSystems.ExecuteEvents:Execute<UnityEngine.EventSystems.IEndDragHandler> (UnityEngine.GameObject,UnityEngine.EventSystems.BaseEventData,UnityEngine.EventSystems.ExecuteEvents/EventFunction`1<UnityEngine.EventSystems.IEndDragHandler>) (at ./Library/PackageCache/com.unity.ugui@1c4864518158/Runtime/UGUI/EventSystem/ExecuteEvents.cs:272)
UnityEngine.InputSystem.UI.InputSystemUIInputModule:ProcessPointerButton (UnityEngine.InputSystem.UI.PointerModel/ButtonState&,UnityEngine.EventSystems.PointerEventData) (at ./Library/PackageCache/com.unity.inputsystem@7a4e1a2a8194/InputSystem/Runtime/Plugins/UI/InputSystemUIInputModule.cs:737)
UnityEngine.InputSystem.UI.InputSystemUIInputModule:ProcessPointer (UnityEngine.InputSystem.UI.PointerModel&) (at ./Library/PackageCache/com.unity.inputsystem@7a4e1a2a8194/InputSystem/Runtime/Plugins/UI/InputSystemUIInputModule.cs:486)
UnityEngine.InputSystem.UI.InputSystemUIInputModule:Process () (at ./Library/PackageCache/com.unity.inputsystem@7a4e1a2a8194/InputSystem/Runtime/Plugins/UI/InputSystemUIInputModule.cs:2405)
UnityEngine.EventSystems.EventSystem:Update () (at ./Library/PackageCache/com.unity.ugui@1c4864518158/Runtime/UGUI/EventSystem/EventSystem.cs:516)

(Filename: Assets/DropManager.cs Line: 39)

Poster: drop action initiated
UnityEngine.Debug:ExtractStackTraceNoAlloc (byte*,int,string)
UnityEngine.StackTraceUtility:ExtractStackTrace ()
UnityEngine.DebugLogHandler:Internal_Log (UnityEngine.LogType,UnityEngine.LogOption,string,UnityEngine.Object)
UnityEngine.DebugLogHandler:LogFormat (UnityEngine.LogType,UnityEngine.Object,string,object[])
UnityEngine.Logger:Log (UnityEngine.LogType,object)
UnityEngine.Debug:Log (object)
Poster:Activate () (at Assets/Poster.cs:7)
DropManager:Drop (UnityEngine.Vector2) (at Assets/DropManager.cs:41)
InventoryItem:OnEndDrag (UnityEngine.EventSystems.PointerEventData) (at Assets/InventoryItem.cs:50)
UnityEngine.EventSystems.ExecuteEvents:Execute (UnityEngine.EventSystems.IEndDragHandler,UnityEngine.EventSystems.BaseEventData) (at ./Library/PackageCache/com.unity.ugui@1c4864518158/Runtime/UGUI/EventSystem/ExecuteEvents.cs:85)
UnityEngine.EventSystems.ExecuteEvents:Execute<UnityEngine.EventSystems.IEndDragHandler> (UnityEngine.GameObject,UnityEngine.EventSystems.BaseEventData,UnityEngine.EventSystems.ExecuteEvents/EventFunction`1<UnityEngine.EventSystems.IEndDragHandler>) (at ./Library/PackageCache/com.unity.ugui@1c4864518158/Runtime/UGUI/EventSystem/ExecuteEvents.cs:272)
UnityEngine.InputSystem.UI.InputSystemUIInputModule:ProcessPointerButton (UnityEngine.InputSystem.UI.PointerModel/ButtonState&,UnityEngine.EventSystems.PointerEventData) (at ./Library/PackageCache/com.unity.inputsystem@7a4e1a2a8194/InputSystem/Runtime/Plugins/UI/InputSystemUIInputModule.cs:737)
UnityEngine.InputSystem.UI.InputSystemUIInputModule:ProcessPointer (UnityEngine.InputSystem.UI.PointerModel&) (at ./Library/PackageCache/com.unity.inputsystem@7a4e1a2a8194/InputSystem/Runtime/Plugins/UI/InputSystemUIInputModule.cs:486)
UnityEngine.InputSystem.UI.InputSystemUIInputModule:Process () (at ./Library/PackageCache/com.unity.inputsystem@7a4e1a2a8194/InputSystem/Runtime/Plugins/UI/InputSystemUIInputModule.cs:2405)
UnityEngine.EventSystems.EventSystem:Update () (at ./Library/PackageCache/com.unity.ugui@1c4864518158/Runtime/UGUI/EventSystem/EventSystem.cs:516)

(Filename: Assets/Poster.cs Line: 7)

OnEndDrag
UnityEngine.Debug:ExtractStackTraceNoAlloc (byte*,int,string)
UnityEngine.StackTraceUtility:ExtractStackTrace ()
UnityEngine.DebugLogHandler:Internal_Log (UnityEngine.LogType,UnityEngine.LogOption,string,UnityEngine.Object)
UnityEngine.DebugLogHandler:LogFormat (UnityEngine.LogType,UnityEngine.Object,string,object[])
UnityEngine.Logger:Log (UnityEngine.LogType,object)
UnityEngine.Debug:Log (object)
InventoryItem:OnEndDrag (UnityEngine.EventSystems.PointerEventData) (at Assets/InventoryItem.cs:53)
UnityEngine.EventSystems.ExecuteEvents:Execute (UnityEngine.EventSystems.IEndDragHandler,UnityEngine.EventSystems.BaseEventData) (at ./Library/PackageCache/com.unity.ugui@1c4864518158/Runtime/UGUI/EventSystem/ExecuteEvents.cs:85)
UnityEngine.EventSystems.ExecuteEvents:Execute<UnityEngine.EventSystems.IEndDragHandler> (UnityEngine.GameObject,UnityEngine.EventSystems.BaseEventData,UnityEngine.EventSystems.ExecuteEvents/EventFunction`1<UnityEngine.EventSystems.IEndDragHandler>) (at ./Library/PackageCache/com.unity.ugui@1c4864518158/Runtime/UGUI/EventSystem/ExecuteEvents.cs:272)
UnityEngine.InputSystem.UI.InputSystemUIInputModule:ProcessPointerButton (UnityEngine.InputSystem.UI.PointerModel/ButtonState&,UnityEngine.EventSystems.PointerEventData) (at ./Library/PackageCache/com.unity.inputsystem@7a4e1a2a8194/InputSystem/Runtime/Plugins/UI/InputSystemUIInputModule.cs:737)
UnityEngine.InputSystem.UI.InputSystemUIInputModule:ProcessPointer (UnityEngine.InputSystem.UI.PointerModel&) (at ./Library/PackageCache/com.unity.inputsystem@7a4e1a2a8194/InputSystem/Runtime/Plugins/UI/InputSystemUIInputModule.cs:486)
UnityEngine.InputSystem.UI.InputSystemUIInputModule:Process () (at ./Library/PackageCache/com.unity.inputsystem@7a4e1a2a8194/InputSystem/Runtime/Plugins/UI/InputSystemUIInputModule.cs:2405)
UnityEngine.EventSystems.EventSystem:Update () (at ./Library/PackageCache/com.unity.ugui@1c4864518158/Runtime/UGUI/EventSystem/EventSystem.cs:516)

(Filename: Assets/InventoryItem.cs Line: 53)

OnBeginDrag
UnityEngine.Debug:ExtractStackTraceNoAlloc (byte*,int,string)
UnityEngine.StackTraceUtility:ExtractStackTrace ()
UnityEngine.DebugLogHandler:Internal_Log (UnityEngine.LogType,UnityEngine.LogOption,string,UnityEngine.Object)
UnityEngine.DebugLogHandler:LogFormat (UnityEngine.LogType,UnityEngine.Object,string,object[])
UnityEngine.Logger:Log (UnityEngine.LogType,object)
UnityEngine.Debug:Log (object)
InventoryItem:OnBeginDrag (UnityEngine.EventSystems.PointerEventData) (at Assets/InventoryItem.cs:30)
UnityEngine.EventSystems.ExecuteEvents:Execute (UnityEngine.EventSystems.IBeginDragHandler,UnityEngine.EventSystems.BaseEventData) (at ./Library/PackageCache/com.unity.ugui@1c4864518158/Runtime/UGUI/EventSystem/ExecuteEvents.cs:71)
UnityEngine.EventSystems.ExecuteEvents:Execute<UnityEngine.EventSystems.IBeginDragHandler> (UnityEngine.GameObject,UnityEngine.EventSystems.BaseEventData,UnityEngine.EventSystems.ExecuteEvents/EventFunction`1<UnityEngine.EventSystems.IBeginDragHandler>) (at ./Library/PackageCache/com.unity.ugui@1c4864518158/Runtime/UGUI/EventSystem/ExecuteEvents.cs:272)
UnityEngine.InputSystem.UI.InputSystemUIInputModule:ProcessPointerButtonDrag (UnityEngine.InputSystem.UI.PointerModel/ButtonState&,UnityEngine.InputSystem.UI.ExtendedPointerEventData) (at ./Library/PackageCache/com.unity.inputsystem@7a4e1a2a8194/InputSystem/Runtime/Plugins/UI/InputSystemUIInputModule.cs:764)
UnityEngine.InputSystem.UI.InputSystemUIInputModule:ProcessPointer (UnityEngine.InputSystem.UI.PointerModel&) (at ./Library/PackageCache/com.unity.inputsystem@7a4e1a2a8194/InputSystem/Runtime/Plugins/UI/InputSystemUIInputModule.cs:487)
UnityEngine.InputSystem.UI.InputSystemUIInputModule:Process () (at ./Library/PackageCache/com.unity.inputsystem@7a4e1a2a8194/InputSystem/Runtime/Plugins/UI/InputSystemUIInputModule.cs:2405)
UnityEngine.EventSystems.EventSystem:Update () (at ./Library/PackageCache/com.unity.ugui@1c4864518158/Runtime/UGUI/EventSystem/EventSystem.cs:516)

(Filename: Assets/InventoryItem.cs Line: 30)

OnDrag
UnityEngine.Debug:ExtractStackTraceNoAlloc (byte*,int,string)
UnityEngine.StackTraceUtility:ExtractStackTrace ()
UnityEngine.DebugLogHandler:Internal_Log (UnityEngine.LogType,UnityEngine.LogOption,string,UnityEngine.Object)
UnityEngine.DebugLogHandler:LogFormat (UnityEngine.LogType,UnityEngine.Object,string,object[])
UnityEngine.Logger:Log (UnityEngine.LogType,object)
UnityEngine.Debug:Log (object)
InventoryItem:OnDrag (UnityEngine.EventSystems.PointerEventData) (at Assets/InventoryItem.cs:80)
UnityEngine.EventSystems.ExecuteEvents:Execute (UnityEngine.EventSystems.IDragHandler,UnityEngine.EventSystems.BaseEventData) (at ./Library/PackageCache/com.unity.ugui@1c4864518158/Runtime/UGUI/EventSystem/ExecuteEvents.cs:78)
UnityEngine.EventSystems.ExecuteEvents:Execute<UnityEngine.EventSystems.IDragHandler> (UnityEngine.GameObject,UnityEngine.EventSystems.BaseEventData,UnityEngine.EventSystems.ExecuteEvents/EventFunction`1<UnityEngine.EventSystems.IDragHandler>) (at ./Library/PackageCache/com.unity.ugui@1c4864518158/Runtime/UGUI/EventSystem/ExecuteEvents.cs:272)
UnityEngine.InputSystem.UI.InputSystemUIInputModule:ProcessPointerButtonDrag (UnityEngine.InputSystem.UI.PointerModel/ButtonState&,UnityEngine.InputSystem.UI.ExtendedPointerEventData) (at ./Library/PackageCache/com.unity.inputsystem@7a4e1a2a8194/InputSystem/Runtime/Plugins/UI/InputSystemUIInputModule.cs:781)
UnityEngine.InputSystem.UI.InputSystemUIInputModule:ProcessPointer (UnityEngine.InputSystem.UI.PointerModel&) (at ./Library/PackageCache/com.unity.inputsystem@7a4e1a2a8194/InputSystem/Runtime/Plugins/UI/InputSystemUIInputModule.cs:487)
UnityEngine.InputSystem.UI.InputSystemUIInputModule:Process () (at ./Library/PackageCache/com.unity.inputsystem@7a4e1a2a8194/InputSystem/Runtime/Plugins/UI/InputSystemUIInputModule.cs:2405)
UnityEngine.EventSystems.EventSystem:Update () (at ./Library/PackageCache/com.unity.ugui@1c4864518158/Runtime/UGUI/EventSystem/EventSystem.cs:516)

(Filename: Assets/InventoryItem.cs Line: 80)

OnDrag
UnityEngine.Debug:ExtractStackTraceNoAlloc (byte*,int,string)
UnityEngine.StackTraceUtility:ExtractStackTrace ()
UnityEngine.DebugLogHandler:Internal_Log (UnityEngine.LogType,UnityEngine.LogOption,string,UnityEngine.Object)
UnityEngine.DebugLogHandler:LogFormat (UnityEngine.LogType,UnityEngine.Object,string,object[])
UnityEngine.Logger:Log (UnityEngine.LogType,object)
UnityEngine.Debug:Log (object)
InventoryItem:OnDrag (UnityEngine.EventSystems.PointerEventData) (at Assets/InventoryItem.cs:80)
UnityEngine.EventSystems.ExecuteEvents:Execute (UnityEngine.EventSystems.IDragHandler,UnityEngine.EventSystems.BaseEventData) (at ./Library/PackageCache/com.unity.ugui@1c4864518158/Runtime/UGUI/EventSystem/ExecuteEvents.cs:78)
UnityEngine.EventSystems.ExecuteEvents:Execute<UnityEngine.EventSystems.IDragHandler> (UnityEngine.GameObject,UnityEngine.EventSystems.BaseEventData,UnityEngine.EventSystems.ExecuteEvents/EventFunction`1<UnityEngine.EventSystems.IDragHandler>) (at ./Library/PackageCache/com.unity.ugui@1c4864518158/Runtime/UGUI/EventSystem/ExecuteEvents.cs:272)
UnityEngine.InputSystem.UI.InputSystemUIInputModule:ProcessPointerButtonDrag (UnityEngine.InputSystem.UI.PointerModel/ButtonState&,UnityEngine.InputSystem.UI.ExtendedPointerEventData) (at ./Library/PackageCache/com.unity.inputsystem@7a4e1a2a8194/InputSystem/Runtime/Plugins/UI/InputSystemUIInputModule.cs:781)
UnityEngine.InputSystem.UI.InputSystemUIInputModule:ProcessPointer (UnityEngine.InputSystem.UI.PointerModel&) (at ./Library/PackageCache/com.unity.inputsystem@7a4e1a2a8194/InputSystem/Runtime/Plugins/UI/InputSystemUIInputModule.cs:487)
UnityEngine.InputSystem.UI.InputSystemUIInputModule:Process () (at ./Library/PackageCache/com.unity.inputsystem@7a4e1a2a8194/InputSystem/Runtime/Plugins/UI/InputSystemUIInputModule.cs:2405)
UnityEngine.EventSystems.EventSystem:Update () (at ./Library/PackageCache/com.unity.ugui@1c4864518158/Runtime/UGUI/EventSystem/EventSystem.cs:516)

(Filename: Assets/InventoryItem.cs Line: 80)

OnDrag
UnityEngine.Debug:ExtractStackTraceNoAlloc (byte*,int,string)
UnityEngine.StackTraceUtility:ExtractStackTrace ()
UnityEngine.DebugLogHandler:Internal_Log (UnityEngine.LogType,UnityEngine.LogOption,string,UnityEngine.Object)
UnityEngine.DebugLogHandler:LogFormat (UnityEngine.LogType,UnityEngine.Object,string,object[])
UnityEngine.Logger:Log (UnityEngine.LogType,object)
UnityEngine.Debug:Log (object)
InventoryItem:OnDrag (UnityEngine.EventSystems.PointerEventData) (at Assets/InventoryItem.cs:80)
UnityEngine.EventSystems.ExecuteEvents:Execute (UnityEngine.EventSystems.IDragHandler,UnityEngine.EventSystems.BaseEventData) (at ./Library/PackageCache/com.unity.ugui@1c4864518158/Runtime/UGUI/EventSystem/ExecuteEvents.cs:78)
UnityEngine.EventSystems.ExecuteEvents:Execute<UnityEngine.EventSystems.IDragHandler> (UnityEngine.GameObject,UnityEngine.EventSystems.BaseEventData,UnityEngine.EventSystems.ExecuteEvents/EventFunction`1<UnityEngine.EventSystems.IDragHandler>) (at ./Library/PackageCache/com.unity.ugui@1c4864518158/Runtime/UGUI/EventSystem/ExecuteEvents.cs:272)
UnityEngine.InputSystem.UI.InputSystemUIInputModule:ProcessPointerButtonDrag (UnityEngine.InputSystem.UI.PointerModel/ButtonState&,UnityEngine.InputSystem.UI.ExtendedPointerEventData) (at ./Library/PackageCache/com.unity.inputsystem@7a4e1a2a8194/InputSystem/Runtime/Plugins/UI/InputSystemUIInputModule.cs:781)
UnityEngine.InputSystem.UI.InputSystemUIInputModule:ProcessPointer (UnityEngine.InputSystem.UI.PointerModel&) (at ./Library/PackageCache/com.unity.inputsystem@7a4e1a2a8194/InputSystem/Runtime/Plugins/UI/InputSystemUIInputModule.cs:487)
UnityEngine.InputSystem.UI.InputSystemUIInputModule:Process () (at ./Library/PackageCache/com.unity.inputsystem@7a4e1a2a8194/InputSystem/Runtime/Plugins/UI/InputSystemUIInputModule.cs:2405)
UnityEngine.EventSystems.EventSystem:Update () (at ./Library/PackageCache/com.unity.ugui@1c4864518158/Runtime/UGUI/EventSystem/EventSystem.cs:516)

(Filename: Assets/InventoryItem.cs Line: 80)

OnDrag
UnityEngine.Debug:ExtractStackTraceNoAlloc (byte*,int,string)
UnityEngine.StackTraceUtility:ExtractStackTrace ()
UnityEngine.DebugLogHandler:Internal_Log (UnityEngine.LogType,UnityEngine.LogOption,string,UnityEngine.Object)
UnityEngine.DebugLogHandler:LogFormat (UnityEngine.LogType,UnityEngine.Object,string,object[])
UnityEngine.Logger:Log (UnityEngine.LogType,object)
UnityEngine.Debug:Log (object)
InventoryItem:OnDrag (UnityEngine.EventSystems.PointerEventData) (at Assets/InventoryItem.cs:80)
UnityEngine.EventSystems.ExecuteEvents:Execute (UnityEngine.EventSystems.IDragHandler,UnityEngine.EventSystems.BaseEventData) (at ./Library/PackageCache/com.unity.ugui@1c4864518158/Runtime/UGUI/EventSystem/ExecuteEvents.cs:78)
UnityEngine.EventSystems.ExecuteEvents:Execute<UnityEngine.EventSystems.IDragHandler> (UnityEngine.GameObject,UnityEngine.EventSystems.BaseEventData,UnityEngine.EventSystems.ExecuteEvents/EventFunction`1<UnityEngine.EventSystems.IDragHandler>) (at ./Library/PackageCache/com.unity.ugui@1c4864518158/Runtime/UGUI/EventSystem/ExecuteEvents.cs:272)
UnityEngine.InputSystem.UI.InputSystemUIInputModule:ProcessPointerButtonDrag (UnityEngine.InputSystem.UI.PointerModel/ButtonState&,UnityEngine.InputSystem.UI.ExtendedPointerEventData) (at ./Library/PackageCache/com.unity.inputsystem@7a4e1a2a8194/InputSystem/Runtime/Plugins/UI/InputSystemUIInputModule.cs:781)
UnityEngine.InputSystem.UI.InputSystemUIInputModule:ProcessPointer (UnityEngine.InputSystem.UI.PointerModel&) (at ./Library/PackageCache/com.unity.inputsystem@7a4e1a2a8194/InputSystem/Runtime/Plugins/UI/InputSystemUIInputModule.cs:487)
UnityEngine.InputSystem.UI.InputSystemUIInputModule:Process () (at ./Library/PackageCache/com.unity.inputsystem@7a4e1a2a8194/InputSystem/Runtime/Plugins/UI/InputSystemUIInputModule.cs:2405)
UnityEngine.EventSystems.EventSystem:Update () (at ./Library/PackageCache/com.unity.ugui@1c4864518158/Runtime/UGUI/EventSystem/EventSystem.cs:516)

(Filename: Assets/InventoryItem.cs Line: 80)

OnDrag
UnityEngine.Debug:ExtractStackTraceNoAlloc (byte*,int,string)
UnityEngine.StackTraceUtility:ExtractStackTrace ()
UnityEngine.DebugLogHandler:Internal_Log (UnityEngine.LogType,UnityEngine.LogOption,string,UnityEngine.Object)
UnityEngine.DebugLogHandler:LogFormat (UnityEngine.LogType,UnityEngine.Object,string,object[])
UnityEngine.Logger:Log (UnityEngine.LogType,object)
UnityEngine.Debug:Log (object)
InventoryItem:OnDrag (UnityEngine.EventSystems.PointerEventData) (at Assets/InventoryItem.cs:80)
UnityEngine.EventSystems.ExecuteEvents:Execute (UnityEngine.EventSystems.IDragHandler,UnityEngine.EventSystems.BaseEventData) (at ./Library/PackageCache/com.unity.ugui@1c4864518158/Runtime/UGUI/EventSystem/ExecuteEvents.cs:78)
UnityEngine.EventSystems.ExecuteEvents:Execute<UnityEngine.EventSystems.IDragHandler> (UnityEngine.GameObject,UnityEngine.EventSystems.BaseEventData,UnityEngine.EventSystems.ExecuteEvents/EventFunction`1<UnityEngine.EventSystems.IDragHandler>) (at ./Library/PackageCache/com.unity.ugui@1c4864518158/Runtime/UGUI/EventSystem/ExecuteEvents.cs:272)
UnityEngine.InputSystem.UI.InputSystemUIInputModule:ProcessPointerButtonDrag (UnityEngine.InputSystem.UI.PointerModel/ButtonState&,UnityEngine.InputSystem.UI.ExtendedPointerEventData) (at ./Library/PackageCache/com.unity.inputsystem@7a4e1a2a8194/InputSystem/Runtime/Plugins/UI/InputSystemUIInputModule.cs:781)
UnityEngine.InputSystem.UI.InputSystemUIInputModule:ProcessPointer (UnityEngine.InputSystem.UI.PointerModel&) (at ./Library/PackageCache/com.unity.inputsystem@7a4e1a2a8194/InputSystem/Runtime/Plugins/UI/InputSystemUIInputModule.cs:487)
UnityEngine.InputSystem.UI.InputSystemUIInputModule:Process () (at ./Library/PackageCache/com.unity.inputsystem@7a4e1a2a8194/InputSystem/Runtime/Plugins/UI/InputSystemUIInputModule.cs:2405)
UnityEngine.EventSystems.EventSystem:Update () (at ./Library/PackageCache/com.unity.ugui@1c4864518158/Runtime/UGUI/EventSystem/EventSystem.cs:516)

(Filename: Assets/InventoryItem.cs Line: 80)

OnDrag
UnityEngine.Debug:ExtractStackTraceNoAlloc (byte*,int,string)
UnityEngine.StackTraceUtility:ExtractStackTrace ()
UnityEngine.DebugLogHandler:Internal_Log (UnityEngine.LogType,UnityEngine.LogOption,string,UnityEngine.Object)
UnityEngine.DebugLogHandler:LogFormat (UnityEngine.LogType,UnityEngine.Object,string,object[])
UnityEngine.Logger:Log (UnityEngine.LogType,object)
UnityEngine.Debug:Log (object)
InventoryItem:OnDrag (UnityEngine.EventSystems.PointerEventData) (at Assets/InventoryItem.cs:80)
UnityEngine.EventSystems.ExecuteEvents:Execute (UnityEngine.EventSystems.IDragHandler,UnityEngine.EventSystems.BaseEventData) (at ./Library/PackageCache/com.unity.ugui@1c4864518158/Runtime/UGUI/EventSystem/ExecuteEvents.cs:78)
UnityEngine.EventSystems.ExecuteEvents:Execute<UnityEngine.EventSystems.IDragHandler> (UnityEngine.GameObject,UnityEngine.EventSystems.BaseEventData,UnityEngine.EventSystems.ExecuteEvents/EventFunction`1<UnityEngine.EventSystems.IDragHandler>) (at ./Library/PackageCache/com.unity.ugui@1c4864518158/Runtime/UGUI/EventSystem/ExecuteEvents.cs:272)
UnityEngine.InputSystem.UI.InputSystemUIInputModule:ProcessPointerButtonDrag (UnityEngine.InputSystem.UI.PointerModel/ButtonState&,UnityEngine.InputSystem.UI.ExtendedPointerEventData) (at ./Library/PackageCache/com.unity.inputsystem@7a4e1a2a8194/InputSystem/Runtime/Plugins/UI/InputSystemUIInputModule.cs:781)
UnityEngine.InputSystem.UI.InputSystemUIInputModule:ProcessPointer (UnityEngine.InputSystem.UI.PointerModel&) (at ./Library/PackageCache/com.unity.inputsystem@7a4e1a2a8194/InputSystem/Runtime/Plugins/UI/InputSystemUIInputModule.cs:487)
UnityEngine.InputSystem.UI.InputSystemUIInputModule:Process () (at ./Library/PackageCache/com.unity.inputsystem@7a4e1a2a8194/InputSystem/Runtime/Plugins/UI/InputSystemUIInputModule.cs:2405)
UnityEngine.EventSystems.EventSystem:Update () (at ./Library/PackageCache/com.unity.ugui@1c4864518158/Runtime/UGUI/EventSystem/EventSystem.cs:516)

(Filename: Assets/InventoryItem.cs Line: 80)

OnDrag
UnityEngine.Debug:ExtractStackTraceNoAlloc (byte*,int,string)
UnityEngine.StackTraceUtility:ExtractStackTrace ()
UnityEngine.DebugLogHandler:Internal_Log (UnityEngine.LogType,UnityEngine.LogOption,string,UnityEngine.Object)
UnityEngine.DebugLogHandler:LogFormat (UnityEngine.LogType,UnityEngine.Object,string,object[])
UnityEngine.Logger:Log (UnityEngine.LogType,object)
UnityEngine.Debug:Log (object)
InventoryItem:OnDrag (UnityEngine.EventSystems.PointerEventData) (at Assets/InventoryItem.cs:80)
UnityEngine.EventSystems.ExecuteEvents:Execute (UnityEngine.EventSystems.IDragHandler,UnityEngine.EventSystems.BaseEventData) (at ./Library/PackageCache/com.unity.ugui@1c4864518158/Runtime/UGUI/EventSystem/ExecuteEvents.cs:78)
UnityEngine.EventSystems.ExecuteEvents:Execute<UnityEngine.EventSystems.IDragHandler> (UnityEngine.GameObject,UnityEngine.EventSystems.BaseEventData,UnityEngine.EventSystems.ExecuteEvents/EventFunction`1<UnityEngine.EventSystems.IDragHandler>) (at ./Library/PackageCache/com.unity.ugui@1c4864518158/Runtime/UGUI/EventSystem/ExecuteEvents.cs:272)
UnityEngine.InputSystem.UI.InputSystemUIInputModule:ProcessPointerButtonDrag (UnityEngine.InputSystem.UI.PointerModel/ButtonState&,UnityEngine.InputSystem.UI.ExtendedPointerEventData) (at ./Library/PackageCache/com.unity.inputsystem@7a4e1a2a8194/InputSystem/Runtime/Plugins/UI/InputSystemUIInputModule.cs:781)
UnityEngine.InputSystem.UI.InputSystemUIInputModule:ProcessPointer (UnityEngine.InputSystem.UI.PointerModel&) (at ./Library/PackageCache/com.unity.inputsystem@7a4e1a2a8194/InputSystem/Runtime/Plugins/UI/InputSystemUIInputModule.cs:487)
UnityEngine.InputSystem.UI.InputSystemUIInputModule:Process () (at ./Library/PackageCache/com.unity.inputsystem@7a4e1a2a8194/InputSystem/Runtime/Plugins/UI/InputSystemUIInputModule.cs:2405)
UnityEngine.EventSystems.EventSystem:Update () (at ./Library/PackageCache/com.unity.ugui@1c4864518158/Runtime/UGUI/EventSystem/EventSystem.cs:516)

(Filename: Assets/InventoryItem.cs Line: 80)

OnDrag
UnityEngine.Debug:ExtractStackTraceNoAlloc (byte*,int,string)
UnityEngine.StackTraceUtility:ExtractStackTrace ()
UnityEngine.DebugLogHandler:Internal_Log (UnityEngine.LogType,UnityEngine.LogOption,string,UnityEngine.Object)
UnityEngine.DebugLogHandler:LogFormat (UnityEngine.LogType,UnityEngine.Object,string,object[])
UnityEngine.Logger:Log (UnityEngine.LogType,object)
UnityEngine.Debug:Log (object)
InventoryItem:OnDrag (UnityEngine.EventSystems.PointerEventData) (at Assets/InventoryItem.cs:80)
UnityEngine.EventSystems.ExecuteEvents:Execute (UnityEngine.EventSystems.IDragHandler,UnityEngine.EventSystems.BaseEventData) (at ./Library/PackageCache/com.unity.ugui@1c4864518158/Runtime/UGUI/EventSystem/ExecuteEvents.cs:78)
UnityEngine.EventSystems.ExecuteEvents:Execute<UnityEngine.EventSystems.IDragHandler> (UnityEngine.GameObject,UnityEngine.EventSystems.BaseEventData,UnityEngine.EventSystems.ExecuteEvents/EventFunction`1<UnityEngine.EventSystems.IDragHandler>) (at ./Library/PackageCache/com.unity.ugui@1c4864518158/Runtime/UGUI/EventSystem/ExecuteEvents.cs:272)
UnityEngine.InputSystem.UI.InputSystemUIInputModule:ProcessPointerButtonDrag (UnityEngine.InputSystem.UI.PointerModel/ButtonState&,UnityEngine.InputSystem.UI.ExtendedPointerEventData) (at ./Library/PackageCache/com.unity.inputsystem@7a4e1a2a8194/InputSystem/Runtime/Plugins/UI/InputSystemUIInputModule.cs:781)
UnityEngine.InputSystem.UI.InputSystemUIInputModule:ProcessPointer (UnityEngine.InputSystem.UI.PointerModel&) (at ./Library/PackageCache/com.unity.inputsystem@7a4e1a2a8194/InputSystem/Runtime/Plugins/UI/InputSystemUIInputModule.cs:487)
UnityEngine.InputSystem.UI.InputSystemUIInputModule:Process () (at ./Library/PackageCache/com.unity.inputsystem@7a4e1a2a8194/InputSystem/Runtime/Plugins/UI/InputSystemUIInputModule.cs:2405)
UnityEngine.EventSystems.EventSystem:Update () (at ./Library/PackageCache/com.unity.ugui@1c4864518158/Runtime/UGUI/EventSystem/EventSystem.cs:516)

(Filename: Assets/InventoryItem.cs Line: 80)

OnDrag
UnityEngine.Debug:ExtractStackTraceNoAlloc (byte*,int,string)
UnityEngine.StackTraceUtility:ExtractStackTrace ()
UnityEngine.DebugLogHandler:Internal_Log (UnityEngine.LogType,UnityEngine.LogOption,string,UnityEngine.Object)
UnityEngine.DebugLogHandler:LogFormat (UnityEngine.LogType,UnityEngine.Object,string,object[])
UnityEngine.Logger:Log (UnityEngine.LogType,object)
UnityEngine.Debug:Log (object)
InventoryItem:OnDrag (UnityEngine.EventSystems.PointerEventData) (at Assets/InventoryItem.cs:80)
UnityEngine.EventSystems.ExecuteEvents:Execute (UnityEngine.EventSystems.IDragHandler,UnityEngine.EventSystems.BaseEventData) (at ./Library/PackageCache/com.unity.ugui@1c4864518158/Runtime/UGUI/EventSystem/ExecuteEvents.cs:78)
UnityEngine.EventSystems.ExecuteEvents:Execute<UnityEngine.EventSystems.IDragHandler> (UnityEngine.GameObject,UnityEngine.EventSystems.BaseEventData,UnityEngine.EventSystems.ExecuteEvents/EventFunction`1<UnityEngine.EventSystems.IDragHandler>) (at ./Library/PackageCache/com.unity.ugui@1c4864518158/Runtime/UGUI/EventSystem/ExecuteEvents.cs:272)
UnityEngine.InputSystem.UI.InputSystemUIInputModule:ProcessPointerButtonDrag (UnityEngine.InputSystem.UI.PointerModel/ButtonState&,UnityEngine.InputSystem.UI.ExtendedPointerEventData) (at ./Library/PackageCache/com.unity.inputsystem@7a4e1a2a8194/InputSystem/Runtime/Plugins/UI/InputSystemUIInputModule.cs:781)
UnityEngine.InputSystem.UI.InputSystemUIInputModule:ProcessPointer (UnityEngine.InputSystem.UI.PointerModel&) (at ./Library/PackageCache/com.unity.inputsystem@7a4e1a2a8194/InputSystem/Runtime/Plugins/UI/InputSystemUIInputModule.cs:487)
UnityEngine.InputSystem.UI.InputSystemUIInputModule:Process () (at ./Library/PackageCache/com.unity.inputsystem@7a4e1a2a8194/InputSystem/Runtime/Plugins/UI/InputSystemUIInputModule.cs:2405)
UnityEngine.EventSystems.EventSystem:Update () (at ./Library/PackageCache/com.unity.ugui@1c4864518158/Runtime/UGUI/EventSystem/EventSystem.cs:516)

(Filename: Assets/InventoryItem.cs Line: 80)

OnDrag
UnityEngine.Debug:ExtractStackTraceNoAlloc (byte*,int,string)
UnityEngine.StackTraceUtility:ExtractStackTrace ()
UnityEngine.DebugLogHandler:Internal_Log (UnityEngine.LogType,UnityEngine.LogOption,string,UnityEngine.Object)
UnityEngine.DebugLogHandler:LogFormat (UnityEngine.LogType,UnityEngine.Object,string,object[])
UnityEngine.Logger:Log (UnityEngine.LogType,object)
UnityEngine.Debug:Log (object)
InventoryItem:OnDrag (UnityEngine.EventSystems.PointerEventData) (at Assets/InventoryItem.cs:80)
UnityEngine.EventSystems.ExecuteEvents:Execute (UnityEngine.EventSystems.IDragHandler,UnityEngine.EventSystems.BaseEventData) (at ./Library/PackageCache/com.unity.ugui@1c4864518158/Runtime/UGUI/EventSystem/ExecuteEvents.cs:78)
UnityEngine.EventSystems.ExecuteEvents:Execute<UnityEngine.EventSystems.IDragHandler> (UnityEngine.GameObject,UnityEngine.EventSystems.BaseEventData,UnityEngine.EventSystems.ExecuteEvents/EventFunction`1<UnityEngine.EventSystems.IDragHandler>) (at ./Library/PackageCache/com.unity.ugui@1c4864518158/Runtime/UGUI/EventSystem/ExecuteEvents.cs:272)
UnityEngine.InputSystem.UI.InputSystemUIInputModule:ProcessPointerButtonDrag (UnityEngine.InputSystem.UI.PointerModel/ButtonState&,UnityEngine.InputSystem.UI.ExtendedPointerEventData) (at ./Library/PackageCache/com.unity.inputsystem@7a4e1a2a8194/InputSystem/Runtime/Plugins/UI/InputSystemUIInputModule.cs:781)
UnityEngine.InputSystem.UI.InputSystemUIInputModule:ProcessPointer (UnityEngine.InputSystem.UI.PointerModel&) (at ./Library/PackageCache/com.unity.inputsystem@7a4e1a2a8194/InputSystem/Runtime/Plugins/UI/InputSystemUIInputModule.cs:487)
UnityEngine.InputSystem.UI.InputSystemUIInputModule:Process () (at ./Library/PackageCache/com.unity.inputsystem@7a4e1a2a8194/InputSystem/Runtime/Plugins/UI/InputSystemUIInputModule.cs:2405)
UnityEngine.EventSystems.EventSystem:Update () (at ./Library/PackageCache/com.unity.ugui@1c4864518158/Runtime/UGUI/EventSystem/EventSystem.cs:516)

(Filename: Assets/InventoryItem.cs Line: 80)

OnDrag
UnityEngine.Debug:ExtractStackTraceNoAlloc (byte*,int,string)
UnityEngine.StackTraceUtility:ExtractStackTrace ()
UnityEngine.DebugLogHandler:Internal_Log (UnityEngine.LogType,UnityEngine.LogOption,string,UnityEngine.Object)
UnityEngine.DebugLogHandler:LogFormat (UnityEngine.LogType,UnityEngine.Object,string,object[])
UnityEngine.Logger:Log (UnityEngine.LogType,object)
UnityEngine.Debug:Log (object)
InventoryItem:OnDrag (UnityEngine.EventSystems.PointerEventData) (at Assets/InventoryItem.cs:80)
UnityEngine.EventSystems.ExecuteEvents:Execute (UnityEngine.EventSystems.IDragHandler,UnityEngine.EventSystems.BaseEventData) (at ./Library/PackageCache/com.unity.ugui@1c4864518158/Runtime/UGUI/EventSystem/ExecuteEvents.cs:78)
UnityEngine.EventSystems.ExecuteEvents:Execute<UnityEngine.EventSystems.IDragHandler> (UnityEngine.GameObject,UnityEngine.EventSystems.BaseEventData,UnityEngine.EventSystems.ExecuteEvents/EventFunction`1<UnityEngine.EventSystems.IDragHandler>) (at ./Library/PackageCache/com.unity.ugui@1c4864518158/Runtime/UGUI/EventSystem/ExecuteEvents.cs:272)
UnityEngine.InputSystem.UI.InputSystemUIInputModule:ProcessPointerButtonDrag (UnityEngine.InputSystem.UI.PointerModel/ButtonState&,UnityEngine.InputSystem.UI.ExtendedPointerEventData) (at ./Library/PackageCache/com.unity.inputsystem@7a4e1a2a8194/InputSystem/Runtime/Plugins/UI/InputSystemUIInputModule.cs:781)
UnityEngine.InputSystem.UI.InputSystemUIInputModule:ProcessPointer (UnityEngine.InputSystem.UI.PointerModel&) (at ./Library/PackageCache/com.unity.inputsystem@7a4e1a2a8194/InputSystem/Runtime/Plugins/UI/InputSystemUIInputModule.cs:487)
UnityEngine.InputSystem.UI.InputSystemUIInputModule:Process () (at ./Library/PackageCache/com.unity.inputsystem@7a4e1a2a8194/InputSystem/Runtime/Plugins/UI/InputSystemUIInputModule.cs:2405)
UnityEngine.EventSystems.EventSystem:Update () (at ./Library/PackageCache/com.unity.ugui@1c4864518158/Runtime/UGUI/EventSystem/EventSystem.cs:516)

(Filename: Assets/InventoryItem.cs Line: 80)

OnDrag
UnityEngine.Debug:ExtractStackTraceNoAlloc (byte*,int,string)
UnityEngine.StackTraceUtility:ExtractStackTrace ()
UnityEngine.DebugLogHandler:Internal_Log (UnityEngine.LogType,UnityEngine.LogOption,string,UnityEngine.Object)
UnityEngine.DebugLogHandler:LogFormat (UnityEngine.LogType,UnityEngine.Object,string,object[])
UnityEngine.Logger:Log (UnityEngine.LogType,object)
UnityEngine.Debug:Log (object)
InventoryItem:OnDrag (UnityEngine.EventSystems.PointerEventData) (at Assets/InventoryItem.cs:80)
UnityEngine.EventSystems.ExecuteEvents:Execute (UnityEngine.EventSystems.IDragHandler,UnityEngine.EventSystems.BaseEventData) (at ./Library/PackageCache/com.unity.ugui@1c4864518158/Runtime/UGUI/EventSystem/ExecuteEvents.cs:78)
UnityEngine.EventSystems.ExecuteEvents:Execute<UnityEngine.EventSystems.IDragHandler> (UnityEngine.GameObject,UnityEngine.EventSystems.BaseEventData,UnityEngine.EventSystems.ExecuteEvents/EventFunction`1<UnityEngine.EventSystems.IDragHandler>) (at ./Library/PackageCache/com.unity.ugui@1c4864518158/Runtime/UGUI/EventSystem/ExecuteEvents.cs:272)
UnityEngine.InputSystem.UI.InputSystemUIInputModule:ProcessPointerButtonDrag (UnityEngine.InputSystem.UI.PointerModel/ButtonState&,UnityEngine.InputSystem.UI.ExtendedPointerEventData) (at ./Library/PackageCache/com.unity.inputsystem@7a4e1a2a8194/InputSystem/Runtime/Plugins/UI/InputSystemUIInputModule.cs:781)
UnityEngine.InputSystem.UI.InputSystemUIInputModule:ProcessPointer (UnityEngine.InputSystem.UI.PointerModel&) (at ./Library/PackageCache/com.unity.inputsystem@7a4e1a2a8194/InputSystem/Runtime/Plugins/UI/InputSystemUIInputModule.cs:487)
UnityEngine.InputSystem.UI.InputSystemUIInputModule:Process () (at ./Library/PackageCache/com.unity.inputsystem@7a4e1a2a8194/InputSystem/Runtime/Plugins/UI/InputSystemUIInputModule.cs:2405)
UnityEngine.EventSystems.EventSystem:Update () (at ./Library/PackageCache/com.unity.ugui@1c4864518158/Runtime/UGUI/EventSystem/EventSystem.cs:516)

(Filename: Assets/InventoryItem.cs Line: 80)

OnDrag
UnityEngine.Debug:ExtractStackTraceNoAlloc (byte*,int,string)
UnityEngine.StackTraceUtility:ExtractStackTrace ()
UnityEngine.DebugLogHandler:Internal_Log (UnityEngine.LogType,UnityEngine.LogOption,string,UnityEngine.Object)
UnityEngine.DebugLogHandler:LogFormat (UnityEngine.LogType,UnityEngine.Object,string,object[])
UnityEngine.Logger:Log (UnityEngine.LogType,object)
UnityEngine.Debug:Log (object)
InventoryItem:OnDrag (UnityEngine.EventSystems.PointerEventData) (at Assets/InventoryItem.cs:80)
UnityEngine.EventSystems.ExecuteEvents:Execute (UnityEngine.EventSystems.IDragHandler,UnityEngine.EventSystems.BaseEventData) (at ./Library/PackageCache/com.unity.ugui@1c4864518158/Runtime/UGUI/EventSystem/ExecuteEvents.cs:78)
UnityEngine.EventSystems.ExecuteEvents:Execute<UnityEngine.EventSystems.IDragHandler> (UnityEngine.GameObject,UnityEngine.EventSystems.BaseEventData,UnityEngine.EventSystems.ExecuteEvents/EventFunction`1<UnityEngine.EventSystems.IDragHandler>) (at ./Library/PackageCache/com.unity.ugui@1c4864518158/Runtime/UGUI/EventSystem/ExecuteEvents.cs:272)
UnityEngine.InputSystem.UI.InputSystemUIInputModule:ProcessPointerButtonDrag (UnityEngine.InputSystem.UI.PointerModel/ButtonState&,UnityEngine.InputSystem.UI.ExtendedPointerEventData) (at ./Library/PackageCache/com.unity.inputsystem@7a4e1a2a8194/InputSystem/Runtime/Plugins/UI/InputSystemUIInputModule.cs:781)
UnityEngine.InputSystem.UI.InputSystemUIInputModule:ProcessPointer (UnityEngine.InputSystem.UI.PointerModel&) (at ./Library/PackageCache/com.unity.inputsystem@7a4e1a2a8194/InputSystem/Runtime/Plugins/UI/InputSystemUIInputModule.cs:487)
UnityEngine.InputSystem.UI.InputSystemUIInputModule:Process () (at ./Library/PackageCache/com.unity.inputsystem@7a4e1a2a8194/InputSystem/Runtime/Plugins/UI/InputSystemUIInputModule.cs:2405)
UnityEngine.EventSystems.EventSystem:Update () (at ./Library/PackageCache/com.unity.ugui@1c4864518158/Runtime/UGUI/EventSystem/EventSystem.cs:516)

(Filename: Assets/InventoryItem.cs Line: 80)

OnDrag
UnityEngine.Debug:ExtractStackTraceNoAlloc (byte*,int,string)
UnityEngine.StackTraceUtility:ExtractStackTrace ()
UnityEngine.DebugLogHandler:Internal_Log (UnityEngine.LogType,UnityEngine.LogOption,string,UnityEngine.Object)
UnityEngine.DebugLogHandler:LogFormat (UnityEngine.LogType,UnityEngine.Object,string,object[])
UnityEngine.Logger:Log (UnityEngine.LogType,object)
UnityEngine.Debug:Log (object)
InventoryItem:OnDrag (UnityEngine.EventSystems.PointerEventData) (at Assets/InventoryItem.cs:80)
UnityEngine.EventSystems.ExecuteEvents:Execute (UnityEngine.EventSystems.IDragHandler,UnityEngine.EventSystems.BaseEventData) (at ./Library/PackageCache/com.unity.ugui@1c4864518158/Runtime/UGUI/EventSystem/ExecuteEvents.cs:78)
UnityEngine.EventSystems.ExecuteEvents:Execute<UnityEngine.EventSystems.IDragHandler> (UnityEngine.GameObject,UnityEngine.EventSystems.BaseEventData,UnityEngine.EventSystems.ExecuteEvents/EventFunction`1<UnityEngine.EventSystems.IDragHandler>) (at ./Library/PackageCache/com.unity.ugui@1c4864518158/Runtime/UGUI/EventSystem/ExecuteEvents.cs:272)
UnityEngine.InputSystem.UI.InputSystemUIInputModule:ProcessPointerButtonDrag (UnityEngine.InputSystem.UI.PointerModel/ButtonState&,UnityEngine.InputSystem.UI.ExtendedPointerEventData) (at ./Library/PackageCache/com.unity.inputsystem@7a4e1a2a8194/InputSystem/Runtime/Plugins/UI/InputSystemUIInputModule.cs:781)
UnityEngine.InputSystem.UI.InputSystemUIInputModule:ProcessPointer (UnityEngine.InputSystem.UI.PointerModel&) (at ./Library/PackageCache/com.unity.inputsystem@7a4e1a2a8194/InputSystem/Runtime/Plugins/UI/InputSystemUIInputModule.cs:487)
UnityEngine.InputSystem.UI.InputSystemUIInputModule:Process () (at ./Library/PackageCache/com.unity.inputsystem@7a4e1a2a8194/InputSystem/Runtime/Plugins/UI/InputSystemUIInputModule.cs:2405)
UnityEngine.EventSystems.EventSystem:Update () (at ./Library/PackageCache/com.unity.ugui@1c4864518158/Runtime/UGUI/EventSystem/EventSystem.cs:516)

(Filename: Assets/InventoryItem.cs Line: 80)

OnDrag
UnityEngine.Debug:ExtractStackTraceNoAlloc (byte*,int,string)
UnityEngine.StackTraceUtility:ExtractStackTrace ()
UnityEngine.DebugLogHandler:Internal_Log (UnityEngine.LogType,UnityEngine.LogOption,string,UnityEngine.Object)
UnityEngine.DebugLogHandler:LogFormat (UnityEngine.LogType,UnityEngine.Object,string,object[])
UnityEngine.Logger:Log (UnityEngine.LogType,object)
UnityEngine.Debug:Log (object)
InventoryItem:OnDrag (UnityEngine.EventSystems.PointerEventData) (at Assets/InventoryItem.cs:80)
UnityEngine.EventSystems.ExecuteEvents:Execute (UnityEngine.EventSystems.IDragHandler,UnityEngine.EventSystems.BaseEventData) (at ./Library/PackageCache/com.unity.ugui@1c4864518158/Runtime/UGUI/EventSystem/ExecuteEvents.cs:78)
UnityEngine.EventSystems.ExecuteEvents:Execute<UnityEngine.EventSystems.IDragHandler> (UnityEngine.GameObject,UnityEngine.EventSystems.BaseEventData,UnityEngine.EventSystems.ExecuteEvents/EventFunction`1<UnityEngine.EventSystems.IDragHandler>) (at ./Library/PackageCache/com.unity.ugui@1c4864518158/Runtime/UGUI/EventSystem/ExecuteEvents.cs:272)
UnityEngine.InputSystem.UI.InputSystemUIInputModule:ProcessPointerButtonDrag (UnityEngine.InputSystem.UI.PointerModel/ButtonState&,UnityEngine.InputSystem.UI.ExtendedPointerEventData) (at ./Library/PackageCache/com.unity.inputsystem@7a4e1a2a8194/InputSystem/Runtime/Plugins/UI/InputSystemUIInputModule.cs:781)
UnityEngine.InputSystem.UI.InputSystemUIInputModule:ProcessPointer (UnityEngine.InputSystem.UI.PointerModel&) (at ./Library/PackageCache/com.unity.inputsystem@7a4e1a2a8194/InputSystem/Runtime/Plugins/UI/InputSystemUIInputModule.cs:487)
UnityEngine.InputSystem.UI.InputSystemUIInputModule:Process () (at ./Library/PackageCache/com.unity.inputsystem@7a4e1a2a8194/InputSystem/Runtime/Plugins/UI/InputSystemUIInputModule.cs:2405)
UnityEngine.EventSystems.EventSystem:Update () (at ./Library/PackageCache/com.unity.ugui@1c4864518158/Runtime/UGUI/EventSystem/EventSystem.cs:516)

(Filename: Assets/InventoryItem.cs Line: 80)

OnDrag
UnityEngine.Debug:ExtractStackTraceNoAlloc (byte*,int,string)
UnityEngine.StackTraceUtility:ExtractStackTrace ()
UnityEngine.DebugLogHandler:Internal_Log (UnityEngine.LogType,UnityEngine.LogOption,string,UnityEngine.Object)
UnityEngine.DebugLogHandler:LogFormat (UnityEngine.LogType,UnityEngine.Object,string,object[])
UnityEngine.Logger:Log (UnityEngine.LogType,object)
UnityEngine.Debug:Log (object)
InventoryItem:OnDrag (UnityEngine.EventSystems.PointerEventData) (at Assets/InventoryItem.cs:80)
UnityEngine.EventSystems.ExecuteEvents:Execute (UnityEngine.EventSystems.IDragHandler,UnityEngine.EventSystems.BaseEventData) (at ./Library/PackageCache/com.unity.ugui@1c4864518158/Runtime/UGUI/EventSystem/ExecuteEvents.cs:78)
UnityEngine.EventSystems.ExecuteEvents:Execute<UnityEngine.EventSystems.IDragHandler> (UnityEngine.GameObject,UnityEngine.EventSystems.BaseEventData,UnityEngine.EventSystems.ExecuteEvents/EventFunction`1<UnityEngine.EventSystems.IDragHandler>) (at ./Library/PackageCache/com.unity.ugui@1c4864518158/Runtime/UGUI/EventSystem/ExecuteEvents.cs:272)
UnityEngine.InputSystem.UI.InputSystemUIInputModule:ProcessPointerButtonDrag (UnityEngine.InputSystem.UI.PointerModel/ButtonState&,UnityEngine.InputSystem.UI.ExtendedPointerEventData) (at ./Library/PackageCache/com.unity.inputsystem@7a4e1a2a8194/InputSystem/Runtime/Plugins/UI/InputSystemUIInputModule.cs:781)
UnityEngine.InputSystem.UI.InputSystemUIInputModule:ProcessPointer (UnityEngine.InputSystem.UI.PointerModel&) (at ./Library/PackageCache/com.unity.inputsystem@7a4e1a2a8194/InputSystem/Runtime/Plugins/UI/InputSystemUIInputModule.cs:487)
UnityEngine.InputSystem.UI.InputSystemUIInputModule:Process () (at ./Library/PackageCache/com.unity.inputsystem@7a4e1a2a8194/InputSystem/Runtime/Plugins/UI/InputSystemUIInputModule.cs:2405)
UnityEngine.EventSystems.EventSystem:Update () (at ./Library/PackageCache/com.unity.ugui@1c4864518158/Runtime/UGUI/EventSystem/EventSystem.cs:516)

(Filename: Assets/InventoryItem.cs Line: 80)

OnDrag
UnityEngine.Debug:ExtractStackTraceNoAlloc (byte*,int,string)
UnityEngine.StackTraceUtility:ExtractStackTrace ()
UnityEngine.DebugLogHandler:Internal_Log (UnityEngine.LogType,UnityEngine.LogOption,string,UnityEngine.Object)
UnityEngine.DebugLogHandler:LogFormat (UnityEngine.LogType,UnityEngine.Object,string,object[])
UnityEngine.Logger:Log (UnityEngine.LogType,object)
UnityEngine.Debug:Log (object)
InventoryItem:OnDrag (UnityEngine.EventSystems.PointerEventData) (at Assets/InventoryItem.cs:80)
UnityEngine.EventSystems.ExecuteEvents:Execute (UnityEngine.EventSystems.IDragHandler,UnityEngine.EventSystems.BaseEventData) (at ./Library/PackageCache/com.unity.ugui@1c4864518158/Runtime/UGUI/EventSystem/ExecuteEvents.cs:78)
UnityEngine.EventSystems.ExecuteEvents:Execute<UnityEngine.EventSystems.IDragHandler> (UnityEngine.GameObject,UnityEngine.EventSystems.BaseEventData,UnityEngine.EventSystems.ExecuteEvents/EventFunction`1<UnityEngine.EventSystems.IDragHandler>) (at ./Library/PackageCache/com.unity.ugui@1c4864518158/Runtime/UGUI/EventSystem/ExecuteEvents.cs:272)
UnityEngine.InputSystem.UI.InputSystemUIInputModule:ProcessPointerButtonDrag (UnityEngine.InputSystem.UI.PointerModel/ButtonState&,UnityEngine.InputSystem.UI.ExtendedPointerEventData) (at ./Library/PackageCache/com.unity.inputsystem@7a4e1a2a8194/InputSystem/Runtime/Plugins/UI/InputSystemUIInputModule.cs:781)
UnityEngine.InputSystem.UI.InputSystemUIInputModule:ProcessPointer (UnityEngine.InputSystem.UI.PointerModel&) (at ./Library/PackageCache/com.unity.inputsystem@7a4e1a2a8194/InputSystem/Runtime/Plugins/UI/InputSystemUIInputModule.cs:487)
UnityEngine.InputSystem.UI.InputSystemUIInputModule:Process () (at ./Library/PackageCache/com.unity.inputsystem@7a4e1a2a8194/InputSystem/Runtime/Plugins/UI/InputSystemUIInputModule.cs:2405)
UnityEngine.EventSystems.EventSystem:Update () (at ./Library/PackageCache/com.unity.ugui@1c4864518158/Runtime/UGUI/EventSystem/EventSystem.cs:516)

(Filename: Assets/InventoryItem.cs Line: 80)

OnDrag
UnityEngine.Debug:ExtractStackTraceNoAlloc (byte*,int,string)
UnityEngine.StackTraceUtility:ExtractStackTrace ()
UnityEngine.DebugLogHandler:Internal_Log (UnityEngine.LogType,UnityEngine.LogOption,string,UnityEngine.Object)
UnityEngine.DebugLogHandler:LogFormat (UnityEngine.LogType,UnityEngine.Object,string,object[])
UnityEngine.Logger:Log (UnityEngine.LogType,object)
UnityEngine.Debug:Log (object)
InventoryItem:OnDrag (UnityEngine.EventSystems.PointerEventData) (at Assets/InventoryItem.cs:80)
UnityEngine.EventSystems.ExecuteEvents:Execute (UnityEngine.EventSystems.IDragHandler,UnityEngine.EventSystems.BaseEventData) (at ./Library/PackageCache/com.unity.ugui@1c4864518158/Runtime/UGUI/EventSystem/ExecuteEvents.cs:78)
UnityEngine.EventSystems.ExecuteEvents:Execute<UnityEngine.EventSystems.IDragHandler> (UnityEngine.GameObject,UnityEngine.EventSystems.BaseEventData,UnityEngine.EventSystems.ExecuteEvents/EventFunction`1<UnityEngine.EventSystems.IDragHandler>) (at ./Library/PackageCache/com.unity.ugui@1c4864518158/Runtime/UGUI/EventSystem/ExecuteEvents.cs:272)
UnityEngine.InputSystem.UI.InputSystemUIInputModule:ProcessPointerButtonDrag (UnityEngine.InputSystem.UI.PointerModel/ButtonState&,UnityEngine.InputSystem.UI.ExtendedPointerEventData) (at ./Library/PackageCache/com.unity.inputsystem@7a4e1a2a8194/InputSystem/Runtime/Plugins/UI/InputSystemUIInputModule.cs:781)
UnityEngine.InputSystem.UI.InputSystemUIInputModule:ProcessPointer (UnityEngine.InputSystem.UI.PointerModel&) (at ./Library/PackageCache/com.unity.inputsystem@7a4e1a2a8194/InputSystem/Runtime/Plugins/UI/InputSystemUIInputModule.cs:487)
UnityEngine.InputSystem.UI.InputSystemUIInputModule:Process () (at ./Library/PackageCache/com.unity.inputsystem@7a4e1a2a8194/InputSystem/Runtime/Plugins/UI/InputSystemUIInputModule.cs:2405)
UnityEngine.EventSystems.EventSystem:Update () (at ./Library/PackageCache/com.unity.ugui@1c4864518158/Runtime/UGUI/EventSystem/EventSystem.cs:516)

(Filename: Assets/InventoryItem.cs Line: 80)

OnDrag
UnityEngine.Debug:ExtractStackTraceNoAlloc (byte*,int,string)
UnityEngine.StackTraceUtility:ExtractStackTrace ()
UnityEngine.DebugLogHandler:Internal_Log (UnityEngine.LogType,UnityEngine.LogOption,string,UnityEngine.Object)
UnityEngine.DebugLogHandler:LogFormat (UnityEngine.LogType,UnityEngine.Object,string,object[])
UnityEngine.Logger:Log (UnityEngine.LogType,object)
UnityEngine.Debug:Log (object)
InventoryItem:OnDrag (UnityEngine.EventSystems.PointerEventData) (at Assets/InventoryItem.cs:80)
UnityEngine.EventSystems.ExecuteEvents:Execute (UnityEngine.EventSystems.IDragHandler,UnityEngine.EventSystems.BaseEventData) (at ./Library/PackageCache/com.unity.ugui@1c4864518158/Runtime/UGUI/EventSystem/ExecuteEvents.cs:78)
UnityEngine.EventSystems.ExecuteEvents:Execute<UnityEngine.EventSystems.IDragHandler> (UnityEngine.GameObject,UnityEngine.EventSystems.BaseEventData,UnityEngine.EventSystems.ExecuteEvents/EventFunction`1<UnityEngine.EventSystems.IDragHandler>) (at ./Library/PackageCache/com.unity.ugui@1c4864518158/Runtime/UGUI/EventSystem/ExecuteEvents.cs:272)
UnityEngine.InputSystem.UI.InputSystemUIInputModule:ProcessPointerButtonDrag (UnityEngine.InputSystem.UI.PointerModel/ButtonState&,UnityEngine.InputSystem.UI.ExtendedPointerEventData) (at ./Library/PackageCache/com.unity.inputsystem@7a4e1a2a8194/InputSystem/Runtime/Plugins/UI/InputSystemUIInputModule.cs:781)
UnityEngine.InputSystem.UI.InputSystemUIInputModule:ProcessPointer (UnityEngine.InputSystem.UI.PointerModel&) (at ./Library/PackageCache/com.unity.inputsystem@7a4e1a2a8194/InputSystem/Runtime/Plugins/UI/InputSystemUIInputModule.cs:487)
UnityEngine.InputSystem.UI.InputSystemUIInputModule:Process () (at ./Library/PackageCache/com.unity.inputsystem@7a4e1a2a8194/InputSystem/Runtime/Plugins/UI/InputSystemUIInputModule.cs:2405)
UnityEngine.EventSystems.EventSystem:Update () (at ./Library/PackageCache/com.unity.ugui@1c4864518158/Runtime/UGUI/EventSystem/EventSystem.cs:516)

(Filename: Assets/InventoryItem.cs Line: 80)

OnDrag
UnityEngine.Debug:ExtractStackTraceNoAlloc (byte*,int,string)
UnityEngine.StackTraceUtility:ExtractStackTrace ()
UnityEngine.DebugLogHandler:Internal_Log (UnityEngine.LogType,UnityEngine.LogOption,string,UnityEngine.Object)
UnityEngine.DebugLogHandler:LogFormat (UnityEngine.LogType,UnityEngine.Object,string,object[])
UnityEngine.Logger:Log (UnityEngine.LogType,object)
UnityEngine.Debug:Log (object)
InventoryItem:OnDrag (UnityEngine.EventSystems.PointerEventData) (at Assets/InventoryItem.cs:80)
UnityEngine.EventSystems.ExecuteEvents:Execute (UnityEngine.EventSystems.IDragHandler,UnityEngine.EventSystems.BaseEventData) (at ./Library/PackageCache/com.unity.ugui@1c4864518158/Runtime/UGUI/EventSystem/ExecuteEvents.cs:78)
UnityEngine.EventSystems.ExecuteEvents:Execute<UnityEngine.EventSystems.IDragHandler> (UnityEngine.GameObject,UnityEngine.EventSystems.BaseEventData,UnityEngine.EventSystems.ExecuteEvents/EventFunction`1<UnityEngine.EventSystems.IDragHandler>) (at ./Library/PackageCache/com.unity.ugui@1c4864518158/Runtime/UGUI/EventSystem/ExecuteEvents.cs:272)
UnityEngine.InputSystem.UI.InputSystemUIInputModule:ProcessPointerButtonDrag (UnityEngine.InputSystem.UI.PointerModel/ButtonState&,UnityEngine.InputSystem.UI.ExtendedPointerEventData) (at ./Library/PackageCache/com.unity.inputsystem@7a4e1a2a8194/InputSystem/Runtime/Plugins/UI/InputSystemUIInputModule.cs:781)
UnityEngine.InputSystem.UI.InputSystemUIInputModule:ProcessPointer (UnityEngine.InputSystem.UI.PointerModel&) (at ./Library/PackageCache/com.unity.inputsystem@7a4e1a2a8194/InputSystem/Runtime/Plugins/UI/InputSystemUIInputModule.cs:487)
UnityEngine.InputSystem.UI.InputSystemUIInputModule:Process () (at ./Library/PackageCache/com.unity.inputsystem@7a4e1a2a8194/InputSystem/Runtime/Plugins/UI/InputSystemUIInputModule.cs:2405)
UnityEngine.EventSystems.EventSystem:Update () (at ./Library/PackageCache/com.unity.ugui@1c4864518158/Runtime/UGUI/EventSystem/EventSystem.cs:516)

(Filename: Assets/InventoryItem.cs Line: 80)

OnDrag
UnityEngine.Debug:ExtractStackTraceNoAlloc (byte*,int,string)
UnityEngine.StackTraceUtility:ExtractStackTrace ()
UnityEngine.DebugLogHandler:Internal_Log (UnityEngine.LogType,UnityEngine.LogOption,string,UnityEngine.Object)
UnityEngine.DebugLogHandler:LogFormat (UnityEngine.LogType,UnityEngine.Object,string,object[])
UnityEngine.Logger:Log (UnityEngine.LogType,object)
UnityEngine.Debug:Log (object)
InventoryItem:OnDrag (UnityEngine.EventSystems.PointerEventData) (at Assets/InventoryItem.cs:80)
UnityEngine.EventSystems.ExecuteEvents:Execute (UnityEngine.EventSystems.IDragHandler,UnityEngine.EventSystems.BaseEventData) (at ./Library/PackageCache/com.unity.ugui@1c4864518158/Runtime/UGUI/EventSystem/ExecuteEvents.cs:78)
UnityEngine.EventSystems.ExecuteEvents:Execute<UnityEngine.EventSystems.IDragHandler> (UnityEngine.GameObject,UnityEngine.EventSystems.BaseEventData,UnityEngine.EventSystems.ExecuteEvents/EventFunction`1<UnityEngine.EventSystems.IDragHandler>) (at ./Library/PackageCache/com.unity.ugui@1c4864518158/Runtime/UGUI/EventSystem/ExecuteEvents.cs:272)
UnityEngine.InputSystem.UI.InputSystemUIInputModule:ProcessPointerButtonDrag (UnityEngine.InputSystem.UI.PointerModel/ButtonState&,UnityEngine.InputSystem.UI.ExtendedPointerEventData) (at ./Library/PackageCache/com.unity.inputsystem@7a4e1a2a8194/InputSystem/Runtime/Plugins/UI/InputSystemUIInputModule.cs:781)
UnityEngine.InputSystem.UI.InputSystemUIInputModule:ProcessPointer (UnityEngine.InputSystem.UI.PointerModel&) (at ./Library/PackageCache/com.unity.inputsystem@7a4e1a2a8194/InputSystem/Runtime/Plugins/UI/InputSystemUIInputModule.cs:487)
UnityEngine.InputSystem.UI.InputSystemUIInputModule:Process () (at ./Library/PackageCache/com.unity.inputsystem@7a4e1a2a8194/InputSystem/Runtime/Plugins/UI/InputSystemUIInputModule.cs:2405)
UnityEngine.EventSystems.EventSystem:Update () (at ./Library/PackageCache/com.unity.ugui@1c4864518158/Runtime/UGUI/EventSystem/EventSystem.cs:516)

(Filename: Assets/InventoryItem.cs Line: 80)

OnDrag
UnityEngine.Debug:ExtractStackTraceNoAlloc (byte*,int,string)
UnityEngine.StackTraceUtility:ExtractStackTrace ()
UnityEngine.DebugLogHandler:Internal_Log (UnityEngine.LogType,UnityEngine.LogOption,string,UnityEngine.Object)
UnityEngine.DebugLogHandler:LogFormat (UnityEngine.LogType,UnityEngine.Object,string,object[])
UnityEngine.Logger:Log (UnityEngine.LogType,object)
UnityEngine.Debug:Log (object)
InventoryItem:OnDrag (UnityEngine.EventSystems.PointerEventData) (at Assets/InventoryItem.cs:80)
UnityEngine.EventSystems.ExecuteEvents:Execute (UnityEngine.EventSystems.IDragHandler,UnityEngine.EventSystems.BaseEventData) (at ./Library/PackageCache/com.unity.ugui@1c4864518158/Runtime/UGUI/EventSystem/ExecuteEvents.cs:78)
UnityEngine.EventSystems.ExecuteEvents:Execute<UnityEngine.EventSystems.IDragHandler> (UnityEngine.GameObject,UnityEngine.EventSystems.BaseEventData,UnityEngine.EventSystems.ExecuteEvents/EventFunction`1<UnityEngine.EventSystems.IDragHandler>) (at ./Library/PackageCache/com.unity.ugui@1c4864518158/Runtime/UGUI/EventSystem/ExecuteEvents.cs:272)
UnityEngine.InputSystem.UI.InputSystemUIInputModule:ProcessPointerButtonDrag (UnityEngine.InputSystem.UI.PointerModel/ButtonState&,UnityEngine.InputSystem.UI.ExtendedPointerEventData) (at ./Library/PackageCache/com.unity.inputsystem@7a4e1a2a8194/InputSystem/Runtime/Plugins/UI/InputSystemUIInputModule.cs:781)
UnityEngine.InputSystem.UI.InputSystemUIInputModule:ProcessPointer (UnityEngine.InputSystem.UI.PointerModel&) (at ./Library/PackageCache/com.unity.inputsystem@7a4e1a2a8194/InputSystem/Runtime/Plugins/UI/InputSystemUIInputModule.cs:487)
UnityEngine.InputSystem.UI.InputSystemUIInputModule:Process () (at ./Library/PackageCache/com.unity.inputsystem@7a4e1a2a8194/InputSystem/Runtime/Plugins/UI/InputSystemUIInputModule.cs:2405)
UnityEngine.EventSystems.EventSystem:Update () (at ./Library/PackageCache/com.unity.ugui@1c4864518158/Runtime/UGUI/EventSystem/EventSystem.cs:516)

(Filename: Assets/InventoryItem.cs Line: 80)

OnDrag
UnityEngine.Debug:ExtractStackTraceNoAlloc (byte*,int,string)
UnityEngine.StackTraceUtility:ExtractStackTrace ()
UnityEngine.DebugLogHandler:Internal_Log (UnityEngine.LogType,UnityEngine.LogOption,string,UnityEngine.Object)
UnityEngine.DebugLogHandler:LogFormat (UnityEngine.LogType,UnityEngine.Object,string,object[])
UnityEngine.Logger:Log (UnityEngine.LogType,object)
UnityEngine.Debug:Log (object)
InventoryItem:OnDrag (UnityEngine.EventSystems.PointerEventData) (at Assets/InventoryItem.cs:80)
UnityEngine.EventSystems.ExecuteEvents:Execute (UnityEngine.EventSystems.IDragHandler,UnityEngine.EventSystems.BaseEventData) (at ./Library/PackageCache/com.unity.ugui@1c4864518158/Runtime/UGUI/EventSystem/ExecuteEvents.cs:78)
UnityEngine.EventSystems.ExecuteEvents:Execute<UnityEngine.EventSystems.IDragHandler> (UnityEngine.GameObject,UnityEngine.EventSystems.BaseEventData,UnityEngine.EventSystems.ExecuteEvents/EventFunction`1<UnityEngine.EventSystems.IDragHandler>) (at ./Library/PackageCache/com.unity.ugui@1c4864518158/Runtime/UGUI/EventSystem/ExecuteEvents.cs:272)
UnityEngine.InputSystem.UI.InputSystemUIInputModule:ProcessPointerButtonDrag (UnityEngine.InputSystem.UI.PointerModel/ButtonState&,UnityEngine.InputSystem.UI.ExtendedPointerEventData) (at ./Library/PackageCache/com.unity.inputsystem@7a4e1a2a8194/InputSystem/Runtime/Plugins/UI/InputSystemUIInputModule.cs:781)
UnityEngine.InputSystem.UI.InputSystemUIInputModule:ProcessPointer (UnityEngine.InputSystem.UI.PointerModel&) (at ./Library/PackageCache/com.unity.inputsystem@7a4e1a2a8194/InputSystem/Runtime/Plugins/UI/InputSystemUIInputModule.cs:487)
UnityEngine.InputSystem.UI.InputSystemUIInputModule:Process () (at ./Library/PackageCache/com.unity.inputsystem@7a4e1a2a8194/InputSystem/Runtime/Plugins/UI/InputSystemUIInputModule.cs:2405)
UnityEngine.EventSystems.EventSystem:Update () (at ./Library/PackageCache/com.unity.ugui@1c4864518158/Runtime/UGUI/EventSystem/EventSystem.cs:516)

(Filename: Assets/InventoryItem.cs Line: 80)

OnDrag
UnityEngine.Debug:ExtractStackTraceNoAlloc (byte*,int,string)
UnityEngine.StackTraceUtility:ExtractStackTrace ()
UnityEngine.DebugLogHandler:Internal_Log (UnityEngine.LogType,UnityEngine.LogOption,string,UnityEngine.Object)
UnityEngine.DebugLogHandler:LogFormat (UnityEngine.LogType,UnityEngine.Object,string,object[])
UnityEngine.Logger:Log (UnityEngine.LogType,object)
UnityEngine.Debug:Log (object)
InventoryItem:OnDrag (UnityEngine.EventSystems.PointerEventData) (at Assets/InventoryItem.cs:80)
UnityEngine.EventSystems.ExecuteEvents:Execute (UnityEngine.EventSystems.IDragHandler,UnityEngine.EventSystems.BaseEventData) (at ./Library/PackageCache/com.unity.ugui@1c4864518158/Runtime/UGUI/EventSystem/ExecuteEvents.cs:78)
UnityEngine.EventSystems.ExecuteEvents:Execute<UnityEngine.EventSystems.IDragHandler> (UnityEngine.GameObject,UnityEngine.EventSystems.BaseEventData,UnityEngine.EventSystems.ExecuteEvents/EventFunction`1<UnityEngine.EventSystems.IDragHandler>) (at ./Library/PackageCache/com.unity.ugui@1c4864518158/Runtime/UGUI/EventSystem/ExecuteEvents.cs:272)
UnityEngine.InputSystem.UI.InputSystemUIInputModule:ProcessPointerButtonDrag (UnityEngine.InputSystem.UI.PointerModel/ButtonState&,UnityEngine.InputSystem.UI.ExtendedPointerEventData) (at ./Library/PackageCache/com.unity.inputsystem@7a4e1a2a8194/InputSystem/Runtime/Plugins/UI/InputSystemUIInputModule.cs:781)
UnityEngine.InputSystem.UI.InputSystemUIInputModule:ProcessPointer (UnityEngine.InputSystem.UI.PointerModel&) (at ./Library/PackageCache/com.unity.inputsystem@7a4e1a2a8194/InputSystem/Runtime/Plugins/UI/InputSystemUIInputModule.cs:487)
UnityEngine.InputSystem.UI.InputSystemUIInputModule:Process () (at ./Library/PackageCache/com.unity.inputsystem@7a4e1a2a8194/InputSystem/Runtime/Plugins/UI/InputSystemUIInputModule.cs:2405)
UnityEngine.EventSystems.EventSystem:Update () (at ./Library/PackageCache/com.unity.ugui@1c4864518158/Runtime/UGUI/EventSystem/EventSystem.cs:516)

(Filename: Assets/InventoryItem.cs Line: 80)

OnDrag
UnityEngine.Debug:ExtractStackTraceNoAlloc (byte*,int,string)
UnityEngine.StackTraceUtility:ExtractStackTrace ()
UnityEngine.DebugLogHandler:Internal_Log (UnityEngine.LogType,UnityEngine.LogOption,string,UnityEngine.Object)
UnityEngine.DebugLogHandler:LogFormat (UnityEngine.LogType,UnityEngine.Object,string,object[])
UnityEngine.Logger:Log (UnityEngine.LogType,object)
UnityEngine.Debug:Log (object)
InventoryItem:OnDrag (UnityEngine.EventSystems.PointerEventData) (at Assets/InventoryItem.cs:80)
UnityEngine.EventSystems.ExecuteEvents:Execute (UnityEngine.EventSystems.IDragHandler,UnityEngine.EventSystems.BaseEventData) (at ./Library/PackageCache/com.unity.ugui@1c4864518158/Runtime/UGUI/EventSystem/ExecuteEvents.cs:78)
UnityEngine.EventSystems.ExecuteEvents:Execute<UnityEngine.EventSystems.IDragHandler> (UnityEngine.GameObject,UnityEngine.EventSystems.BaseEventData,UnityEngine.EventSystems.ExecuteEvents/EventFunction`1<UnityEngine.EventSystems.IDragHandler>) (at ./Library/PackageCache/com.unity.ugui@1c4864518158/Runtime/UGUI/EventSystem/ExecuteEvents.cs:272)
UnityEngine.InputSystem.UI.InputSystemUIInputModule:ProcessPointerButtonDrag (UnityEngine.InputSystem.UI.PointerModel/ButtonState&,UnityEngine.InputSystem.UI.ExtendedPointerEventData) (at ./Library/PackageCache/com.unity.inputsystem@7a4e1a2a8194/InputSystem/Runtime/Plugins/UI/InputSystemUIInputModule.cs:781)
UnityEngine.InputSystem.UI.InputSystemUIInputModule:ProcessPointer (UnityEngine.InputSystem.UI.PointerModel&) (at ./Library/PackageCache/com.unity.inputsystem@7a4e1a2a8194/InputSystem/Runtime/Plugins/UI/InputSystemUIInputModule.cs:487)
UnityEngine.InputSystem.UI.InputSystemUIInputModule:Process () (at ./Library/PackageCache/com.unity.inputsystem@7a4e1a2a8194/InputSystem/Runtime/Plugins/UI/InputSystemUIInputModule.cs:2405)
UnityEngine.EventSystems.EventSystem:Update () (at ./Library/PackageCache/com.unity.ugui@1c4864518158/Runtime/UGUI/EventSystem/EventSystem.cs:516)

(Filename: Assets/InventoryItem.cs Line: 80)

OnDrag
UnityEngine.Debug:ExtractStackTraceNoAlloc (byte*,int,string)
UnityEngine.StackTraceUtility:ExtractStackTrace ()
UnityEngine.DebugLogHandler:Internal_Log (UnityEngine.LogType,UnityEngine.LogOption,string,UnityEngine.Object)
UnityEngine.DebugLogHandler:LogFormat (UnityEngine.LogType,UnityEngine.Object,string,object[])
UnityEngine.Logger:Log (UnityEngine.LogType,object)
UnityEngine.Debug:Log (object)
InventoryItem:OnDrag (UnityEngine.EventSystems.PointerEventData) (at Assets/InventoryItem.cs:80)
UnityEngine.EventSystems.ExecuteEvents:Execute (UnityEngine.EventSystems.IDragHandler,UnityEngine.EventSystems.BaseEventData) (at ./Library/PackageCache/com.unity.ugui@1c4864518158/Runtime/UGUI/EventSystem/ExecuteEvents.cs:78)
UnityEngine.EventSystems.ExecuteEvents:Execute<UnityEngine.EventSystems.IDragHandler> (UnityEngine.GameObject,UnityEngine.EventSystems.BaseEventData,UnityEngine.EventSystems.ExecuteEvents/EventFunction`1<UnityEngine.EventSystems.IDragHandler>) (at ./Library/PackageCache/com.unity.ugui@1c4864518158/Runtime/UGUI/EventSystem/ExecuteEvents.cs:272)
UnityEngine.InputSystem.UI.InputSystemUIInputModule:ProcessPointerButtonDrag (UnityEngine.InputSystem.UI.PointerModel/ButtonState&,UnityEngine.InputSystem.UI.ExtendedPointerEventData) (at ./Library/PackageCache/com.unity.inputsystem@7a4e1a2a8194/InputSystem/Runtime/Plugins/UI/InputSystemUIInputModule.cs:781)
UnityEngine.InputSystem.UI.InputSystemUIInputModule:ProcessPointer (UnityEngine.InputSystem.UI.PointerModel&) (at ./Library/PackageCache/com.unity.inputsystem@7a4e1a2a8194/InputSystem/Runtime/Plugins/UI/InputSystemUIInputModule.cs:487)
UnityEngine.InputSystem.UI.InputSystemUIInputModule:Process () (at ./Library/PackageCache/com.unity.inputsystem@7a4e1a2a8194/InputSystem/Runtime/Plugins/UI/InputSystemUIInputModule.cs:2405)
UnityEngine.EventSystems.EventSystem:Update () (at ./Library/PackageCache/com.unity.ugui@1c4864518158/Runtime/UGUI/EventSystem/EventSystem.cs:516)

(Filename: Assets/InventoryItem.cs Line: 80)

OnDrag
UnityEngine.Debug:ExtractStackTraceNoAlloc (byte*,int,string)
UnityEngine.StackTraceUtility:ExtractStackTrace ()
UnityEngine.DebugLogHandler:Internal_Log (UnityEngine.LogType,UnityEngine.LogOption,string,UnityEngine.Object)
UnityEngine.DebugLogHandler:LogFormat (UnityEngine.LogType,UnityEngine.Object,string,object[])
UnityEngine.Logger:Log (UnityEngine.LogType,object)
UnityEngine.Debug:Log (object)
InventoryItem:OnDrag (UnityEngine.EventSystems.PointerEventData) (at Assets/InventoryItem.cs:80)
UnityEngine.EventSystems.ExecuteEvents:Execute (UnityEngine.EventSystems.IDragHandler,UnityEngine.EventSystems.BaseEventData) (at ./Library/PackageCache/com.unity.ugui@1c4864518158/Runtime/UGUI/EventSystem/ExecuteEvents.cs:78)
UnityEngine.EventSystems.ExecuteEvents:Execute<UnityEngine.EventSystems.IDragHandler> (UnityEngine.GameObject,UnityEngine.EventSystems.BaseEventData,UnityEngine.EventSystems.ExecuteEvents/EventFunction`1<UnityEngine.EventSystems.IDragHandler>) (at ./Library/PackageCache/com.unity.ugui@1c4864518158/Runtime/UGUI/EventSystem/ExecuteEvents.cs:272)
UnityEngine.InputSystem.UI.InputSystemUIInputModule:ProcessPointerButtonDrag (UnityEngine.InputSystem.UI.PointerModel/ButtonState&,UnityEngine.InputSystem.UI.ExtendedPointerEventData) (at ./Library/PackageCache/com.unity.inputsystem@7a4e1a2a8194/InputSystem/Runtime/Plugins/UI/InputSystemUIInputModule.cs:781)
UnityEngine.InputSystem.UI.InputSystemUIInputModule:ProcessPointer (UnityEngine.InputSystem.UI.PointerModel&) (at ./Library/PackageCache/com.unity.inputsystem@7a4e1a2a8194/InputSystem/Runtime/Plugins/UI/InputSystemUIInputModule.cs:487)
UnityEngine.InputSystem.UI.InputSystemUIInputModule:Process () (at ./Library/PackageCache/com.unity.inputsystem@7a4e1a2a8194/InputSystem/Runtime/Plugins/UI/InputSystemUIInputModule.cs:2405)
UnityEngine.EventSystems.EventSystem:Update () (at ./Library/PackageCache/com.unity.ugui@1c4864518158/Runtime/UGUI/EventSystem/EventSystem.cs:516)

(Filename: Assets/InventoryItem.cs Line: 80)

OnDrag
UnityEngine.Debug:ExtractStackTraceNoAlloc (byte*,int,string)
UnityEngine.StackTraceUtility:ExtractStackTrace ()
UnityEngine.DebugLogHandler:Internal_Log (UnityEngine.LogType,UnityEngine.LogOption,string,UnityEngine.Object)
UnityEngine.DebugLogHandler:LogFormat (UnityEngine.LogType,UnityEngine.Object,string,object[])
UnityEngine.Logger:Log (UnityEngine.LogType,object)
UnityEngine.Debug:Log (object)
InventoryItem:OnDrag (UnityEngine.EventSystems.PointerEventData) (at Assets/InventoryItem.cs:80)
UnityEngine.EventSystems.ExecuteEvents:Execute (UnityEngine.EventSystems.IDragHandler,UnityEngine.EventSystems.BaseEventData) (at ./Library/PackageCache/com.unity.ugui@1c4864518158/Runtime/UGUI/EventSystem/ExecuteEvents.cs:78)
UnityEngine.EventSystems.ExecuteEvents:Execute<UnityEngine.EventSystems.IDragHandler> (UnityEngine.GameObject,UnityEngine.EventSystems.BaseEventData,UnityEngine.EventSystems.ExecuteEvents/EventFunction`1<UnityEngine.EventSystems.IDragHandler>) (at ./Library/PackageCache/com.unity.ugui@1c4864518158/Runtime/UGUI/EventSystem/ExecuteEvents.cs:272)
UnityEngine.InputSystem.UI.InputSystemUIInputModule:ProcessPointerButtonDrag (UnityEngine.InputSystem.UI.PointerModel/ButtonState&,UnityEngine.InputSystem.UI.ExtendedPointerEventData) (at ./Library/PackageCache/com.unity.inputsystem@7a4e1a2a8194/InputSystem/Runtime/Plugins/UI/InputSystemUIInputModule.cs:781)
UnityEngine.InputSystem.UI.InputSystemUIInputModule:ProcessPointer (UnityEngine.InputSystem.UI.PointerModel&) (at ./Library/PackageCache/com.unity.inputsystem@7a4e1a2a8194/InputSystem/Runtime/Plugins/UI/InputSystemUIInputModule.cs:487)
UnityEngine.InputSystem.UI.InputSystemUIInputModule:Process () (at ./Library/PackageCache/com.unity.inputsystem@7a4e1a2a8194/InputSystem/Runtime/Plugins/UI/InputSystemUIInputModule.cs:2405)
UnityEngine.EventSystems.EventSystem:Update () (at ./Library/PackageCache/com.unity.ugui@1c4864518158/Runtime/UGUI/EventSystem/EventSystem.cs:516)

(Filename: Assets/InventoryItem.cs Line: 80)

OnDrag
UnityEngine.Debug:ExtractStackTraceNoAlloc (byte*,int,string)
UnityEngine.StackTraceUtility:ExtractStackTrace ()
UnityEngine.DebugLogHandler:Internal_Log (UnityEngine.LogType,UnityEngine.LogOption,string,UnityEngine.Object)
UnityEngine.DebugLogHandler:LogFormat (UnityEngine.LogType,UnityEngine.Object,string,object[])
UnityEngine.Logger:Log (UnityEngine.LogType,object)
UnityEngine.Debug:Log (object)
InventoryItem:OnDrag (UnityEngine.EventSystems.PointerEventData) (at Assets/InventoryItem.cs:80)
UnityEngine.EventSystems.ExecuteEvents:Execute (UnityEngine.EventSystems.IDragHandler,UnityEngine.EventSystems.BaseEventData) (at ./Library/PackageCache/com.unity.ugui@1c4864518158/Runtime/UGUI/EventSystem/ExecuteEvents.cs:78)
UnityEngine.EventSystems.ExecuteEvents:Execute<UnityEngine.EventSystems.IDragHandler> (UnityEngine.GameObject,UnityEngine.EventSystems.BaseEventData,UnityEngine.EventSystems.ExecuteEvents/EventFunction`1<UnityEngine.EventSystems.IDragHandler>) (at ./Library/PackageCache/com.unity.ugui@1c4864518158/Runtime/UGUI/EventSystem/ExecuteEvents.cs:272)
UnityEngine.InputSystem.UI.InputSystemUIInputModule:ProcessPointerButtonDrag (UnityEngine.InputSystem.UI.PointerModel/ButtonState&,UnityEngine.InputSystem.UI.ExtendedPointerEventData) (at ./Library/PackageCache/com.unity.inputsystem@7a4e1a2a8194/InputSystem/Runtime/Plugins/UI/InputSystemUIInputModule.cs:781)
UnityEngine.InputSystem.UI.InputSystemUIInputModule:ProcessPointer (UnityEngine.InputSystem.UI.PointerModel&) (at ./Library/PackageCache/com.unity.inputsystem@7a4e1a2a8194/InputSystem/Runtime/Plugins/UI/InputSystemUIInputModule.cs:487)
UnityEngine.InputSystem.UI.InputSystemUIInputModule:Process () (at ./Library/PackageCache/com.unity.inputsystem@7a4e1a2a8194/InputSystem/Runtime/Plugins/UI/InputSystemUIInputModule.cs:2405)
UnityEngine.EventSystems.EventSystem:Update () (at ./Library/PackageCache/com.unity.ugui@1c4864518158/Runtime/UGUI/EventSystem/EventSystem.cs:516)

(Filename: Assets/InventoryItem.cs Line: 80)

OnDrag
UnityEngine.Debug:ExtractStackTraceNoAlloc (byte*,int,string)
UnityEngine.StackTraceUtility:ExtractStackTrace ()
UnityEngine.DebugLogHandler:Internal_Log (UnityEngine.LogType,UnityEngine.LogOption,string,UnityEngine.Object)
UnityEngine.DebugLogHandler:LogFormat (UnityEngine.LogType,UnityEngine.Object,string,object[])
UnityEngine.Logger:Log (UnityEngine.LogType,object)
UnityEngine.Debug:Log (object)
InventoryItem:OnDrag (UnityEngine.EventSystems.PointerEventData) (at Assets/InventoryItem.cs:80)
UnityEngine.EventSystems.ExecuteEvents:Execute (UnityEngine.EventSystems.IDragHandler,UnityEngine.EventSystems.BaseEventData) (at ./Library/PackageCache/com.unity.ugui@1c4864518158/Runtime/UGUI/EventSystem/ExecuteEvents.cs:78)
UnityEngine.EventSystems.ExecuteEvents:Execute<UnityEngine.EventSystems.IDragHandler> (UnityEngine.GameObject,UnityEngine.EventSystems.BaseEventData,UnityEngine.EventSystems.ExecuteEvents/EventFunction`1<UnityEngine.EventSystems.IDragHandler>) (at ./Library/PackageCache/com.unity.ugui@1c4864518158/Runtime/UGUI/EventSystem/ExecuteEvents.cs:272)
UnityEngine.InputSystem.UI.InputSystemUIInputModule:ProcessPointerButtonDrag (UnityEngine.InputSystem.UI.PointerModel/ButtonState&,UnityEngine.InputSystem.UI.ExtendedPointerEventData) (at ./Library/PackageCache/com.unity.inputsystem@7a4e1a2a8194/InputSystem/Runtime/Plugins/UI/InputSystemUIInputModule.cs:781)
UnityEngine.InputSystem.UI.InputSystemUIInputModule:ProcessPointer (UnityEngine.InputSystem.UI.PointerModel&) (at ./Library/PackageCache/com.unity.inputsystem@7a4e1a2a8194/InputSystem/Runtime/Plugins/UI/InputSystemUIInputModule.cs:487)
UnityEngine.InputSystem.UI.InputSystemUIInputModule:Process () (at ./Library/PackageCache/com.unity.inputsystem@7a4e1a2a8194/InputSystem/Runtime/Plugins/UI/InputSystemUIInputModule.cs:2405)
UnityEngine.EventSystems.EventSystem:Update () (at ./Library/PackageCache/com.unity.ugui@1c4864518158/Runtime/UGUI/EventSystem/EventSystem.cs:516)

(Filename: Assets/InventoryItem.cs Line: 80)

OnDrag
UnityEngine.Debug:ExtractStackTraceNoAlloc (byte*,int,string)
UnityEngine.StackTraceUtility:ExtractStackTrace ()
UnityEngine.DebugLogHandler:Internal_Log (UnityEngine.LogType,UnityEngine.LogOption,string,UnityEngine.Object)
UnityEngine.DebugLogHandler:LogFormat (UnityEngine.LogType,UnityEngine.Object,string,object[])
UnityEngine.Logger:Log (UnityEngine.LogType,object)
UnityEngine.Debug:Log (object)
InventoryItem:OnDrag (UnityEngine.EventSystems.PointerEventData) (at Assets/InventoryItem.cs:80)
UnityEngine.EventSystems.ExecuteEvents:Execute (UnityEngine.EventSystems.IDragHandler,UnityEngine.EventSystems.BaseEventData) (at ./Library/PackageCache/com.unity.ugui@1c4864518158/Runtime/UGUI/EventSystem/ExecuteEvents.cs:78)
UnityEngine.EventSystems.ExecuteEvents:Execute<UnityEngine.EventSystems.IDragHandler> (UnityEngine.GameObject,UnityEngine.EventSystems.BaseEventData,UnityEngine.EventSystems.ExecuteEvents/EventFunction`1<UnityEngine.EventSystems.IDragHandler>) (at ./Library/PackageCache/com.unity.ugui@1c4864518158/Runtime/UGUI/EventSystem/ExecuteEvents.cs:272)
UnityEngine.InputSystem.UI.InputSystemUIInputModule:ProcessPointerButtonDrag (UnityEngine.InputSystem.UI.PointerModel/ButtonState&,UnityEngine.InputSystem.UI.ExtendedPointerEventData) (at ./Library/PackageCache/com.unity.inputsystem@7a4e1a2a8194/InputSystem/Runtime/Plugins/UI/InputSystemUIInputModule.cs:781)
UnityEngine.InputSystem.UI.InputSystemUIInputModule:ProcessPointer (UnityEngine.InputSystem.UI.PointerModel&) (at ./Library/PackageCache/com.unity.inputsystem@7a4e1a2a8194/InputSystem/Runtime/Plugins/UI/InputSystemUIInputModule.cs:487)
UnityEngine.InputSystem.UI.InputSystemUIInputModule:Process () (at ./Library/PackageCache/com.unity.inputsystem@7a4e1a2a8194/InputSystem/Runtime/Plugins/UI/InputSystemUIInputModule.cs:2405)
UnityEngine.EventSystems.EventSystem:Update () (at ./Library/PackageCache/com.unity.ugui@1c4864518158/Runtime/UGUI/EventSystem/EventSystem.cs:516)

(Filename: Assets/InventoryItem.cs Line: 80)

OnDrag
UnityEngine.Debug:ExtractStackTraceNoAlloc (byte*,int,string)
UnityEngine.StackTraceUtility:ExtractStackTrace ()
UnityEngine.DebugLogHandler:Internal_Log (UnityEngine.LogType,UnityEngine.LogOption,string,UnityEngine.Object)
UnityEngine.DebugLogHandler:LogFormat (UnityEngine.LogType,UnityEngine.Object,string,object[])
UnityEngine.Logger:Log (UnityEngine.LogType,object)
UnityEngine.Debug:Log (object)
InventoryItem:OnDrag (UnityEngine.EventSystems.PointerEventData) (at Assets/InventoryItem.cs:80)
UnityEngine.EventSystems.ExecuteEvents:Execute (UnityEngine.EventSystems.IDragHandler,UnityEngine.EventSystems.BaseEventData) (at ./Library/PackageCache/com.unity.ugui@1c4864518158/Runtime/UGUI/EventSystem/ExecuteEvents.cs:78)
UnityEngine.EventSystems.ExecuteEvents:Execute<UnityEngine.EventSystems.IDragHandler> (UnityEngine.GameObject,UnityEngine.EventSystems.BaseEventData,UnityEngine.EventSystems.ExecuteEvents/EventFunction`1<UnityEngine.EventSystems.IDragHandler>) (at ./Library/PackageCache/com.unity.ugui@1c4864518158/Runtime/UGUI/EventSystem/ExecuteEvents.cs:272)
UnityEngine.InputSystem.UI.InputSystemUIInputModule:ProcessPointerButtonDrag (UnityEngine.InputSystem.UI.PointerModel/ButtonState&,UnityEngine.InputSystem.UI.ExtendedPointerEventData) (at ./Library/PackageCache/com.unity.inputsystem@7a4e1a2a8194/InputSystem/Runtime/Plugins/UI/InputSystemUIInputModule.cs:781)
UnityEngine.InputSystem.UI.InputSystemUIInputModule:ProcessPointer (UnityEngine.InputSystem.UI.PointerModel&) (at ./Library/PackageCache/com.unity.inputsystem@7a4e1a2a8194/InputSystem/Runtime/Plugins/UI/InputSystemUIInputModule.cs:487)
UnityEngine.InputSystem.UI.InputSystemUIInputModule:Process () (at ./Library/PackageCache/com.unity.inputsystem@7a4e1a2a8194/InputSystem/Runtime/Plugins/UI/InputSystemUIInputModule.cs:2405)
UnityEngine.EventSystems.EventSystem:Update () (at ./Library/PackageCache/com.unity.ugui@1c4864518158/Runtime/UGUI/EventSystem/EventSystem.cs:516)

(Filename: Assets/InventoryItem.cs Line: 80)

OnDrag
UnityEngine.Debug:ExtractStackTraceNoAlloc (byte*,int,string)
UnityEngine.StackTraceUtility:ExtractStackTrace ()
UnityEngine.DebugLogHandler:Internal_Log (UnityEngine.LogType,UnityEngine.LogOption,string,UnityEngine.Object)
UnityEngine.DebugLogHandler:LogFormat (UnityEngine.LogType,UnityEngine.Object,string,object[])
UnityEngine.Logger:Log (UnityEngine.LogType,object)
UnityEngine.Debug:Log (object)
InventoryItem:OnDrag (UnityEngine.EventSystems.PointerEventData) (at Assets/InventoryItem.cs:80)
UnityEngine.EventSystems.ExecuteEvents:Execute (UnityEngine.EventSystems.IDragHandler,UnityEngine.EventSystems.BaseEventData) (at ./Library/PackageCache/com.unity.ugui@1c4864518158/Runtime/UGUI/EventSystem/ExecuteEvents.cs:78)
UnityEngine.EventSystems.ExecuteEvents:Execute<UnityEngine.EventSystems.IDragHandler> (UnityEngine.GameObject,UnityEngine.EventSystems.BaseEventData,UnityEngine.EventSystems.ExecuteEvents/EventFunction`1<UnityEngine.EventSystems.IDragHandler>) (at ./Library/PackageCache/com.unity.ugui@1c4864518158/Runtime/UGUI/EventSystem/ExecuteEvents.cs:272)
UnityEngine.InputSystem.UI.InputSystemUIInputModule:ProcessPointerButtonDrag (UnityEngine.InputSystem.UI.PointerModel/ButtonState&,UnityEngine.InputSystem.UI.ExtendedPointerEventData) (at ./Library/PackageCache/com.unity.inputsystem@7a4e1a2a8194/InputSystem/Runtime/Plugins/UI/InputSystemUIInputModule.cs:781)
UnityEngine.InputSystem.UI.InputSystemUIInputModule:ProcessPointer (UnityEngine.InputSystem.UI.PointerModel&) (at ./Library/PackageCache/com.unity.inputsystem@7a4e1a2a8194/InputSystem/Runtime/Plugins/UI/InputSystemUIInputModule.cs:487)
UnityEngine.InputSystem.UI.InputSystemUIInputModule:Process () (at ./Library/PackageCache/com.unity.inputsystem@7a4e1a2a8194/InputSystem/Runtime/Plugins/UI/InputSystemUIInputModule.cs:2405)
UnityEngine.EventSystems.EventSystem:Update () (at ./Library/PackageCache/com.unity.ugui@1c4864518158/Runtime/UGUI/EventSystem/EventSystem.cs:516)

(Filename: Assets/InventoryItem.cs Line: 80)

OnDrag
UnityEngine.Debug:ExtractStackTraceNoAlloc (byte*,int,string)
UnityEngine.StackTraceUtility:ExtractStackTrace ()
UnityEngine.DebugLogHandler:Internal_Log (UnityEngine.LogType,UnityEngine.LogOption,string,UnityEngine.Object)
UnityEngine.DebugLogHandler:LogFormat (UnityEngine.LogType,UnityEngine.Object,string,object[])
UnityEngine.Logger:Log (UnityEngine.LogType,object)
UnityEngine.Debug:Log (object)
InventoryItem:OnDrag (UnityEngine.EventSystems.PointerEventData) (at Assets/InventoryItem.cs:80)
UnityEngine.EventSystems.ExecuteEvents:Execute (UnityEngine.EventSystems.IDragHandler,UnityEngine.EventSystems.BaseEventData) (at ./Library/PackageCache/com.unity.ugui@1c4864518158/Runtime/UGUI/EventSystem/ExecuteEvents.cs:78)
UnityEngine.EventSystems.ExecuteEvents:Execute<UnityEngine.EventSystems.IDragHandler> (UnityEngine.GameObject,UnityEngine.EventSystems.BaseEventData,UnityEngine.EventSystems.ExecuteEvents/EventFunction`1<UnityEngine.EventSystems.IDragHandler>) (at ./Library/PackageCache/com.unity.ugui@1c4864518158/Runtime/UGUI/EventSystem/ExecuteEvents.cs:272)
UnityEngine.InputSystem.UI.InputSystemUIInputModule:ProcessPointerButtonDrag (UnityEngine.InputSystem.UI.PointerModel/ButtonState&,UnityEngine.InputSystem.UI.ExtendedPointerEventData) (at ./Library/PackageCache/com.unity.inputsystem@7a4e1a2a8194/InputSystem/Runtime/Plugins/UI/InputSystemUIInputModule.cs:781)
UnityEngine.InputSystem.UI.InputSystemUIInputModule:ProcessPointer (UnityEngine.InputSystem.UI.PointerModel&) (at ./Library/PackageCache/com.unity.inputsystem@7a4e1a2a8194/InputSystem/Runtime/Plugins/UI/InputSystemUIInputModule.cs:487)
UnityEngine.InputSystem.UI.InputSystemUIInputModule:Process () (at ./Library/PackageCache/com.unity.inputsystem@7a4e1a2a8194/InputSystem/Runtime/Plugins/UI/InputSystemUIInputModule.cs:2405)
UnityEngine.EventSystems.EventSystem:Update () (at ./Library/PackageCache/com.unity.ugui@1c4864518158/Runtime/UGUI/EventSystem/EventSystem.cs:516)

(Filename: Assets/InventoryItem.cs Line: 80)

OnDrag
UnityEngine.Debug:ExtractStackTraceNoAlloc (byte*,int,string)
UnityEngine.StackTraceUtility:ExtractStackTrace ()
UnityEngine.DebugLogHandler:Internal_Log (UnityEngine.LogType,UnityEngine.LogOption,string,UnityEngine.Object)
UnityEngine.DebugLogHandler:LogFormat (UnityEngine.LogType,UnityEngine.Object,string,object[])
UnityEngine.Logger:Log (UnityEngine.LogType,object)
UnityEngine.Debug:Log (object)
InventoryItem:OnDrag (UnityEngine.EventSystems.PointerEventData) (at Assets/InventoryItem.cs:80)
UnityEngine.EventSystems.ExecuteEvents:Execute (UnityEngine.EventSystems.IDragHandler,UnityEngine.EventSystems.BaseEventData) (at ./Library/PackageCache/com.unity.ugui@1c4864518158/Runtime/UGUI/EventSystem/ExecuteEvents.cs:78)
UnityEngine.EventSystems.ExecuteEvents:Execute<UnityEngine.EventSystems.IDragHandler> (UnityEngine.GameObject,UnityEngine.EventSystems.BaseEventData,UnityEngine.EventSystems.ExecuteEvents/EventFunction`1<UnityEngine.EventSystems.IDragHandler>) (at ./Library/PackageCache/com.unity.ugui@1c4864518158/Runtime/UGUI/EventSystem/ExecuteEvents.cs:272)
UnityEngine.InputSystem.UI.InputSystemUIInputModule:ProcessPointerButtonDrag (UnityEngine.InputSystem.UI.PointerModel/ButtonState&,UnityEngine.InputSystem.UI.ExtendedPointerEventData) (at ./Library/PackageCache/com.unity.inputsystem@7a4e1a2a8194/InputSystem/Runtime/Plugins/UI/InputSystemUIInputModule.cs:781)
UnityEngine.InputSystem.UI.InputSystemUIInputModule:ProcessPointer (UnityEngine.InputSystem.UI.PointerModel&) (at ./Library/PackageCache/com.unity.inputsystem@7a4e1a2a8194/InputSystem/Runtime/Plugins/UI/InputSystemUIInputModule.cs:487)
UnityEngine.InputSystem.UI.InputSystemUIInputModule:Process () (at ./Library/PackageCache/com.unity.inputsystem@7a4e1a2a8194/InputSystem/Runtime/Plugins/UI/InputSystemUIInputModule.cs:2405)
UnityEngine.EventSystems.EventSystem:Update () (at ./Library/PackageCache/com.unity.ugui@1c4864518158/Runtime/UGUI/EventSystem/EventSystem.cs:516)

(Filename: Assets/InventoryItem.cs Line: 80)

OnDrag
UnityEngine.Debug:ExtractStackTraceNoAlloc (byte*,int,string)
UnityEngine.StackTraceUtility:ExtractStackTrace ()
UnityEngine.DebugLogHandler:Internal_Log (UnityEngine.LogType,UnityEngine.LogOption,string,UnityEngine.Object)
UnityEngine.DebugLogHandler:LogFormat (UnityEngine.LogType,UnityEngine.Object,string,object[])
UnityEngine.Logger:Log (UnityEngine.LogType,object)
UnityEngine.Debug:Log (object)
InventoryItem:OnDrag (UnityEngine.EventSystems.PointerEventData) (at Assets/InventoryItem.cs:80)
UnityEngine.EventSystems.ExecuteEvents:Execute (UnityEngine.EventSystems.IDragHandler,UnityEngine.EventSystems.BaseEventData) (at ./Library/PackageCache/com.unity.ugui@1c4864518158/Runtime/UGUI/EventSystem/ExecuteEvents.cs:78)
UnityEngine.EventSystems.ExecuteEvents:Execute<UnityEngine.EventSystems.IDragHandler> (UnityEngine.GameObject,UnityEngine.EventSystems.BaseEventData,UnityEngine.EventSystems.ExecuteEvents/EventFunction`1<UnityEngine.EventSystems.IDragHandler>) (at ./Library/PackageCache/com.unity.ugui@1c4864518158/Runtime/UGUI/EventSystem/ExecuteEvents.cs:272)
UnityEngine.InputSystem.UI.InputSystemUIInputModule:ProcessPointerButtonDrag (UnityEngine.InputSystem.UI.PointerModel/ButtonState&,UnityEngine.InputSystem.UI.ExtendedPointerEventData) (at ./Library/PackageCache/com.unity.inputsystem@7a4e1a2a8194/InputSystem/Runtime/Plugins/UI/InputSystemUIInputModule.cs:781)
UnityEngine.InputSystem.UI.InputSystemUIInputModule:ProcessPointer (UnityEngine.InputSystem.UI.PointerModel&) (at ./Library/PackageCache/com.unity.inputsystem@7a4e1a2a8194/InputSystem/Runtime/Plugins/UI/InputSystemUIInputModule.cs:487)
UnityEngine.InputSystem.UI.InputSystemUIInputModule:Process () (at ./Library/PackageCache/com.unity.inputsystem@7a4e1a2a8194/InputSystem/Runtime/Plugins/UI/InputSystemUIInputModule.cs:2405)
UnityEngine.EventSystems.EventSystem:Update () (at ./Library/PackageCache/com.unity.ugui@1c4864518158/Runtime/UGUI/EventSystem/EventSystem.cs:516)

(Filename: Assets/InventoryItem.cs Line: 80)

OnDrag
UnityEngine.Debug:ExtractStackTraceNoAlloc (byte*,int,string)
UnityEngine.StackTraceUtility:ExtractStackTrace ()
UnityEngine.DebugLogHandler:Internal_Log (UnityEngine.LogType,UnityEngine.LogOption,string,UnityEngine.Object)
UnityEngine.DebugLogHandler:LogFormat (UnityEngine.LogType,UnityEngine.Object,string,object[])
UnityEngine.Logger:Log (UnityEngine.LogType,object)
UnityEngine.Debug:Log (object)
InventoryItem:OnDrag (UnityEngine.EventSystems.PointerEventData) (at Assets/InventoryItem.cs:80)
UnityEngine.EventSystems.ExecuteEvents:Execute (UnityEngine.EventSystems.IDragHandler,UnityEngine.EventSystems.BaseEventData) (at ./Library/PackageCache/com.unity.ugui@1c4864518158/Runtime/UGUI/EventSystem/ExecuteEvents.cs:78)
UnityEngine.EventSystems.ExecuteEvents:Execute<UnityEngine.EventSystems.IDragHandler> (UnityEngine.GameObject,UnityEngine.EventSystems.BaseEventData,UnityEngine.EventSystems.ExecuteEvents/EventFunction`1<UnityEngine.EventSystems.IDragHandler>) (at ./Library/PackageCache/com.unity.ugui@1c4864518158/Runtime/UGUI/EventSystem/ExecuteEvents.cs:272)
UnityEngine.InputSystem.UI.InputSystemUIInputModule:ProcessPointerButtonDrag (UnityEngine.InputSystem.UI.PointerModel/ButtonState&,UnityEngine.InputSystem.UI.ExtendedPointerEventData) (at ./Library/PackageCache/com.unity.inputsystem@7a4e1a2a8194/InputSystem/Runtime/Plugins/UI/InputSystemUIInputModule.cs:781)
UnityEngine.InputSystem.UI.InputSystemUIInputModule:ProcessPointer (UnityEngine.InputSystem.UI.PointerModel&) (at ./Library/PackageCache/com.unity.inputsystem@7a4e1a2a8194/InputSystem/Runtime/Plugins/UI/InputSystemUIInputModule.cs:487)
UnityEngine.InputSystem.UI.InputSystemUIInputModule:Process () (at ./Library/PackageCache/com.unity.inputsystem@7a4e1a2a8194/InputSystem/Runtime/Plugins/UI/InputSystemUIInputModule.cs:2405)
UnityEngine.EventSystems.EventSystem:Update () (at ./Library/PackageCache/com.unity.ugui@1c4864518158/Runtime/UGUI/EventSystem/EventSystem.cs:516)

(Filename: Assets/InventoryItem.cs Line: 80)

OnDrag
UnityEngine.Debug:ExtractStackTraceNoAlloc (byte*,int,string)
UnityEngine.StackTraceUtility:ExtractStackTrace ()
UnityEngine.DebugLogHandler:Internal_Log (UnityEngine.LogType,UnityEngine.LogOption,string,UnityEngine.Object)
UnityEngine.DebugLogHandler:LogFormat (UnityEngine.LogType,UnityEngine.Object,string,object[])
UnityEngine.Logger:Log (UnityEngine.LogType,object)
UnityEngine.Debug:Log (object)
InventoryItem:OnDrag (UnityEngine.EventSystems.PointerEventData) (at Assets/InventoryItem.cs:80)
UnityEngine.EventSystems.ExecuteEvents:Execute (UnityEngine.EventSystems.IDragHandler,UnityEngine.EventSystems.BaseEventData) (at ./Library/PackageCache/com.unity.ugui@1c4864518158/Runtime/UGUI/EventSystem/ExecuteEvents.cs:78)
UnityEngine.EventSystems.ExecuteEvents:Execute<UnityEngine.EventSystems.IDragHandler> (UnityEngine.GameObject,UnityEngine.EventSystems.BaseEventData,UnityEngine.EventSystems.ExecuteEvents/EventFunction`1<UnityEngine.EventSystems.IDragHandler>) (at ./Library/PackageCache/com.unity.ugui@1c4864518158/Runtime/UGUI/EventSystem/ExecuteEvents.cs:272)
UnityEngine.InputSystem.UI.InputSystemUIInputModule:ProcessPointerButtonDrag (UnityEngine.InputSystem.UI.PointerModel/ButtonState&,UnityEngine.InputSystem.UI.ExtendedPointerEventData) (at ./Library/PackageCache/com.unity.inputsystem@7a4e1a2a8194/InputSystem/Runtime/Plugins/UI/InputSystemUIInputModule.cs:781)
UnityEngine.InputSystem.UI.InputSystemUIInputModule:ProcessPointer (UnityEngine.InputSystem.UI.PointerModel&) (at ./Library/PackageCache/com.unity.inputsystem@7a4e1a2a8194/InputSystem/Runtime/Plugins/UI/InputSystemUIInputModule.cs:487)
UnityEngine.InputSystem.UI.InputSystemUIInputModule:Process () (at ./Library/PackageCache/com.unity.inputsystem@7a4e1a2a8194/InputSystem/Runtime/Plugins/UI/InputSystemUIInputModule.cs:2405)
UnityEngine.EventSystems.EventSystem:Update () (at ./Library/PackageCache/com.unity.ugui@1c4864518158/Runtime/UGUI/EventSystem/EventSystem.cs:516)

(Filename: Assets/InventoryItem.cs Line: 80)

OnDrag
UnityEngine.Debug:ExtractStackTraceNoAlloc (byte*,int,string)
UnityEngine.StackTraceUtility:ExtractStackTrace ()
UnityEngine.DebugLogHandler:Internal_Log (UnityEngine.LogType,UnityEngine.LogOption,string,UnityEngine.Object)
UnityEngine.DebugLogHandler:LogFormat (UnityEngine.LogType,UnityEngine.Object,string,object[])
UnityEngine.Logger:Log (UnityEngine.LogType,object)
UnityEngine.Debug:Log (object)
InventoryItem:OnDrag (UnityEngine.EventSystems.PointerEventData) (at Assets/InventoryItem.cs:80)
UnityEngine.EventSystems.ExecuteEvents:Execute (UnityEngine.EventSystems.IDragHandler,UnityEngine.EventSystems.BaseEventData) (at ./Library/PackageCache/com.unity.ugui@1c4864518158/Runtime/UGUI/EventSystem/ExecuteEvents.cs:78)
UnityEngine.EventSystems.ExecuteEvents:Execute<UnityEngine.EventSystems.IDragHandler> (UnityEngine.GameObject,UnityEngine.EventSystems.BaseEventData,UnityEngine.EventSystems.ExecuteEvents/EventFunction`1<UnityEngine.EventSystems.IDragHandler>) (at ./Library/PackageCache/com.unity.ugui@1c4864518158/Runtime/UGUI/EventSystem/ExecuteEvents.cs:272)
UnityEngine.InputSystem.UI.InputSystemUIInputModule:ProcessPointerButtonDrag (UnityEngine.InputSystem.UI.PointerModel/ButtonState&,UnityEngine.InputSystem.UI.ExtendedPointerEventData) (at ./Library/PackageCache/com.unity.inputsystem@7a4e1a2a8194/InputSystem/Runtime/Plugins/UI/InputSystemUIInputModule.cs:781)
UnityEngine.InputSystem.UI.InputSystemUIInputModule:ProcessPointer (UnityEngine.InputSystem.UI.PointerModel&) (at ./Library/PackageCache/com.unity.inputsystem@7a4e1a2a8194/InputSystem/Runtime/Plugins/UI/InputSystemUIInputModule.cs:487)
UnityEngine.InputSystem.UI.InputSystemUIInputModule:Process () (at ./Library/PackageCache/com.unity.inputsystem@7a4e1a2a8194/InputSystem/Runtime/Plugins/UI/InputSystemUIInputModule.cs:2405)
UnityEngine.EventSystems.EventSystem:Update () (at ./Library/PackageCache/com.unity.ugui@1c4864518158/Runtime/UGUI/EventSystem/EventSystem.cs:516)

(Filename: Assets/InventoryItem.cs Line: 80)

OnDrag
UnityEngine.Debug:ExtractStackTraceNoAlloc (byte*,int,string)
UnityEngine.StackTraceUtility:ExtractStackTrace ()
UnityEngine.DebugLogHandler:Internal_Log (UnityEngine.LogType,UnityEngine.LogOption,string,UnityEngine.Object)
UnityEngine.DebugLogHandler:LogFormat (UnityEngine.LogType,UnityEngine.Object,string,object[])
UnityEngine.Logger:Log (UnityEngine.LogType,object)
UnityEngine.Debug:Log (object)
InventoryItem:OnDrag (UnityEngine.EventSystems.PointerEventData) (at Assets/InventoryItem.cs:80)
UnityEngine.EventSystems.ExecuteEvents:Execute (UnityEngine.EventSystems.IDragHandler,UnityEngine.EventSystems.BaseEventData) (at ./Library/PackageCache/com.unity.ugui@1c4864518158/Runtime/UGUI/EventSystem/ExecuteEvents.cs:78)
UnityEngine.EventSystems.ExecuteEvents:Execute<UnityEngine.EventSystems.IDragHandler> (UnityEngine.GameObject,UnityEngine.EventSystems.BaseEventData,UnityEngine.EventSystems.ExecuteEvents/EventFunction`1<UnityEngine.EventSystems.IDragHandler>) (at ./Library/PackageCache/com.unity.ugui@1c4864518158/Runtime/UGUI/EventSystem/ExecuteEvents.cs:272)
UnityEngine.InputSystem.UI.InputSystemUIInputModule:ProcessPointerButtonDrag (UnityEngine.InputSystem.UI.PointerModel/ButtonState&,UnityEngine.InputSystem.UI.ExtendedPointerEventData) (at ./Library/PackageCache/com.unity.inputsystem@7a4e1a2a8194/InputSystem/Runtime/Plugins/UI/InputSystemUIInputModule.cs:781)
UnityEngine.InputSystem.UI.InputSystemUIInputModule:ProcessPointer (UnityEngine.InputSystem.UI.PointerModel&) (at ./Library/PackageCache/com.unity.inputsystem@7a4e1a2a8194/InputSystem/Runtime/Plugins/UI/InputSystemUIInputModule.cs:487)
UnityEngine.InputSystem.UI.InputSystemUIInputModule:Process () (at ./Library/PackageCache/com.unity.inputsystem@7a4e1a2a8194/InputSystem/Runtime/Plugins/UI/InputSystemUIInputModule.cs:2405)
UnityEngine.EventSystems.EventSystem:Update () (at ./Library/PackageCache/com.unity.ugui@1c4864518158/Runtime/UGUI/EventSystem/EventSystem.cs:516)

(Filename: Assets/InventoryItem.cs Line: 80)

OnDrag
UnityEngine.Debug:ExtractStackTraceNoAlloc (byte*,int,string)
UnityEngine.StackTraceUtility:ExtractStackTrace ()
UnityEngine.DebugLogHandler:Internal_Log (UnityEngine.LogType,UnityEngine.LogOption,string,UnityEngine.Object)
UnityEngine.DebugLogHandler:LogFormat (UnityEngine.LogType,UnityEngine.Object,string,object[])
UnityEngine.Logger:Log (UnityEngine.LogType,object)
UnityEngine.Debug:Log (object)
InventoryItem:OnDrag (UnityEngine.EventSystems.PointerEventData) (at Assets/InventoryItem.cs:80)
UnityEngine.EventSystems.ExecuteEvents:Execute (UnityEngine.EventSystems.IDragHandler,UnityEngine.EventSystems.BaseEventData) (at ./Library/PackageCache/com.unity.ugui@1c4864518158/Runtime/UGUI/EventSystem/ExecuteEvents.cs:78)
UnityEngine.EventSystems.ExecuteEvents:Execute<UnityEngine.EventSystems.IDragHandler> (UnityEngine.GameObject,UnityEngine.EventSystems.BaseEventData,UnityEngine.EventSystems.ExecuteEvents/EventFunction`1<UnityEngine.EventSystems.IDragHandler>) (at ./Library/PackageCache/com.unity.ugui@1c4864518158/Runtime/UGUI/EventSystem/ExecuteEvents.cs:272)
UnityEngine.InputSystem.UI.InputSystemUIInputModule:ProcessPointerButtonDrag (UnityEngine.InputSystem.UI.PointerModel/ButtonState&,UnityEngine.InputSystem.UI.ExtendedPointerEventData) (at ./Library/PackageCache/com.unity.inputsystem@7a4e1a2a8194/InputSystem/Runtime/Plugins/UI/InputSystemUIInputModule.cs:781)
UnityEngine.InputSystem.UI.InputSystemUIInputModule:ProcessPointer (UnityEngine.InputSystem.UI.PointerModel&) (at ./Library/PackageCache/com.unity.inputsystem@7a4e1a2a8194/InputSystem/Runtime/Plugins/UI/InputSystemUIInputModule.cs:487)
UnityEngine.InputSystem.UI.InputSystemUIInputModule:Process () (at ./Library/PackageCache/com.unity.inputsystem@7a4e1a2a8194/InputSystem/Runtime/Plugins/UI/InputSystemUIInputModule.cs:2405)
UnityEngine.EventSystems.EventSystem:Update () (at ./Library/PackageCache/com.unity.ugui@1c4864518158/Runtime/UGUI/EventSystem/EventSystem.cs:516)

(Filename: Assets/InventoryItem.cs Line: 80)

OnDrag
UnityEngine.Debug:ExtractStackTraceNoAlloc (byte*,int,string)
UnityEngine.StackTraceUtility:ExtractStackTrace ()
UnityEngine.DebugLogHandler:Internal_Log (UnityEngine.LogType,UnityEngine.LogOption,string,UnityEngine.Object)
UnityEngine.DebugLogHandler:LogFormat (UnityEngine.LogType,UnityEngine.Object,string,object[])
UnityEngine.Logger:Log (UnityEngine.LogType,object)
UnityEngine.Debug:Log (object)
InventoryItem:OnDrag (UnityEngine.EventSystems.PointerEventData) (at Assets/InventoryItem.cs:80)
UnityEngine.EventSystems.ExecuteEvents:Execute (UnityEngine.EventSystems.IDragHandler,UnityEngine.EventSystems.BaseEventData) (at ./Library/PackageCache/com.unity.ugui@1c4864518158/Runtime/UGUI/EventSystem/ExecuteEvents.cs:78)
UnityEngine.EventSystems.ExecuteEvents:Execute<UnityEngine.EventSystems.IDragHandler> (UnityEngine.GameObject,UnityEngine.EventSystems.BaseEventData,UnityEngine.EventSystems.ExecuteEvents/EventFunction`1<UnityEngine.EventSystems.IDragHandler>) (at ./Library/PackageCache/com.unity.ugui@1c4864518158/Runtime/UGUI/EventSystem/ExecuteEvents.cs:272)
UnityEngine.InputSystem.UI.InputSystemUIInputModule:ProcessPointerButtonDrag (UnityEngine.InputSystem.UI.PointerModel/ButtonState&,UnityEngine.InputSystem.UI.ExtendedPointerEventData) (at ./Library/PackageCache/com.unity.inputsystem@7a4e1a2a8194/InputSystem/Runtime/Plugins/UI/InputSystemUIInputModule.cs:781)
UnityEngine.InputSystem.UI.InputSystemUIInputModule:ProcessPointer (UnityEngine.InputSystem.UI.PointerModel&) (at ./Library/PackageCache/com.unity.inputsystem@7a4e1a2a8194/InputSystem/Runtime/Plugins/UI/InputSystemUIInputModule.cs:487)
UnityEngine.InputSystem.UI.InputSystemUIInputModule:Process () (at ./Library/PackageCache/com.unity.inputsystem@7a4e1a2a8194/InputSystem/Runtime/Plugins/UI/InputSystemUIInputModule.cs:2405)
UnityEngine.EventSystems.EventSystem:Update () (at ./Library/PackageCache/com.unity.ugui@1c4864518158/Runtime/UGUI/EventSystem/EventSystem.cs:516)

(Filename: Assets/InventoryItem.cs Line: 80)

OnDrag
UnityEngine.Debug:ExtractStackTraceNoAlloc (byte*,int,string)
UnityEngine.StackTraceUtility:ExtractStackTrace ()
UnityEngine.DebugLogHandler:Internal_Log (UnityEngine.LogType,UnityEngine.LogOption,string,UnityEngine.Object)
UnityEngine.DebugLogHandler:LogFormat (UnityEngine.LogType,UnityEngine.Object,string,object[])
UnityEngine.Logger:Log (UnityEngine.LogType,object)
UnityEngine.Debug:Log (object)
InventoryItem:OnDrag (UnityEngine.EventSystems.PointerEventData) (at Assets/InventoryItem.cs:80)
UnityEngine.EventSystems.ExecuteEvents:Execute (UnityEngine.EventSystems.IDragHandler,UnityEngine.EventSystems.BaseEventData) (at ./Library/PackageCache/com.unity.ugui@1c4864518158/Runtime/UGUI/EventSystem/ExecuteEvents.cs:78)
UnityEngine.EventSystems.ExecuteEvents:Execute<UnityEngine.EventSystems.IDragHandler> (UnityEngine.GameObject,UnityEngine.EventSystems.BaseEventData,UnityEngine.EventSystems.ExecuteEvents/EventFunction`1<UnityEngine.EventSystems.IDragHandler>) (at ./Library/PackageCache/com.unity.ugui@1c4864518158/Runtime/UGUI/EventSystem/ExecuteEvents.cs:272)
UnityEngine.InputSystem.UI.InputSystemUIInputModule:ProcessPointerButtonDrag (UnityEngine.InputSystem.UI.PointerModel/ButtonState&,UnityEngine.InputSystem.UI.ExtendedPointerEventData) (at ./Library/PackageCache/com.unity.inputsystem@7a4e1a2a8194/InputSystem/Runtime/Plugins/UI/InputSystemUIInputModule.cs:781)
UnityEngine.InputSystem.UI.InputSystemUIInputModule:ProcessPointer (UnityEngine.InputSystem.UI.PointerModel&) (at ./Library/PackageCache/com.unity.inputsystem@7a4e1a2a8194/InputSystem/Runtime/Plugins/UI/InputSystemUIInputModule.cs:487)
UnityEngine.InputSystem.UI.InputSystemUIInputModule:Process () (at ./Library/PackageCache/com.unity.inputsystem@7a4e1a2a8194/InputSystem/Runtime/Plugins/UI/InputSystemUIInputModule.cs:2405)
UnityEngine.EventSystems.EventSystem:Update () (at ./Library/PackageCache/com.unity.ugui@1c4864518158/Runtime/UGUI/EventSystem/EventSystem.cs:516)

(Filename: Assets/InventoryItem.cs Line: 80)

OnDrag
UnityEngine.Debug:ExtractStackTraceNoAlloc (byte*,int,string)
UnityEngine.StackTraceUtility:ExtractStackTrace ()
UnityEngine.DebugLogHandler:Internal_Log (UnityEngine.LogType,UnityEngine.LogOption,string,UnityEngine.Object)
UnityEngine.DebugLogHandler:LogFormat (UnityEngine.LogType,UnityEngine.Object,string,object[])
UnityEngine.Logger:Log (UnityEngine.LogType,object)
UnityEngine.Debug:Log (object)
InventoryItem:OnDrag (UnityEngine.EventSystems.PointerEventData) (at Assets/InventoryItem.cs:80)
UnityEngine.EventSystems.ExecuteEvents:Execute (UnityEngine.EventSystems.IDragHandler,UnityEngine.EventSystems.BaseEventData) (at ./Library/PackageCache/com.unity.ugui@1c4864518158/Runtime/UGUI/EventSystem/ExecuteEvents.cs:78)
UnityEngine.EventSystems.ExecuteEvents:Execute<UnityEngine.EventSystems.IDragHandler> (UnityEngine.GameObject,UnityEngine.EventSystems.BaseEventData,UnityEngine.EventSystems.ExecuteEvents/EventFunction`1<UnityEngine.EventSystems.IDragHandler>) (at ./Library/PackageCache/com.unity.ugui@1c4864518158/Runtime/UGUI/EventSystem/ExecuteEvents.cs:272)
UnityEngine.InputSystem.UI.InputSystemUIInputModule:ProcessPointerButtonDrag (UnityEngine.InputSystem.UI.PointerModel/ButtonState&,UnityEngine.InputSystem.UI.ExtendedPointerEventData) (at ./Library/PackageCache/com.unity.inputsystem@7a4e1a2a8194/InputSystem/Runtime/Plugins/UI/InputSystemUIInputModule.cs:781)
UnityEngine.InputSystem.UI.InputSystemUIInputModule:ProcessPointer (UnityEngine.InputSystem.UI.PointerModel&) (at ./Library/PackageCache/com.unity.inputsystem@7a4e1a2a8194/InputSystem/Runtime/Plugins/UI/InputSystemUIInputModule.cs:487)
UnityEngine.InputSystem.UI.InputSystemUIInputModule:Process () (at ./Library/PackageCache/com.unity.inputsystem@7a4e1a2a8194/InputSystem/Runtime/Plugins/UI/InputSystemUIInputModule.cs:2405)
UnityEngine.EventSystems.EventSystem:Update () (at ./Library/PackageCache/com.unity.ugui@1c4864518158/Runtime/UGUI/EventSystem/EventSystem.cs:516)

(Filename: Assets/InventoryItem.cs Line: 80)

OnDrag
UnityEngine.Debug:ExtractStackTraceNoAlloc (byte*,int,string)
UnityEngine.StackTraceUtility:ExtractStackTrace ()
UnityEngine.DebugLogHandler:Internal_Log (UnityEngine.LogType,UnityEngine.LogOption,string,UnityEngine.Object)
UnityEngine.DebugLogHandler:LogFormat (UnityEngine.LogType,UnityEngine.Object,string,object[])
UnityEngine.Logger:Log (UnityEngine.LogType,object)
UnityEngine.Debug:Log (object)
InventoryItem:OnDrag (UnityEngine.EventSystems.PointerEventData) (at Assets/InventoryItem.cs:80)
UnityEngine.EventSystems.ExecuteEvents:Execute (UnityEngine.EventSystems.IDragHandler,UnityEngine.EventSystems.BaseEventData) (at ./Library/PackageCache/com.unity.ugui@1c4864518158/Runtime/UGUI/EventSystem/ExecuteEvents.cs:78)
UnityEngine.EventSystems.ExecuteEvents:Execute<UnityEngine.EventSystems.IDragHandler> (UnityEngine.GameObject,UnityEngine.EventSystems.BaseEventData,UnityEngine.EventSystems.ExecuteEvents/EventFunction`1<UnityEngine.EventSystems.IDragHandler>) (at ./Library/PackageCache/com.unity.ugui@1c4864518158/Runtime/UGUI/EventSystem/ExecuteEvents.cs:272)
UnityEngine.InputSystem.UI.InputSystemUIInputModule:ProcessPointerButtonDrag (UnityEngine.InputSystem.UI.PointerModel/ButtonState&,UnityEngine.InputSystem.UI.ExtendedPointerEventData) (at ./Library/PackageCache/com.unity.inputsystem@7a4e1a2a8194/InputSystem/Runtime/Plugins/UI/InputSystemUIInputModule.cs:781)
UnityEngine.InputSystem.UI.InputSystemUIInputModule:ProcessPointer (UnityEngine.InputSystem.UI.PointerModel&) (at ./Library/PackageCache/com.unity.inputsystem@7a4e1a2a8194/InputSystem/Runtime/Plugins/UI/InputSystemUIInputModule.cs:487)
UnityEngine.InputSystem.UI.InputSystemUIInputModule:Process () (at ./Library/PackageCache/com.unity.inputsystem@7a4e1a2a8194/InputSystem/Runtime/Plugins/UI/InputSystemUIInputModule.cs:2405)
UnityEngine.EventSystems.EventSystem:Update () (at ./Library/PackageCache/com.unity.ugui@1c4864518158/Runtime/UGUI/EventSystem/EventSystem.cs:516)

(Filename: Assets/InventoryItem.cs Line: 80)

OnDrag
UnityEngine.Debug:ExtractStackTraceNoAlloc (byte*,int,string)
UnityEngine.StackTraceUtility:ExtractStackTrace ()
UnityEngine.DebugLogHandler:Internal_Log (UnityEngine.LogType,UnityEngine.LogOption,string,UnityEngine.Object)
UnityEngine.DebugLogHandler:LogFormat (UnityEngine.LogType,UnityEngine.Object,string,object[])
UnityEngine.Logger:Log (UnityEngine.LogType,object)
UnityEngine.Debug:Log (object)
InventoryItem:OnDrag (UnityEngine.EventSystems.PointerEventData) (at Assets/InventoryItem.cs:80)
UnityEngine.EventSystems.ExecuteEvents:Execute (UnityEngine.EventSystems.IDragHandler,UnityEngine.EventSystems.BaseEventData) (at ./Library/PackageCache/com.unity.ugui@1c4864518158/Runtime/UGUI/EventSystem/ExecuteEvents.cs:78)
UnityEngine.EventSystems.ExecuteEvents:Execute<UnityEngine.EventSystems.IDragHandler> (UnityEngine.GameObject,UnityEngine.EventSystems.BaseEventData,UnityEngine.EventSystems.ExecuteEvents/EventFunction`1<UnityEngine.EventSystems.IDragHandler>) (at ./Library/PackageCache/com.unity.ugui@1c4864518158/Runtime/UGUI/EventSystem/ExecuteEvents.cs:272)
UnityEngine.InputSystem.UI.InputSystemUIInputModule:ProcessPointerButtonDrag (UnityEngine.InputSystem.UI.PointerModel/ButtonState&,UnityEngine.InputSystem.UI.ExtendedPointerEventData) (at ./Library/PackageCache/com.unity.inputsystem@7a4e1a2a8194/InputSystem/Runtime/Plugins/UI/InputSystemUIInputModule.cs:781)
UnityEngine.InputSystem.UI.InputSystemUIInputModule:ProcessPointer (UnityEngine.InputSystem.UI.PointerModel&) (at ./Library/PackageCache/com.unity.inputsystem@7a4e1a2a8194/InputSystem/Runtime/Plugins/UI/InputSystemUIInputModule.cs:487)
UnityEngine.InputSystem.UI.InputSystemUIInputModule:Process () (at ./Library/PackageCache/com.unity.inputsystem@7a4e1a2a8194/InputSystem/Runtime/Plugins/UI/InputSystemUIInputModule.cs:2405)
UnityEngine.EventSystems.EventSystem:Update () (at ./Library/PackageCache/com.unity.ugui@1c4864518158/Runtime/UGUI/EventSystem/EventSystem.cs:516)

(Filename: Assets/InventoryItem.cs Line: 80)

OnDrag
UnityEngine.Debug:ExtractStackTraceNoAlloc (byte*,int,string)
UnityEngine.StackTraceUtility:ExtractStackTrace ()
UnityEngine.DebugLogHandler:Internal_Log (UnityEngine.LogType,UnityEngine.LogOption,string,UnityEngine.Object)
UnityEngine.DebugLogHandler:LogFormat (UnityEngine.LogType,UnityEngine.Object,string,object[])
UnityEngine.Logger:Log (UnityEngine.LogType,object)
UnityEngine.Debug:Log (object)
InventoryItem:OnDrag (UnityEngine.EventSystems.PointerEventData) (at Assets/InventoryItem.cs:80)
UnityEngine.EventSystems.ExecuteEvents:Execute (UnityEngine.EventSystems.IDragHandler,UnityEngine.EventSystems.BaseEventData) (at ./Library/PackageCache/com.unity.ugui@1c4864518158/Runtime/UGUI/EventSystem/ExecuteEvents.cs:78)
UnityEngine.EventSystems.ExecuteEvents:Execute<UnityEngine.EventSystems.IDragHandler> (UnityEngine.GameObject,UnityEngine.EventSystems.BaseEventData,UnityEngine.EventSystems.ExecuteEvents/EventFunction`1<UnityEngine.EventSystems.IDragHandler>) (at ./Library/PackageCache/com.unity.ugui@1c4864518158/Runtime/UGUI/EventSystem/ExecuteEvents.cs:272)
UnityEngine.InputSystem.UI.InputSystemUIInputModule:ProcessPointerButtonDrag (UnityEngine.InputSystem.UI.PointerModel/ButtonState&,UnityEngine.InputSystem.UI.ExtendedPointerEventData) (at ./Library/PackageCache/com.unity.inputsystem@7a4e1a2a8194/InputSystem/Runtime/Plugins/UI/InputSystemUIInputModule.cs:781)
UnityEngine.InputSystem.UI.InputSystemUIInputModule:ProcessPointer (UnityEngine.InputSystem.UI.PointerModel&) (at ./Library/PackageCache/com.unity.inputsystem@7a4e1a2a8194/InputSystem/Runtime/Plugins/UI/InputSystemUIInputModule.cs:487)
UnityEngine.InputSystem.UI.InputSystemUIInputModule:Process () (at ./Library/PackageCache/com.unity.inputsystem@7a4e1a2a8194/InputSystem/Runtime/Plugins/UI/InputSystemUIInputModule.cs:2405)
UnityEngine.EventSystems.EventSystem:Update () (at ./Library/PackageCache/com.unity.ugui@1c4864518158/Runtime/UGUI/EventSystem/EventSystem.cs:516)

(Filename: Assets/InventoryItem.cs Line: 80)

OnDrag
UnityEngine.Debug:ExtractStackTraceNoAlloc (byte*,int,string)
UnityEngine.StackTraceUtility:ExtractStackTrace ()
UnityEngine.DebugLogHandler:Internal_Log (UnityEngine.LogType,UnityEngine.LogOption,string,UnityEngine.Object)
UnityEngine.DebugLogHandler:LogFormat (UnityEngine.LogType,UnityEngine.Object,string,object[])
UnityEngine.Logger:Log (UnityEngine.LogType,object)
UnityEngine.Debug:Log (object)
InventoryItem:OnDrag (UnityEngine.EventSystems.PointerEventData) (at Assets/InventoryItem.cs:80)
UnityEngine.EventSystems.ExecuteEvents:Execute (UnityEngine.EventSystems.IDragHandler,UnityEngine.EventSystems.BaseEventData) (at ./Library/PackageCache/com.unity.ugui@1c4864518158/Runtime/UGUI/EventSystem/ExecuteEvents.cs:78)
UnityEngine.EventSystems.ExecuteEvents:Execute<UnityEngine.EventSystems.IDragHandler> (UnityEngine.GameObject,UnityEngine.EventSystems.BaseEventData,UnityEngine.EventSystems.ExecuteEvents/EventFunction`1<UnityEngine.EventSystems.IDragHandler>) (at ./Library/PackageCache/com.unity.ugui@1c4864518158/Runtime/UGUI/EventSystem/ExecuteEvents.cs:272)
UnityEngine.InputSystem.UI.InputSystemUIInputModule:ProcessPointerButtonDrag (UnityEngine.InputSystem.UI.PointerModel/ButtonState&,UnityEngine.InputSystem.UI.ExtendedPointerEventData) (at ./Library/PackageCache/com.unity.inputsystem@7a4e1a2a8194/InputSystem/Runtime/Plugins/UI/InputSystemUIInputModule.cs:781)
UnityEngine.InputSystem.UI.InputSystemUIInputModule:ProcessPointer (UnityEngine.InputSystem.UI.PointerModel&) (at ./Library/PackageCache/com.unity.inputsystem@7a4e1a2a8194/InputSystem/Runtime/Plugins/UI/InputSystemUIInputModule.cs:487)
UnityEngine.InputSystem.UI.InputSystemUIInputModule:Process () (at ./Library/PackageCache/com.unity.inputsystem@7a4e1a2a8194/InputSystem/Runtime/Plugins/UI/InputSystemUIInputModule.cs:2405)
UnityEngine.EventSystems.EventSystem:Update () (at ./Library/PackageCache/com.unity.ugui@1c4864518158/Runtime/UGUI/EventSystem/EventSystem.cs:516)

(Filename: Assets/InventoryItem.cs Line: 80)

OnDrag
UnityEngine.Debug:ExtractStackTraceNoAlloc (byte*,int,string)
UnityEngine.StackTraceUtility:ExtractStackTrace ()
UnityEngine.DebugLogHandler:Internal_Log (UnityEngine.LogType,UnityEngine.LogOption,string,UnityEngine.Object)
UnityEngine.DebugLogHandler:LogFormat (UnityEngine.LogType,UnityEngine.Object,string,object[])
UnityEngine.Logger:Log (UnityEngine.LogType,object)
UnityEngine.Debug:Log (object)
InventoryItem:OnDrag (UnityEngine.EventSystems.PointerEventData) (at Assets/InventoryItem.cs:80)
UnityEngine.EventSystems.ExecuteEvents:Execute (UnityEngine.EventSystems.IDragHandler,UnityEngine.EventSystems.BaseEventData) (at ./Library/PackageCache/com.unity.ugui@1c4864518158/Runtime/UGUI/EventSystem/ExecuteEvents.cs:78)
UnityEngine.EventSystems.ExecuteEvents:Execute<UnityEngine.EventSystems.IDragHandler> (UnityEngine.GameObject,UnityEngine.EventSystems.BaseEventData,UnityEngine.EventSystems.ExecuteEvents/EventFunction`1<UnityEngine.EventSystems.IDragHandler>) (at ./Library/PackageCache/com.unity.ugui@1c4864518158/Runtime/UGUI/EventSystem/ExecuteEvents.cs:272)
UnityEngine.InputSystem.UI.InputSystemUIInputModule:ProcessPointerButtonDrag (UnityEngine.InputSystem.UI.PointerModel/ButtonState&,UnityEngine.InputSystem.UI.ExtendedPointerEventData) (at ./Library/PackageCache/com.unity.inputsystem@7a4e1a2a8194/InputSystem/Runtime/Plugins/UI/InputSystemUIInputModule.cs:781)
UnityEngine.InputSystem.UI.InputSystemUIInputModule:ProcessPointer (UnityEngine.InputSystem.UI.PointerModel&) (at ./Library/PackageCache/com.unity.inputsystem@7a4e1a2a8194/InputSystem/Runtime/Plugins/UI/InputSystemUIInputModule.cs:487)
UnityEngine.InputSystem.UI.InputSystemUIInputModule:Process () (at ./Library/PackageCache/com.unity.inputsystem@7a4e1a2a8194/InputSystem/Runtime/Plugins/UI/InputSystemUIInputModule.cs:2405)
UnityEngine.EventSystems.EventSystem:Update () (at ./Library/PackageCache/com.unity.ugui@1c4864518158/Runtime/UGUI/EventSystem/EventSystem.cs:516)

(Filename: Assets/InventoryItem.cs Line: 80)

OnDrag
UnityEngine.Debug:ExtractStackTraceNoAlloc (byte*,int,string)
UnityEngine.StackTraceUtility:ExtractStackTrace ()
UnityEngine.DebugLogHandler:Internal_Log (UnityEngine.LogType,UnityEngine.LogOption,string,UnityEngine.Object)
UnityEngine.DebugLogHandler:LogFormat (UnityEngine.LogType,UnityEngine.Object,string,object[])
UnityEngine.Logger:Log (UnityEngine.LogType,object)
UnityEngine.Debug:Log (object)
InventoryItem:OnDrag (UnityEngine.EventSystems.PointerEventData) (at Assets/InventoryItem.cs:80)
UnityEngine.EventSystems.ExecuteEvents:Execute (UnityEngine.EventSystems.IDragHandler,UnityEngine.EventSystems.BaseEventData) (at ./Library/PackageCache/com.unity.ugui@1c4864518158/Runtime/UGUI/EventSystem/ExecuteEvents.cs:78)
UnityEngine.EventSystems.ExecuteEvents:Execute<UnityEngine.EventSystems.IDragHandler> (UnityEngine.GameObject,UnityEngine.EventSystems.BaseEventData,UnityEngine.EventSystems.ExecuteEvents/EventFunction`1<UnityEngine.EventSystems.IDragHandler>) (at ./Library/PackageCache/com.unity.ugui@1c4864518158/Runtime/UGUI/EventSystem/ExecuteEvents.cs:272)
UnityEngine.InputSystem.UI.InputSystemUIInputModule:ProcessPointerButtonDrag (UnityEngine.InputSystem.UI.PointerModel/ButtonState&,UnityEngine.InputSystem.UI.ExtendedPointerEventData) (at ./Library/PackageCache/com.unity.inputsystem@7a4e1a2a8194/InputSystem/Runtime/Plugins/UI/InputSystemUIInputModule.cs:781)
UnityEngine.InputSystem.UI.InputSystemUIInputModule:ProcessPointer (UnityEngine.InputSystem.UI.PointerModel&) (at ./Library/PackageCache/com.unity.inputsystem@7a4e1a2a8194/InputSystem/Runtime/Plugins/UI/InputSystemUIInputModule.cs:487)
UnityEngine.InputSystem.UI.InputSystemUIInputModule:Process () (at ./Library/PackageCache/com.unity.inputsystem@7a4e1a2a8194/InputSystem/Runtime/Plugins/UI/InputSystemUIInputModule.cs:2405)
UnityEngine.EventSystems.EventSystem:Update () (at ./Library/PackageCache/com.unity.ugui@1c4864518158/Runtime/UGUI/EventSystem/EventSystem.cs:516)

(Filename: Assets/InventoryItem.cs Line: 80)

OnDrag
UnityEngine.Debug:ExtractStackTraceNoAlloc (byte*,int,string)
UnityEngine.StackTraceUtility:ExtractStackTrace ()
UnityEngine.DebugLogHandler:Internal_Log (UnityEngine.LogType,UnityEngine.LogOption,string,UnityEngine.Object)
UnityEngine.DebugLogHandler:LogFormat (UnityEngine.LogType,UnityEngine.Object,string,object[])
UnityEngine.Logger:Log (UnityEngine.LogType,object)
UnityEngine.Debug:Log (object)
InventoryItem:OnDrag (UnityEngine.EventSystems.PointerEventData) (at Assets/InventoryItem.cs:80)
UnityEngine.EventSystems.ExecuteEvents:Execute (UnityEngine.EventSystems.IDragHandler,UnityEngine.EventSystems.BaseEventData) (at ./Library/PackageCache/com.unity.ugui@1c4864518158/Runtime/UGUI/EventSystem/ExecuteEvents.cs:78)
UnityEngine.EventSystems.ExecuteEvents:Execute<UnityEngine.EventSystems.IDragHandler> (UnityEngine.GameObject,UnityEngine.EventSystems.BaseEventData,UnityEngine.EventSystems.ExecuteEvents/EventFunction`1<UnityEngine.EventSystems.IDragHandler>) (at ./Library/PackageCache/com.unity.ugui@1c4864518158/Runtime/UGUI/EventSystem/ExecuteEvents.cs:272)
UnityEngine.InputSystem.UI.InputSystemUIInputModule:ProcessPointerButtonDrag (UnityEngine.InputSystem.UI.PointerModel/ButtonState&,UnityEngine.InputSystem.UI.ExtendedPointerEventData) (at ./Library/PackageCache/com.unity.inputsystem@7a4e1a2a8194/InputSystem/Runtime/Plugins/UI/InputSystemUIInputModule.cs:781)
UnityEngine.InputSystem.UI.InputSystemUIInputModule:ProcessPointer (UnityEngine.InputSystem.UI.PointerModel&) (at ./Library/PackageCache/com.unity.inputsystem@7a4e1a2a8194/InputSystem/Runtime/Plugins/UI/InputSystemUIInputModule.cs:487)
UnityEngine.InputSystem.UI.InputSystemUIInputModule:Process () (at ./Library/PackageCache/com.unity.inputsystem@7a4e1a2a8194/InputSystem/Runtime/Plugins/UI/InputSystemUIInputModule.cs:2405)
UnityEngine.EventSystems.EventSystem:Update () (at ./Library/PackageCache/com.unity.ugui@1c4864518158/Runtime/UGUI/EventSystem/EventSystem.cs:516)

(Filename: Assets/InventoryItem.cs Line: 80)

OnDrag
UnityEngine.Debug:ExtractStackTraceNoAlloc (byte*,int,string)
UnityEngine.StackTraceUtility:ExtractStackTrace ()
UnityEngine.DebugLogHandler:Internal_Log (UnityEngine.LogType,UnityEngine.LogOption,string,UnityEngine.Object)
UnityEngine.DebugLogHandler:LogFormat (UnityEngine.LogType,UnityEngine.Object,string,object[])
UnityEngine.Logger:Log (UnityEngine.LogType,object)
UnityEngine.Debug:Log (object)
InventoryItem:OnDrag (UnityEngine.EventSystems.PointerEventData) (at Assets/InventoryItem.cs:80)
UnityEngine.EventSystems.ExecuteEvents:Execute (UnityEngine.EventSystems.IDragHandler,UnityEngine.EventSystems.BaseEventData) (at ./Library/PackageCache/com.unity.ugui@1c4864518158/Runtime/UGUI/EventSystem/ExecuteEvents.cs:78)
UnityEngine.EventSystems.ExecuteEvents:Execute<UnityEngine.EventSystems.IDragHandler> (UnityEngine.GameObject,UnityEngine.EventSystems.BaseEventData,UnityEngine.EventSystems.ExecuteEvents/EventFunction`1<UnityEngine.EventSystems.IDragHandler>) (at ./Library/PackageCache/com.unity.ugui@1c4864518158/Runtime/UGUI/EventSystem/ExecuteEvents.cs:272)
UnityEngine.InputSystem.UI.InputSystemUIInputModule:ProcessPointerButtonDrag (UnityEngine.InputSystem.UI.PointerModel/ButtonState&,UnityEngine.InputSystem.UI.ExtendedPointerEventData) (at ./Library/PackageCache/com.unity.inputsystem@7a4e1a2a8194/InputSystem/Runtime/Plugins/UI/InputSystemUIInputModule.cs:781)
UnityEngine.InputSystem.UI.InputSystemUIInputModule:ProcessPointer (UnityEngine.InputSystem.UI.PointerModel&) (at ./Library/PackageCache/com.unity.inputsystem@7a4e1a2a8194/InputSystem/Runtime/Plugins/UI/InputSystemUIInputModule.cs:487)
UnityEngine.InputSystem.UI.InputSystemUIInputModule:Process () (at ./Library/PackageCache/com.unity.inputsystem@7a4e1a2a8194/InputSystem/Runtime/Plugins/UI/InputSystemUIInputModule.cs:2405)
UnityEngine.EventSystems.EventSystem:Update () (at ./Library/PackageCache/com.unity.ugui@1c4864518158/Runtime/UGUI/EventSystem/EventSystem.cs:516)

(Filename: Assets/InventoryItem.cs Line: 80)

Дроп успешно!
UnityEngine.Debug:ExtractStackTraceNoAlloc (byte*,int,string)
UnityEngine.StackTraceUtility:ExtractStackTrace ()
UnityEngine.DebugLogHandler:Internal_Log (UnityEngine.LogType,UnityEngine.LogOption,string,UnityEngine.Object)
UnityEngine.DebugLogHandler:LogFormat (UnityEngine.LogType,UnityEngine.Object,string,object[])
UnityEngine.Logger:Log (UnityEngine.LogType,object)
UnityEngine.Debug:Log (object)
DropManager:Drop (UnityEngine.Vector2) (at Assets/DropManager.cs:39)
InventoryItem:OnEndDrag (UnityEngine.EventSystems.PointerEventData) (at Assets/InventoryItem.cs:50)
UnityEngine.EventSystems.ExecuteEvents:Execute (UnityEngine.EventSystems.IEndDragHandler,UnityEngine.EventSystems.BaseEventData) (at ./Library/PackageCache/com.unity.ugui@1c4864518158/Runtime/UGUI/EventSystem/ExecuteEvents.cs:85)
UnityEngine.EventSystems.ExecuteEvents:Execute<UnityEngine.EventSystems.IEndDragHandler> (UnityEngine.GameObject,UnityEngine.EventSystems.BaseEventData,UnityEngine.EventSystems.ExecuteEvents/EventFunction`1<UnityEngine.EventSystems.IEndDragHandler>) (at ./Library/PackageCache/com.unity.ugui@1c4864518158/Runtime/UGUI/EventSystem/ExecuteEvents.cs:272)
UnityEngine.InputSystem.UI.InputSystemUIInputModule:ProcessPointerButton (UnityEngine.InputSystem.UI.PointerModel/ButtonState&,UnityEngine.EventSystems.PointerEventData) (at ./Library/PackageCache/com.unity.inputsystem@7a4e1a2a8194/InputSystem/Runtime/Plugins/UI/InputSystemUIInputModule.cs:737)
UnityEngine.InputSystem.UI.InputSystemUIInputModule:ProcessPointer (UnityEngine.InputSystem.UI.PointerModel&) (at ./Library/PackageCache/com.unity.inputsystem@7a4e1a2a8194/InputSystem/Runtime/Plugins/UI/InputSystemUIInputModule.cs:486)
UnityEngine.InputSystem.UI.InputSystemUIInputModule:Process () (at ./Library/PackageCache/com.unity.inputsystem@7a4e1a2a8194/InputSystem/Runtime/Plugins/UI/InputSystemUIInputModule.cs:2405)
UnityEngine.EventSystems.EventSystem:Update () (at ./Library/PackageCache/com.unity.ugui@1c4864518158/Runtime/UGUI/EventSystem/EventSystem.cs:516)

(Filename: Assets/DropManager.cs Line: 39)

NullReferenceException: Object reference not set to an instance of an object
  at DropManager.Drop (UnityEngine.Vector2 screenPos) [0x00047] in C:\Users\sdziu\my_documents\0_repositories\whoops\Assets\DropManager.cs:41 
  at InventoryItem.OnEndDrag (UnityEngine.EventSystems.PointerEventData eventData) [0x00026] in C:\Users\sdziu\my_documents\0_repositories\whoops\Assets\InventoryItem.cs:50 
  at UnityEngine.EventSystems.ExecuteEvents.Execute (UnityEngine.EventSystems.IEndDragHandler handler, UnityEngine.EventSystems.BaseEventData eventData) [0x00000] in .\Library\PackageCache\com.unity.ugui@1c4864518158\Runtime\UGUI\EventSystem\ExecuteEvents.cs:85 
  at UnityEngine.EventSystems.ExecuteEvents.Execute[T] (UnityEngine.GameObject target, UnityEngine.EventSystems.BaseEventData eventData, UnityEngine.EventSystems.ExecuteEvents+EventFunction`1[T1] functor) [0x00067] in .\Library\PackageCache\com.unity.ugui@1c4864518158\Runtime\UGUI\EventSystem\ExecuteEvents.cs:272 
UnityEngine.DebugLogHandler:Internal_LogException_Injected(Exception, IntPtr)
UnityEngine.DebugLogHandler:Internal_LogException(Exception, Object)
UnityEngine.DebugLogHandler:LogException(Exception, Object)
UnityEngine.Logger:LogException(Exception, Object)
UnityEngine.Debug:LogException(Exception)
UnityEngine.EventSystems.ExecuteEvents:Execute(GameObject, BaseEventData, EventFunction`1) (at .\Library\PackageCache\com.unity.ugui@1c4864518158\Runtime\UGUI\EventSystem\ExecuteEvents.cs:276)
UnityEngine.InputSystem.UI.InputSystemUIInputModule:ProcessPointerButton(ButtonState&, PointerEventData) (at .\Library\PackageCache\com.unity.inputsystem@7a4e1a2a8194\InputSystem\Runtime\Plugins\UI\InputSystemUIInputModule.cs:737)
UnityEngine.InputSystem.UI.InputSystemUIInputModule:ProcessPointer(PointerModel&) (at .\Library\PackageCache\com.unity.inputsystem@7a4e1a2a8194\InputSystem\Runtime\Plugins\UI\InputSystemUIInputModule.cs:486)
UnityEngine.InputSystem.UI.InputSystemUIInputModule:Process() (at .\Library\PackageCache\com.unity.inputsystem@7a4e1a2a8194\InputSystem\Runtime\Plugins\UI\InputSystemUIInputModule.cs:2405)
UnityEngine.EventSystems.EventSystem:Update() (at .\Library\PackageCache\com.unity.ugui@1c4864518158\Runtime\UGUI\EventSystem\EventSystem.cs:516)

(Filename: Assets/DropManager.cs Line: 41)

Unloading 4 Unused Serialized files (Serialized files now loaded: 0)
Loaded scene 'Temp/__Backupscenes/0.backup'
	Deserialize:            12.892 ms
	Integration:            382.883 ms
	Integration of assets:  0.017 ms
	Thread Wait Time:       0.035 ms
	Total Operation Time:   395.827 ms
Unloading 216 unused Assets / (5.6 MB). Loaded Objects now: 10503.
Memory consumption went from 0.72 GB to 0.72 GB.
Total: 65.138800 ms (FindLiveObjects: 1.408200 ms CreateObjectMapping: 2.526900 ms MarkObjects: 39.279800 ms  DeleteObjects: 21.920200 ms)

[Licensing::Client] Successfully resolved entitlement details
SpriteAtlasPacking completed in 0.016274 sec
Reloading assemblies for play mode.
Reloading assemblies after forced synchronous recompile.
Begin MonoManager ReloadAssembly
Symbol file LoadedFromMemory is not a mono symbol file
Refreshing native plugins compatible for Editor in 7.97 ms, found 5 plugins.
Native extension for WindowsStandalone target not found
ScheduleIndexationOnStartup MainProcess:True IndexOnStartup:True
[MODES] ModeService[none].Initialize
[MODES] ModeService[none].LoadModes
Mono: successfully reloaded assembly
- Finished resetting the current domain, in  3.243 seconds
Domain Reload Profiling: 5174ms
	BeginReloadAssembly (1387ms)
		DisableScriptedObjects (201ms)
		CreateAndSetChildDomain (817ms)
	RebuildCommonClasses (17ms)
	RebuildNativeTypeToScriptingClass (27ms)
	initialDomainReloadingComplete (135ms)
	LoadAllAssembliesAndSetupDomain (363ms)
		LoadAssemblies (266ms)
		AnalyzeDomain (74ms)
			TypeCache.Refresh (15ms)
			ResolveRequiredComponents (50ms)
	FinalizeReload (3245ms)
		SetupLoadedEditorAssemblies (0ms)
			InitializePlatformSupportModulesInManaged (8ms)
			BeforeProcessingInitializeOnLoad (155ms)
			ProcessInitializeOnLoadAttributes (675ms)
			ProcessInitializeOnLoadMethodAttributes (295ms)
			AfterProcessingInitializeOnLoad (8ms)
		AwakeInstancesAfterBackupRestoration (1093ms)

Asset Pipeline Refresh (id=679f3dcf7328d574dba11da3b6243471): Total: 5.608 seconds - Initiated by StopAssetImportingV2(ForceSynchronousImport | ForceDomainReload)
	(Values over 0.05ms)
	Summary:
		Imports: total=0 (actual=0, local cache=0, cache server=0)
		Asset DB Process Time: managed=0 ms, native=3525 ms
		Asset DB Callback time: managed=48 ms, native=0 ms
		Scripting: domain reloads=1, domain reload time=2029 ms, compile time=3 ms, other=0 ms
		Project Asset Count: scripts=1714, non-scripts=3385
		Asset File Changes: new=0, changed=0, moved=0, deleted=0
		Scan Filter Count: 0
	InvokePackagesCallback: 3.441ms
	ApplyChangesToAssetFolders: 0.669ms
	Collect global state as custom dependencies: 6.364ms
	ProcessAssetsWithTransientArtifactChanges: 0.274ms
	CategorizeAssets: 104.880ms
	CompileScripts: 3.451ms
	ImportOutOfDateAssets: 3334.939ms (3278.636ms without children)
		CollectScriptTypesHashes: 1.463ms
		ReloadNativeAssets: 2.052ms
		UnloadImportedAssets: 0.711ms
		EnsureUptoDateAssetsAreRegisteredWithGuidPM: 1.199ms
		ImportSchedulerStart: 52.284ms
	PostProcessAllAssets: 48.603ms
		MonoPostProcessAllAssets: 48.596ms
			UniversalRenderPipelineGlobalSettingsPostprocessor.OnPostprocessAllAssets 16.044ms
			SyncVS.PostprocessSyncProject 5.175ms
			SpeedTree9Postprocessor.OnPostprocessAllAssets 2.933ms
			WindowAssetPostprocessingWatcher.OnPostprocessAllAssets 2.864ms
			RenderPipelineGlobalSettingsPostprocessor.OnPostprocessAllAssets 1.110ms
			ProjectSettingsPostprocessor.OnPostprocessAllAssets 1.045ms
			ShaderReflectionAssetPostProcessor.OnPostprocessAllAssets 0.683ms
			InputActionAssetPostprocessor.OnPostprocessAllAssets 0.436ms
			EditModeScopePostprocessor.OnPostprocessAllAssets 0.431ms
			SpriteEditorTexturePostprocessor.OnPostprocessAllAssets 0.423ms
			AssetChangedListener.OnPostprocessAllAssets 0.417ms
			ReferencedClipsPostProcessor.OnPostprocessAllAssets 0.394ms
			SpriteShapeAssetPostProcessor.OnPostprocessAllAssets 0.388ms
			AssetDatabaseCallbacks.OnPostprocessAllAssets 0.216ms
			TerrainToolbarOverlayPostProcessor.OnPostprocessAllAssets 0.215ms
			AssetPostprocessor.OnPostprocessAllAssets 0.186ms
			ShaderGraphAssetPostProcessor.OnPostprocessAllAssets 0.174ms
			SpriteSlicePostprocessor.OnPostprocessAllAssets 0.052ms
	GatherAllCurrentPrimaryImportResultRevisions: 0.336ms
	UnloadStreamsBegin: 0.336ms
	PersistCurrentRevisions: 0.256ms
	GenerateScriptTypeHashes: 7.118ms
	GenerateScriptTypeSerializationHashes: 11.807ms
	Untracked: 2088.555ms

Load Editor
UnityEngine.Debug:ExtractStackTraceNoAlloc (byte*,int,string)
UnityEngine.StackTraceUtility:ExtractStackTrace ()
UnityEngine.DebugLogHandler:Internal_Log (UnityEngine.LogType,UnityEngine.LogOption,string,UnityEngine.Object)
UnityEngine.DebugLogHandler:LogFormat (UnityEngine.LogType,UnityEngine.Object,string,object[])
UnityEngine.Logger:Log (UnityEngine.LogType,object)
UnityEngine.Debug:Log (object)
YG.YandexGame:Message (string) (at Assets/YandexGame/ScriptsYG/YandexGame.cs:133)
YG.YandexGame:LoadEditor () (at Assets/YandexGame/ScriptsYG/Storage/Storage_yg.cs:75)
YG.YandexGame:_LoadProgress () (at Assets/YandexGame/ScriptsYG/Storage/Storage_yg.cs:168)
YG.YandexGame:LoadProgress () (at Assets/YandexGame/ScriptsYG/Storage/Storage_yg.cs:173)
YG.YandexGame:InitCloudStorage () (at Assets/YandexGame/ScriptsYG/Storage/Storage_yg.cs:30)
System.Reflection.RuntimeMethodInfo:Invoke (object,System.Reflection.BindingFlags,System.Reflection.Binder,object[],System.Globalization.CultureInfo)
System.Reflection.MethodBase:Invoke (object,object[])
YG.YandexGame/<>c__DisplayClass37_1:<CallInitBaisYG>b__0 () (at Assets/YandexGame/ScriptsYG/Initialization/InitYGAttribute.cs:32)
YG.YandexGame:CallInitBaisYG () (at Assets/YandexGame/ScriptsYG/Initialization/InitYGAttribute.cs:37)
YG.YandexGame:Awake () (at Assets/YandexGame/ScriptsYG/YandexGame.cs:103)

(Filename: Assets/YandexGame/ScriptsYG/YandexGame.cs Line: 133)

Authorization - True
UnityEngine.Debug:ExtractStackTraceNoAlloc (byte*,int,string)
UnityEngine.StackTraceUtility:ExtractStackTrace ()
UnityEngine.DebugLogHandler:Internal_Log (UnityEngine.LogType,UnityEngine.LogOption,string,UnityEngine.Object)
UnityEngine.DebugLogHandler:LogFormat (UnityEngine.LogType,UnityEngine.Object,string,object[])
UnityEngine.Logger:Log (UnityEngine.LogType,object)
UnityEngine.Debug:Log (object)
YG.YandexGame:Message (string) (at Assets/YandexGame/ScriptsYG/YandexGame.cs:133)
YG.YandexGame:SetInitializationSDK (string) (at Assets/YandexGame/ScriptsYG/Authorization/Auth_yg.cs:113)
YG.YandexGame:InitPlayerForEditor () (at Assets/YandexGame/ScriptsYG/Authorization/Auth_yg.cs:62)
YG.YandexGame:InitializationGame () (at Assets/YandexGame/ScriptsYG/Authorization/Auth_yg.cs:31)
System.Reflection.RuntimeMethodInfo:Invoke (object,System.Reflection.BindingFlags,System.Reflection.Binder,object[],System.Globalization.CultureInfo)
System.Reflection.MethodBase:Invoke (object,object[])
YG.YandexGame/<>c__DisplayClass38_1:<CallInitYG>b__0 () (at Assets/YandexGame/ScriptsYG/Initialization/InitYGAttribute.cs:51)
YG.YandexGame:CallInitYG () (at Assets/YandexGame/ScriptsYG/Initialization/InitYGAttribute.cs:56)
YG.YandexGame:Awake () (at Assets/YandexGame/ScriptsYG/YandexGame.cs:104)

(Filename: Assets/YandexGame/ScriptsYG/YandexGame.cs Line: 133)

Get Payments
UnityEngine.Debug:ExtractStackTraceNoAlloc (byte*,int,string)
UnityEngine.StackTraceUtility:ExtractStackTrace ()
UnityEngine.DebugLogHandler:Internal_Log (UnityEngine.LogType,UnityEngine.LogOption,string,UnityEngine.Object)
UnityEngine.DebugLogHandler:LogFormat (UnityEngine.LogType,UnityEngine.Object,string,object[])
UnityEngine.Logger:Log (UnityEngine.LogType,object)
UnityEngine.Debug:Log (object)
YG.YandexGame:Message (string) (at Assets/YandexGame/ScriptsYG/YandexGame.cs:133)
YG.YandexGame:GetPayments () (at Assets/YandexGame/ScriptsYG/Payments/InternalScripts/Payments_yg.cs:49)
YG.YandexGame:Awake () (at Assets/YandexGame/ScriptsYG/YandexGame.cs:105)

(Filename: Assets/YandexGame/ScriptsYG/YandexGame.cs Line: 133)

Loaded scene 'Temp/__Backupscenes/0.backup'
	Deserialize:            17.636 ms
	Integration:            1338.603 ms
	Integration of assets:  0.018 ms
	Thread Wait Time:       0.009 ms
	Total Operation Time:   1356.265 ms
[Licensing::Client] Successfully resolved entitlement details
[Licensing::Client] Successfully resolved entitlement details
OnBeginDrag
UnityEngine.Debug:ExtractStackTraceNoAlloc (byte*,int,string)
UnityEngine.StackTraceUtility:ExtractStackTrace ()
UnityEngine.DebugLogHandler:Internal_Log (UnityEngine.LogType,UnityEngine.LogOption,string,UnityEngine.Object)
UnityEngine.DebugLogHandler:LogFormat (UnityEngine.LogType,UnityEngine.Object,string,object[])
UnityEngine.Logger:Log (UnityEngine.LogType,object)
UnityEngine.Debug:Log (object)
InventoryItem:OnBeginDrag (UnityEngine.EventSystems.PointerEventData) (at Assets/InventoryItem.cs:30)
UnityEngine.EventSystems.ExecuteEvents:Execute (UnityEngine.EventSystems.IBeginDragHandler,UnityEngine.EventSystems.BaseEventData) (at ./Library/PackageCache/com.unity.ugui@1c4864518158/Runtime/UGUI/EventSystem/ExecuteEvents.cs:71)
UnityEngine.EventSystems.ExecuteEvents:Execute<UnityEngine.EventSystems.IBeginDragHandler> (UnityEngine.GameObject,UnityEngine.EventSystems.BaseEventData,UnityEngine.EventSystems.ExecuteEvents/EventFunction`1<UnityEngine.EventSystems.IBeginDragHandler>) (at ./Library/PackageCache/com.unity.ugui@1c4864518158/Runtime/UGUI/EventSystem/ExecuteEvents.cs:272)
UnityEngine.InputSystem.UI.InputSystemUIInputModule:ProcessPointerButtonDrag (UnityEngine.InputSystem.UI.PointerModel/ButtonState&,UnityEngine.InputSystem.UI.ExtendedPointerEventData) (at ./Library/PackageCache/com.unity.inputsystem@7a4e1a2a8194/InputSystem/Runtime/Plugins/UI/InputSystemUIInputModule.cs:764)
UnityEngine.InputSystem.UI.InputSystemUIInputModule:ProcessPointer (UnityEngine.InputSystem.UI.PointerModel&) (at ./Library/PackageCache/com.unity.inputsystem@7a4e1a2a8194/InputSystem/Runtime/Plugins/UI/InputSystemUIInputModule.cs:487)
UnityEngine.InputSystem.UI.InputSystemUIInputModule:Process () (at ./Library/PackageCache/com.unity.inputsystem@7a4e1a2a8194/InputSystem/Runtime/Plugins/UI/InputSystemUIInputModule.cs:2405)
UnityEngine.EventSystems.EventSystem:Update () (at ./Library/PackageCache/com.unity.ugui@1c4864518158/Runtime/UGUI/EventSystem/EventSystem.cs:516)

(Filename: Assets/InventoryItem.cs Line: 30)

OnDrag
UnityEngine.Debug:ExtractStackTraceNoAlloc (byte*,int,string)
UnityEngine.StackTraceUtility:ExtractStackTrace ()
UnityEngine.DebugLogHandler:Internal_Log (UnityEngine.LogType,UnityEngine.LogOption,string,UnityEngine.Object)
UnityEngine.DebugLogHandler:LogFormat (UnityEngine.LogType,UnityEngine.Object,string,object[])
UnityEngine.Logger:Log (UnityEngine.LogType,object)
UnityEngine.Debug:Log (object)
InventoryItem:OnDrag (UnityEngine.EventSystems.PointerEventData) (at Assets/InventoryItem.cs:80)
UnityEngine.EventSystems.ExecuteEvents:Execute (UnityEngine.EventSystems.IDragHandler,UnityEngine.EventSystems.BaseEventData) (at ./Library/PackageCache/com.unity.ugui@1c4864518158/Runtime/UGUI/EventSystem/ExecuteEvents.cs:78)
UnityEngine.EventSystems.ExecuteEvents:Execute<UnityEngine.EventSystems.IDragHandler> (UnityEngine.GameObject,UnityEngine.EventSystems.BaseEventData,UnityEngine.EventSystems.ExecuteEvents/EventFunction`1<UnityEngine.EventSystems.IDragHandler>) (at ./Library/PackageCache/com.unity.ugui@1c4864518158/Runtime/UGUI/EventSystem/ExecuteEvents.cs:272)
UnityEngine.InputSystem.UI.InputSystemUIInputModule:ProcessPointerButtonDrag (UnityEngine.InputSystem.UI.PointerModel/ButtonState&,UnityEngine.InputSystem.UI.ExtendedPointerEventData) (at ./Library/PackageCache/com.unity.inputsystem@7a4e1a2a8194/InputSystem/Runtime/Plugins/UI/InputSystemUIInputModule.cs:781)
UnityEngine.InputSystem.UI.InputSystemUIInputModule:ProcessPointer (UnityEngine.InputSystem.UI.PointerModel&) (at ./Library/PackageCache/com.unity.inputsystem@7a4e1a2a8194/InputSystem/Runtime/Plugins/UI/InputSystemUIInputModule.cs:487)
UnityEngine.InputSystem.UI.InputSystemUIInputModule:Process () (at ./Library/PackageCache/com.unity.inputsystem@7a4e1a2a8194/InputSystem/Runtime/Plugins/UI/InputSystemUIInputModule.cs:2405)
UnityEngine.EventSystems.EventSystem:Update () (at ./Library/PackageCache/com.unity.ugui@1c4864518158/Runtime/UGUI/EventSystem/EventSystem.cs:516)

(Filename: Assets/InventoryItem.cs Line: 80)

OnDrag
UnityEngine.Debug:ExtractStackTraceNoAlloc (byte*,int,string)
UnityEngine.StackTraceUtility:ExtractStackTrace ()
UnityEngine.DebugLogHandler:Internal_Log (UnityEngine.LogType,UnityEngine.LogOption,string,UnityEngine.Object)
UnityEngine.DebugLogHandler:LogFormat (UnityEngine.LogType,UnityEngine.Object,string,object[])
UnityEngine.Logger:Log (UnityEngine.LogType,object)
UnityEngine.Debug:Log (object)
InventoryItem:OnDrag (UnityEngine.EventSystems.PointerEventData) (at Assets/InventoryItem.cs:80)
UnityEngine.EventSystems.ExecuteEvents:Execute (UnityEngine.EventSystems.IDragHandler,UnityEngine.EventSystems.BaseEventData) (at ./Library/PackageCache/com.unity.ugui@1c4864518158/Runtime/UGUI/EventSystem/ExecuteEvents.cs:78)
UnityEngine.EventSystems.ExecuteEvents:Execute<UnityEngine.EventSystems.IDragHandler> (UnityEngine.GameObject,UnityEngine.EventSystems.BaseEventData,UnityEngine.EventSystems.ExecuteEvents/EventFunction`1<UnityEngine.EventSystems.IDragHandler>) (at ./Library/PackageCache/com.unity.ugui@1c4864518158/Runtime/UGUI/EventSystem/ExecuteEvents.cs:272)
UnityEngine.InputSystem.UI.InputSystemUIInputModule:ProcessPointerButtonDrag (UnityEngine.InputSystem.UI.PointerModel/ButtonState&,UnityEngine.InputSystem.UI.ExtendedPointerEventData) (at ./Library/PackageCache/com.unity.inputsystem@7a4e1a2a8194/InputSystem/Runtime/Plugins/UI/InputSystemUIInputModule.cs:781)
UnityEngine.InputSystem.UI.InputSystemUIInputModule:ProcessPointer (UnityEngine.InputSystem.UI.PointerModel&) (at ./Library/PackageCache/com.unity.inputsystem@7a4e1a2a8194/InputSystem/Runtime/Plugins/UI/InputSystemUIInputModule.cs:487)
UnityEngine.InputSystem.UI.InputSystemUIInputModule:Process () (at ./Library/PackageCache/com.unity.inputsystem@7a4e1a2a8194/InputSystem/Runtime/Plugins/UI/InputSystemUIInputModule.cs:2405)
UnityEngine.EventSystems.EventSystem:Update () (at ./Library/PackageCache/com.unity.ugui@1c4864518158/Runtime/UGUI/EventSystem/EventSystem.cs:516)

(Filename: Assets/InventoryItem.cs Line: 80)

OnDrag
UnityEngine.Debug:ExtractStackTraceNoAlloc (byte*,int,string)
UnityEngine.StackTraceUtility:ExtractStackTrace ()
UnityEngine.DebugLogHandler:Internal_Log (UnityEngine.LogType,UnityEngine.LogOption,string,UnityEngine.Object)
UnityEngine.DebugLogHandler:LogFormat (UnityEngine.LogType,UnityEngine.Object,string,object[])
UnityEngine.Logger:Log (UnityEngine.LogType,object)
UnityEngine.Debug:Log (object)
InventoryItem:OnDrag (UnityEngine.EventSystems.PointerEventData) (at Assets/InventoryItem.cs:80)
UnityEngine.EventSystems.ExecuteEvents:Execute (UnityEngine.EventSystems.IDragHandler,UnityEngine.EventSystems.BaseEventData) (at ./Library/PackageCache/com.unity.ugui@1c4864518158/Runtime/UGUI/EventSystem/ExecuteEvents.cs:78)
UnityEngine.EventSystems.ExecuteEvents:Execute<UnityEngine.EventSystems.IDragHandler> (UnityEngine.GameObject,UnityEngine.EventSystems.BaseEventData,UnityEngine.EventSystems.ExecuteEvents/EventFunction`1<UnityEngine.EventSystems.IDragHandler>) (at ./Library/PackageCache/com.unity.ugui@1c4864518158/Runtime/UGUI/EventSystem/ExecuteEvents.cs:272)
UnityEngine.InputSystem.UI.InputSystemUIInputModule:ProcessPointerButtonDrag (UnityEngine.InputSystem.UI.PointerModel/ButtonState&,UnityEngine.InputSystem.UI.ExtendedPointerEventData) (at ./Library/PackageCache/com.unity.inputsystem@7a4e1a2a8194/InputSystem/Runtime/Plugins/UI/InputSystemUIInputModule.cs:781)
UnityEngine.InputSystem.UI.InputSystemUIInputModule:ProcessPointer (UnityEngine.InputSystem.UI.PointerModel&) (at ./Library/PackageCache/com.unity.inputsystem@7a4e1a2a8194/InputSystem/Runtime/Plugins/UI/InputSystemUIInputModule.cs:487)
UnityEngine.InputSystem.UI.InputSystemUIInputModule:Process () (at ./Library/PackageCache/com.unity.inputsystem@7a4e1a2a8194/InputSystem/Runtime/Plugins/UI/InputSystemUIInputModule.cs:2405)
UnityEngine.EventSystems.EventSystem:Update () (at ./Library/PackageCache/com.unity.ugui@1c4864518158/Runtime/UGUI/EventSystem/EventSystem.cs:516)

(Filename: Assets/InventoryItem.cs Line: 80)

OnDrag
UnityEngine.Debug:ExtractStackTraceNoAlloc (byte*,int,string)
UnityEngine.StackTraceUtility:ExtractStackTrace ()
UnityEngine.DebugLogHandler:Internal_Log (UnityEngine.LogType,UnityEngine.LogOption,string,UnityEngine.Object)
UnityEngine.DebugLogHandler:LogFormat (UnityEngine.LogType,UnityEngine.Object,string,object[])
UnityEngine.Logger:Log (UnityEngine.LogType,object)
UnityEngine.Debug:Log (object)
InventoryItem:OnDrag (UnityEngine.EventSystems.PointerEventData) (at Assets/InventoryItem.cs:80)
UnityEngine.EventSystems.ExecuteEvents:Execute (UnityEngine.EventSystems.IDragHandler,UnityEngine.EventSystems.BaseEventData) (at ./Library/PackageCache/com.unity.ugui@1c4864518158/Runtime/UGUI/EventSystem/ExecuteEvents.cs:78)
UnityEngine.EventSystems.ExecuteEvents:Execute<UnityEngine.EventSystems.IDragHandler> (UnityEngine.GameObject,UnityEngine.EventSystems.BaseEventData,UnityEngine.EventSystems.ExecuteEvents/EventFunction`1<UnityEngine.EventSystems.IDragHandler>) (at ./Library/PackageCache/com.unity.ugui@1c4864518158/Runtime/UGUI/EventSystem/ExecuteEvents.cs:272)
UnityEngine.InputSystem.UI.InputSystemUIInputModule:ProcessPointerButtonDrag (UnityEngine.InputSystem.UI.PointerModel/ButtonState&,UnityEngine.InputSystem.UI.ExtendedPointerEventData) (at ./Library/PackageCache/com.unity.inputsystem@7a4e1a2a8194/InputSystem/Runtime/Plugins/UI/InputSystemUIInputModule.cs:781)
UnityEngine.InputSystem.UI.InputSystemUIInputModule:ProcessPointer (UnityEngine.InputSystem.UI.PointerModel&) (at ./Library/PackageCache/com.unity.inputsystem@7a4e1a2a8194/InputSystem/Runtime/Plugins/UI/InputSystemUIInputModule.cs:487)
UnityEngine.InputSystem.UI.InputSystemUIInputModule:Process () (at ./Library/PackageCache/com.unity.inputsystem@7a4e1a2a8194/InputSystem/Runtime/Plugins/UI/InputSystemUIInputModule.cs:2405)
UnityEngine.EventSystems.EventSystem:Update () (at ./Library/PackageCache/com.unity.ugui@1c4864518158/Runtime/UGUI/EventSystem/EventSystem.cs:516)

(Filename: Assets/InventoryItem.cs Line: 80)

OnDrag
UnityEngine.Debug:ExtractStackTraceNoAlloc (byte*,int,string)
UnityEngine.StackTraceUtility:ExtractStackTrace ()
UnityEngine.DebugLogHandler:Internal_Log (UnityEngine.LogType,UnityEngine.LogOption,string,UnityEngine.Object)
UnityEngine.DebugLogHandler:LogFormat (UnityEngine.LogType,UnityEngine.Object,string,object[])
UnityEngine.Logger:Log (UnityEngine.LogType,object)
UnityEngine.Debug:Log (object)
InventoryItem:OnDrag (UnityEngine.EventSystems.PointerEventData) (at Assets/InventoryItem.cs:80)
UnityEngine.EventSystems.ExecuteEvents:Execute (UnityEngine.EventSystems.IDragHandler,UnityEngine.EventSystems.BaseEventData) (at ./Library/PackageCache/com.unity.ugui@1c4864518158/Runtime/UGUI/EventSystem/ExecuteEvents.cs:78)
UnityEngine.EventSystems.ExecuteEvents:Execute<UnityEngine.EventSystems.IDragHandler> (UnityEngine.GameObject,UnityEngine.EventSystems.BaseEventData,UnityEngine.EventSystems.ExecuteEvents/EventFunction`1<UnityEngine.EventSystems.IDragHandler>) (at ./Library/PackageCache/com.unity.ugui@1c4864518158/Runtime/UGUI/EventSystem/ExecuteEvents.cs:272)
UnityEngine.InputSystem.UI.InputSystemUIInputModule:ProcessPointerButtonDrag (UnityEngine.InputSystem.UI.PointerModel/ButtonState&,UnityEngine.InputSystem.UI.ExtendedPointerEventData) (at ./Library/PackageCache/com.unity.inputsystem@7a4e1a2a8194/InputSystem/Runtime/Plugins/UI/InputSystemUIInputModule.cs:781)
UnityEngine.InputSystem.UI.InputSystemUIInputModule:ProcessPointer (UnityEngine.InputSystem.UI.PointerModel&) (at ./Library/PackageCache/com.unity.inputsystem@7a4e1a2a8194/InputSystem/Runtime/Plugins/UI/InputSystemUIInputModule.cs:487)
UnityEngine.InputSystem.UI.InputSystemUIInputModule:Process () (at ./Library/PackageCache/com.unity.inputsystem@7a4e1a2a8194/InputSystem/Runtime/Plugins/UI/InputSystemUIInputModule.cs:2405)
UnityEngine.EventSystems.EventSystem:Update () (at ./Library/PackageCache/com.unity.ugui@1c4864518158/Runtime/UGUI/EventSystem/EventSystem.cs:516)

(Filename: Assets/InventoryItem.cs Line: 80)

OnDrag
UnityEngine.Debug:ExtractStackTraceNoAlloc (byte*,int,string)
UnityEngine.StackTraceUtility:ExtractStackTrace ()
UnityEngine.DebugLogHandler:Internal_Log (UnityEngine.LogType,UnityEngine.LogOption,string,UnityEngine.Object)
UnityEngine.DebugLogHandler:LogFormat (UnityEngine.LogType,UnityEngine.Object,string,object[])
UnityEngine.Logger:Log (UnityEngine.LogType,object)
UnityEngine.Debug:Log (object)
InventoryItem:OnDrag (UnityEngine.EventSystems.PointerEventData) (at Assets/InventoryItem.cs:80)
UnityEngine.EventSystems.ExecuteEvents:Execute (UnityEngine.EventSystems.IDragHandler,UnityEngine.EventSystems.BaseEventData) (at ./Library/PackageCache/com.unity.ugui@1c4864518158/Runtime/UGUI/EventSystem/ExecuteEvents.cs:78)
UnityEngine.EventSystems.ExecuteEvents:Execute<UnityEngine.EventSystems.IDragHandler> (UnityEngine.GameObject,UnityEngine.EventSystems.BaseEventData,UnityEngine.EventSystems.ExecuteEvents/EventFunction`1<UnityEngine.EventSystems.IDragHandler>) (at ./Library/PackageCache/com.unity.ugui@1c4864518158/Runtime/UGUI/EventSystem/ExecuteEvents.cs:272)
UnityEngine.InputSystem.UI.InputSystemUIInputModule:ProcessPointerButtonDrag (UnityEngine.InputSystem.UI.PointerModel/ButtonState&,UnityEngine.InputSystem.UI.ExtendedPointerEventData) (at ./Library/PackageCache/com.unity.inputsystem@7a4e1a2a8194/InputSystem/Runtime/Plugins/UI/InputSystemUIInputModule.cs:781)
UnityEngine.InputSystem.UI.InputSystemUIInputModule:ProcessPointer (UnityEngine.InputSystem.UI.PointerModel&) (at ./Library/PackageCache/com.unity.inputsystem@7a4e1a2a8194/InputSystem/Runtime/Plugins/UI/InputSystemUIInputModule.cs:487)
UnityEngine.InputSystem.UI.InputSystemUIInputModule:Process () (at ./Library/PackageCache/com.unity.inputsystem@7a4e1a2a8194/InputSystem/Runtime/Plugins/UI/InputSystemUIInputModule.cs:2405)
UnityEngine.EventSystems.EventSystem:Update () (at ./Library/PackageCache/com.unity.ugui@1c4864518158/Runtime/UGUI/EventSystem/EventSystem.cs:516)

(Filename: Assets/InventoryItem.cs Line: 80)

OnDrag
UnityEngine.Debug:ExtractStackTraceNoAlloc (byte*,int,string)
UnityEngine.StackTraceUtility:ExtractStackTrace ()
UnityEngine.DebugLogHandler:Internal_Log (UnityEngine.LogType,UnityEngine.LogOption,string,UnityEngine.Object)
UnityEngine.DebugLogHandler:LogFormat (UnityEngine.LogType,UnityEngine.Object,string,object[])
UnityEngine.Logger:Log (UnityEngine.LogType,object)
UnityEngine.Debug:Log (object)
InventoryItem:OnDrag (UnityEngine.EventSystems.PointerEventData) (at Assets/InventoryItem.cs:80)
UnityEngine.EventSystems.ExecuteEvents:Execute (UnityEngine.EventSystems.IDragHandler,UnityEngine.EventSystems.BaseEventData) (at ./Library/PackageCache/com.unity.ugui@1c4864518158/Runtime/UGUI/EventSystem/ExecuteEvents.cs:78)
UnityEngine.EventSystems.ExecuteEvents:Execute<UnityEngine.EventSystems.IDragHandler> (UnityEngine.GameObject,UnityEngine.EventSystems.BaseEventData,UnityEngine.EventSystems.ExecuteEvents/EventFunction`1<UnityEngine.EventSystems.IDragHandler>) (at ./Library/PackageCache/com.unity.ugui@1c4864518158/Runtime/UGUI/EventSystem/ExecuteEvents.cs:272)
UnityEngine.InputSystem.UI.InputSystemUIInputModule:ProcessPointerButtonDrag (UnityEngine.InputSystem.UI.PointerModel/ButtonState&,UnityEngine.InputSystem.UI.ExtendedPointerEventData) (at ./Library/PackageCache/com.unity.inputsystem@7a4e1a2a8194/InputSystem/Runtime/Plugins/UI/InputSystemUIInputModule.cs:781)
UnityEngine.InputSystem.UI.InputSystemUIInputModule:ProcessPointer (UnityEngine.InputSystem.UI.PointerModel&) (at ./Library/PackageCache/com.unity.inputsystem@7a4e1a2a8194/InputSystem/Runtime/Plugins/UI/InputSystemUIInputModule.cs:487)
UnityEngine.InputSystem.UI.InputSystemUIInputModule:Process () (at ./Library/PackageCache/com.unity.inputsystem@7a4e1a2a8194/InputSystem/Runtime/Plugins/UI/InputSystemUIInputModule.cs:2405)
UnityEngine.EventSystems.EventSystem:Update () (at ./Library/PackageCache/com.unity.ugui@1c4864518158/Runtime/UGUI/EventSystem/EventSystem.cs:516)

(Filename: Assets/InventoryItem.cs Line: 80)

OnDrag
UnityEngine.Debug:ExtractStackTraceNoAlloc (byte*,int,string)
UnityEngine.StackTraceUtility:ExtractStackTrace ()
UnityEngine.DebugLogHandler:Internal_Log (UnityEngine.LogType,UnityEngine.LogOption,string,UnityEngine.Object)
UnityEngine.DebugLogHandler:LogFormat (UnityEngine.LogType,UnityEngine.Object,string,object[])
UnityEngine.Logger:Log (UnityEngine.LogType,object)
UnityEngine.Debug:Log (object)
InventoryItem:OnDrag (UnityEngine.EventSystems.PointerEventData) (at Assets/InventoryItem.cs:80)
UnityEngine.EventSystems.ExecuteEvents:Execute (UnityEngine.EventSystems.IDragHandler,UnityEngine.EventSystems.BaseEventData) (at ./Library/PackageCache/com.unity.ugui@1c4864518158/Runtime/UGUI/EventSystem/ExecuteEvents.cs:78)
UnityEngine.EventSystems.ExecuteEvents:Execute<UnityEngine.EventSystems.IDragHandler> (UnityEngine.GameObject,UnityEngine.EventSystems.BaseEventData,UnityEngine.EventSystems.ExecuteEvents/EventFunction`1<UnityEngine.EventSystems.IDragHandler>) (at ./Library/PackageCache/com.unity.ugui@1c4864518158/Runtime/UGUI/EventSystem/ExecuteEvents.cs:272)
UnityEngine.InputSystem.UI.InputSystemUIInputModule:ProcessPointerButtonDrag (UnityEngine.InputSystem.UI.PointerModel/ButtonState&,UnityEngine.InputSystem.UI.ExtendedPointerEventData) (at ./Library/PackageCache/com.unity.inputsystem@7a4e1a2a8194/InputSystem/Runtime/Plugins/UI/InputSystemUIInputModule.cs:781)
UnityEngine.InputSystem.UI.InputSystemUIInputModule:ProcessPointer (UnityEngine.InputSystem.UI.PointerModel&) (at ./Library/PackageCache/com.unity.inputsystem@7a4e1a2a8194/InputSystem/Runtime/Plugins/UI/InputSystemUIInputModule.cs:487)
UnityEngine.InputSystem.UI.InputSystemUIInputModule:Process () (at ./Library/PackageCache/com.unity.inputsystem@7a4e1a2a8194/InputSystem/Runtime/Plugins/UI/InputSystemUIInputModule.cs:2405)
UnityEngine.EventSystems.EventSystem:Update () (at ./Library/PackageCache/com.unity.ugui@1c4864518158/Runtime/UGUI/EventSystem/EventSystem.cs:516)

(Filename: Assets/InventoryItem.cs Line: 80)

OnDrag
UnityEngine.Debug:ExtractStackTraceNoAlloc (byte*,int,string)
UnityEngine.StackTraceUtility:ExtractStackTrace ()
UnityEngine.DebugLogHandler:Internal_Log (UnityEngine.LogType,UnityEngine.LogOption,string,UnityEngine.Object)
UnityEngine.DebugLogHandler:LogFormat (UnityEngine.LogType,UnityEngine.Object,string,object[])
UnityEngine.Logger:Log (UnityEngine.LogType,object)
UnityEngine.Debug:Log (object)
InventoryItem:OnDrag (UnityEngine.EventSystems.PointerEventData) (at Assets/InventoryItem.cs:80)
UnityEngine.EventSystems.ExecuteEvents:Execute (UnityEngine.EventSystems.IDragHandler,UnityEngine.EventSystems.BaseEventData) (at ./Library/PackageCache/com.unity.ugui@1c4864518158/Runtime/UGUI/EventSystem/ExecuteEvents.cs:78)
UnityEngine.EventSystems.ExecuteEvents:Execute<UnityEngine.EventSystems.IDragHandler> (UnityEngine.GameObject,UnityEngine.EventSystems.BaseEventData,UnityEngine.EventSystems.ExecuteEvents/EventFunction`1<UnityEngine.EventSystems.IDragHandler>) (at ./Library/PackageCache/com.unity.ugui@1c4864518158/Runtime/UGUI/EventSystem/ExecuteEvents.cs:272)
UnityEngine.InputSystem.UI.InputSystemUIInputModule:ProcessPointerButtonDrag (UnityEngine.InputSystem.UI.PointerModel/ButtonState&,UnityEngine.InputSystem.UI.ExtendedPointerEventData) (at ./Library/PackageCache/com.unity.inputsystem@7a4e1a2a8194/InputSystem/Runtime/Plugins/UI/InputSystemUIInputModule.cs:781)
UnityEngine.InputSystem.UI.InputSystemUIInputModule:ProcessPointer (UnityEngine.InputSystem.UI.PointerModel&) (at ./Library/PackageCache/com.unity.inputsystem@7a4e1a2a8194/InputSystem/Runtime/Plugins/UI/InputSystemUIInputModule.cs:487)
UnityEngine.InputSystem.UI.InputSystemUIInputModule:Process () (at ./Library/PackageCache/com.unity.inputsystem@7a4e1a2a8194/InputSystem/Runtime/Plugins/UI/InputSystemUIInputModule.cs:2405)
UnityEngine.EventSystems.EventSystem:Update () (at ./Library/PackageCache/com.unity.ugui@1c4864518158/Runtime/UGUI/EventSystem/EventSystem.cs:516)

(Filename: Assets/InventoryItem.cs Line: 80)

OnDrag
UnityEngine.Debug:ExtractStackTraceNoAlloc (byte*,int,string)
UnityEngine.StackTraceUtility:ExtractStackTrace ()
UnityEngine.DebugLogHandler:Internal_Log (UnityEngine.LogType,UnityEngine.LogOption,string,UnityEngine.Object)
UnityEngine.DebugLogHandler:LogFormat (UnityEngine.LogType,UnityEngine.Object,string,object[])
UnityEngine.Logger:Log (UnityEngine.LogType,object)
UnityEngine.Debug:Log (object)
InventoryItem:OnDrag (UnityEngine.EventSystems.PointerEventData) (at Assets/InventoryItem.cs:80)
UnityEngine.EventSystems.ExecuteEvents:Execute (UnityEngine.EventSystems.IDragHandler,UnityEngine.EventSystems.BaseEventData) (at ./Library/PackageCache/com.unity.ugui@1c4864518158/Runtime/UGUI/EventSystem/ExecuteEvents.cs:78)
UnityEngine.EventSystems.ExecuteEvents:Execute<UnityEngine.EventSystems.IDragHandler> (UnityEngine.GameObject,UnityEngine.EventSystems.BaseEventData,UnityEngine.EventSystems.ExecuteEvents/EventFunction`1<UnityEngine.EventSystems.IDragHandler>) (at ./Library/PackageCache/com.unity.ugui@1c4864518158/Runtime/UGUI/EventSystem/ExecuteEvents.cs:272)
UnityEngine.InputSystem.UI.InputSystemUIInputModule:ProcessPointerButtonDrag (UnityEngine.InputSystem.UI.PointerModel/ButtonState&,UnityEngine.InputSystem.UI.ExtendedPointerEventData) (at ./Library/PackageCache/com.unity.inputsystem@7a4e1a2a8194/InputSystem/Runtime/Plugins/UI/InputSystemUIInputModule.cs:781)
UnityEngine.InputSystem.UI.InputSystemUIInputModule:ProcessPointer (UnityEngine.InputSystem.UI.PointerModel&) (at ./Library/PackageCache/com.unity.inputsystem@7a4e1a2a8194/InputSystem/Runtime/Plugins/UI/InputSystemUIInputModule.cs:487)
UnityEngine.InputSystem.UI.InputSystemUIInputModule:Process () (at ./Library/PackageCache/com.unity.inputsystem@7a4e1a2a8194/InputSystem/Runtime/Plugins/UI/InputSystemUIInputModule.cs:2405)
UnityEngine.EventSystems.EventSystem:Update () (at ./Library/PackageCache/com.unity.ugui@1c4864518158/Runtime/UGUI/EventSystem/EventSystem.cs:516)

(Filename: Assets/InventoryItem.cs Line: 80)

OnDrag
UnityEngine.Debug:ExtractStackTraceNoAlloc (byte*,int,string)
UnityEngine.StackTraceUtility:ExtractStackTrace ()
UnityEngine.DebugLogHandler:Internal_Log (UnityEngine.LogType,UnityEngine.LogOption,string,UnityEngine.Object)
UnityEngine.DebugLogHandler:LogFormat (UnityEngine.LogType,UnityEngine.Object,string,object[])
UnityEngine.Logger:Log (UnityEngine.LogType,object)
UnityEngine.Debug:Log (object)
InventoryItem:OnDrag (UnityEngine.EventSystems.PointerEventData) (at Assets/InventoryItem.cs:80)
UnityEngine.EventSystems.ExecuteEvents:Execute (UnityEngine.EventSystems.IDragHandler,UnityEngine.EventSystems.BaseEventData) (at ./Library/PackageCache/com.unity.ugui@1c4864518158/Runtime/UGUI/EventSystem/ExecuteEvents.cs:78)
UnityEngine.EventSystems.ExecuteEvents:Execute<UnityEngine.EventSystems.IDragHandler> (UnityEngine.GameObject,UnityEngine.EventSystems.BaseEventData,UnityEngine.EventSystems.ExecuteEvents/EventFunction`1<UnityEngine.EventSystems.IDragHandler>) (at ./Library/PackageCache/com.unity.ugui@1c4864518158/Runtime/UGUI/EventSystem/ExecuteEvents.cs:272)
UnityEngine.InputSystem.UI.InputSystemUIInputModule:ProcessPointerButtonDrag (UnityEngine.InputSystem.UI.PointerModel/ButtonState&,UnityEngine.InputSystem.UI.ExtendedPointerEventData) (at ./Library/PackageCache/com.unity.inputsystem@7a4e1a2a8194/InputSystem/Runtime/Plugins/UI/InputSystemUIInputModule.cs:781)
UnityEngine.InputSystem.UI.InputSystemUIInputModule:ProcessPointer (UnityEngine.InputSystem.UI.PointerModel&) (at ./Library/PackageCache/com.unity.inputsystem@7a4e1a2a8194/InputSystem/Runtime/Plugins/UI/InputSystemUIInputModule.cs:487)
UnityEngine.InputSystem.UI.InputSystemUIInputModule:Process () (at ./Library/PackageCache/com.unity.inputsystem@7a4e1a2a8194/InputSystem/Runtime/Plugins/UI/InputSystemUIInputModule.cs:2405)
UnityEngine.EventSystems.EventSystem:Update () (at ./Library/PackageCache/com.unity.ugui@1c4864518158/Runtime/UGUI/EventSystem/EventSystem.cs:516)

(Filename: Assets/InventoryItem.cs Line: 80)

OnDrag
UnityEngine.Debug:ExtractStackTraceNoAlloc (byte*,int,string)
UnityEngine.StackTraceUtility:ExtractStackTrace ()
UnityEngine.DebugLogHandler:Internal_Log (UnityEngine.LogType,UnityEngine.LogOption,string,UnityEngine.Object)
UnityEngine.DebugLogHandler:LogFormat (UnityEngine.LogType,UnityEngine.Object,string,object[])
UnityEngine.Logger:Log (UnityEngine.LogType,object)
UnityEngine.Debug:Log (object)
InventoryItem:OnDrag (UnityEngine.EventSystems.PointerEventData) (at Assets/InventoryItem.cs:80)
UnityEngine.EventSystems.ExecuteEvents:Execute (UnityEngine.EventSystems.IDragHandler,UnityEngine.EventSystems.BaseEventData) (at ./Library/PackageCache/com.unity.ugui@1c4864518158/Runtime/UGUI/EventSystem/ExecuteEvents.cs:78)
UnityEngine.EventSystems.ExecuteEvents:Execute<UnityEngine.EventSystems.IDragHandler> (UnityEngine.GameObject,UnityEngine.EventSystems.BaseEventData,UnityEngine.EventSystems.ExecuteEvents/EventFunction`1<UnityEngine.EventSystems.IDragHandler>) (at ./Library/PackageCache/com.unity.ugui@1c4864518158/Runtime/UGUI/EventSystem/ExecuteEvents.cs:272)
UnityEngine.InputSystem.UI.InputSystemUIInputModule:ProcessPointerButtonDrag (UnityEngine.InputSystem.UI.PointerModel/ButtonState&,UnityEngine.InputSystem.UI.ExtendedPointerEventData) (at ./Library/PackageCache/com.unity.inputsystem@7a4e1a2a8194/InputSystem/Runtime/Plugins/UI/InputSystemUIInputModule.cs:781)
UnityEngine.InputSystem.UI.InputSystemUIInputModule:ProcessPointer (UnityEngine.InputSystem.UI.PointerModel&) (at ./Library/PackageCache/com.unity.inputsystem@7a4e1a2a8194/InputSystem/Runtime/Plugins/UI/InputSystemUIInputModule.cs:487)
UnityEngine.InputSystem.UI.InputSystemUIInputModule:Process () (at ./Library/PackageCache/com.unity.inputsystem@7a4e1a2a8194/InputSystem/Runtime/Plugins/UI/InputSystemUIInputModule.cs:2405)
UnityEngine.EventSystems.EventSystem:Update () (at ./Library/PackageCache/com.unity.ugui@1c4864518158/Runtime/UGUI/EventSystem/EventSystem.cs:516)

(Filename: Assets/InventoryItem.cs Line: 80)

OnDrag
UnityEngine.Debug:ExtractStackTraceNoAlloc (byte*,int,string)
UnityEngine.StackTraceUtility:ExtractStackTrace ()
UnityEngine.DebugLogHandler:Internal_Log (UnityEngine.LogType,UnityEngine.LogOption,string,UnityEngine.Object)
UnityEngine.DebugLogHandler:LogFormat (UnityEngine.LogType,UnityEngine.Object,string,object[])
UnityEngine.Logger:Log (UnityEngine.LogType,object)
UnityEngine.Debug:Log (object)
InventoryItem:OnDrag (UnityEngine.EventSystems.PointerEventData) (at Assets/InventoryItem.cs:80)
UnityEngine.EventSystems.ExecuteEvents:Execute (UnityEngine.EventSystems.IDragHandler,UnityEngine.EventSystems.BaseEventData) (at ./Library/PackageCache/com.unity.ugui@1c4864518158/Runtime/UGUI/EventSystem/ExecuteEvents.cs:78)
UnityEngine.EventSystems.ExecuteEvents:Execute<UnityEngine.EventSystems.IDragHandler> (UnityEngine.GameObject,UnityEngine.EventSystems.BaseEventData,UnityEngine.EventSystems.ExecuteEvents/EventFunction`1<UnityEngine.EventSystems.IDragHandler>) (at ./Library/PackageCache/com.unity.ugui@1c4864518158/Runtime/UGUI/EventSystem/ExecuteEvents.cs:272)
UnityEngine.InputSystem.UI.InputSystemUIInputModule:ProcessPointerButtonDrag (UnityEngine.InputSystem.UI.PointerModel/ButtonState&,UnityEngine.InputSystem.UI.ExtendedPointerEventData) (at ./Library/PackageCache/com.unity.inputsystem@7a4e1a2a8194/InputSystem/Runtime/Plugins/UI/InputSystemUIInputModule.cs:781)
UnityEngine.InputSystem.UI.InputSystemUIInputModule:ProcessPointer (UnityEngine.InputSystem.UI.PointerModel&) (at ./Library/PackageCache/com.unity.inputsystem@7a4e1a2a8194/InputSystem/Runtime/Plugins/UI/InputSystemUIInputModule.cs:487)
UnityEngine.InputSystem.UI.InputSystemUIInputModule:Process () (at ./Library/PackageCache/com.unity.inputsystem@7a4e1a2a8194/InputSystem/Runtime/Plugins/UI/InputSystemUIInputModule.cs:2405)
UnityEngine.EventSystems.EventSystem:Update () (at ./Library/PackageCache/com.unity.ugui@1c4864518158/Runtime/UGUI/EventSystem/EventSystem.cs:516)

(Filename: Assets/InventoryItem.cs Line: 80)

OnDrag
UnityEngine.Debug:ExtractStackTraceNoAlloc (byte*,int,string)
UnityEngine.StackTraceUtility:ExtractStackTrace ()
UnityEngine.DebugLogHandler:Internal_Log (UnityEngine.LogType,UnityEngine.LogOption,string,UnityEngine.Object)
UnityEngine.DebugLogHandler:LogFormat (UnityEngine.LogType,UnityEngine.Object,string,object[])
UnityEngine.Logger:Log (UnityEngine.LogType,object)
UnityEngine.Debug:Log (object)
InventoryItem:OnDrag (UnityEngine.EventSystems.PointerEventData) (at Assets/InventoryItem.cs:80)
UnityEngine.EventSystems.ExecuteEvents:Execute (UnityEngine.EventSystems.IDragHandler,UnityEngine.EventSystems.BaseEventData) (at ./Library/PackageCache/com.unity.ugui@1c4864518158/Runtime/UGUI/EventSystem/ExecuteEvents.cs:78)
UnityEngine.EventSystems.ExecuteEvents:Execute<UnityEngine.EventSystems.IDragHandler> (UnityEngine.GameObject,UnityEngine.EventSystems.BaseEventData,UnityEngine.EventSystems.ExecuteEvents/EventFunction`1<UnityEngine.EventSystems.IDragHandler>) (at ./Library/PackageCache/com.unity.ugui@1c4864518158/Runtime/UGUI/EventSystem/ExecuteEvents.cs:272)
UnityEngine.InputSystem.UI.InputSystemUIInputModule:ProcessPointerButtonDrag (UnityEngine.InputSystem.UI.PointerModel/ButtonState&,UnityEngine.InputSystem.UI.ExtendedPointerEventData) (at ./Library/PackageCache/com.unity.inputsystem@7a4e1a2a8194/InputSystem/Runtime/Plugins/UI/InputSystemUIInputModule.cs:781)
UnityEngine.InputSystem.UI.InputSystemUIInputModule:ProcessPointer (UnityEngine.InputSystem.UI.PointerModel&) (at ./Library/PackageCache/com.unity.inputsystem@7a4e1a2a8194/InputSystem/Runtime/Plugins/UI/InputSystemUIInputModule.cs:487)
UnityEngine.InputSystem.UI.InputSystemUIInputModule:Process () (at ./Library/PackageCache/com.unity.inputsystem@7a4e1a2a8194/InputSystem/Runtime/Plugins/UI/InputSystemUIInputModule.cs:2405)
UnityEngine.EventSystems.EventSystem:Update () (at ./Library/PackageCache/com.unity.ugui@1c4864518158/Runtime/UGUI/EventSystem/EventSystem.cs:516)

(Filename: Assets/InventoryItem.cs Line: 80)

OnDrag
UnityEngine.Debug:ExtractStackTraceNoAlloc (byte*,int,string)
UnityEngine.StackTraceUtility:ExtractStackTrace ()
UnityEngine.DebugLogHandler:Internal_Log (UnityEngine.LogType,UnityEngine.LogOption,string,UnityEngine.Object)
UnityEngine.DebugLogHandler:LogFormat (UnityEngine.LogType,UnityEngine.Object,string,object[])
UnityEngine.Logger:Log (UnityEngine.LogType,object)
UnityEngine.Debug:Log (object)
InventoryItem:OnDrag (UnityEngine.EventSystems.PointerEventData) (at Assets/InventoryItem.cs:80)
UnityEngine.EventSystems.ExecuteEvents:Execute (UnityEngine.EventSystems.IDragHandler,UnityEngine.EventSystems.BaseEventData) (at ./Library/PackageCache/com.unity.ugui@1c4864518158/Runtime/UGUI/EventSystem/ExecuteEvents.cs:78)
UnityEngine.EventSystems.ExecuteEvents:Execute<UnityEngine.EventSystems.IDragHandler> (UnityEngine.GameObject,UnityEngine.EventSystems.BaseEventData,UnityEngine.EventSystems.ExecuteEvents/EventFunction`1<UnityEngine.EventSystems.IDragHandler>) (at ./Library/PackageCache/com.unity.ugui@1c4864518158/Runtime/UGUI/EventSystem/ExecuteEvents.cs:272)
UnityEngine.InputSystem.UI.InputSystemUIInputModule:ProcessPointerButtonDrag (UnityEngine.InputSystem.UI.PointerModel/ButtonState&,UnityEngine.InputSystem.UI.ExtendedPointerEventData) (at ./Library/PackageCache/com.unity.inputsystem@7a4e1a2a8194/InputSystem/Runtime/Plugins/UI/InputSystemUIInputModule.cs:781)
UnityEngine.InputSystem.UI.InputSystemUIInputModule:ProcessPointer (UnityEngine.InputSystem.UI.PointerModel&) (at ./Library/PackageCache/com.unity.inputsystem@7a4e1a2a8194/InputSystem/Runtime/Plugins/UI/InputSystemUIInputModule.cs:487)
UnityEngine.InputSystem.UI.InputSystemUIInputModule:Process () (at ./Library/PackageCache/com.unity.inputsystem@7a4e1a2a8194/InputSystem/Runtime/Plugins/UI/InputSystemUIInputModule.cs:2405)
UnityEngine.EventSystems.EventSystem:Update () (at ./Library/PackageCache/com.unity.ugui@1c4864518158/Runtime/UGUI/EventSystem/EventSystem.cs:516)

(Filename: Assets/InventoryItem.cs Line: 80)

OnDrag
UnityEngine.Debug:ExtractStackTraceNoAlloc (byte*,int,string)
UnityEngine.StackTraceUtility:ExtractStackTrace ()
UnityEngine.DebugLogHandler:Internal_Log (UnityEngine.LogType,UnityEngine.LogOption,string,UnityEngine.Object)
UnityEngine.DebugLogHandler:LogFormat (UnityEngine.LogType,UnityEngine.Object,string,object[])
UnityEngine.Logger:Log (UnityEngine.LogType,object)
UnityEngine.Debug:Log (object)
InventoryItem:OnDrag (UnityEngine.EventSystems.PointerEventData) (at Assets/InventoryItem.cs:80)
UnityEngine.EventSystems.ExecuteEvents:Execute (UnityEngine.EventSystems.IDragHandler,UnityEngine.EventSystems.BaseEventData) (at ./Library/PackageCache/com.unity.ugui@1c4864518158/Runtime/UGUI/EventSystem/ExecuteEvents.cs:78)
UnityEngine.EventSystems.ExecuteEvents:Execute<UnityEngine.EventSystems.IDragHandler> (UnityEngine.GameObject,UnityEngine.EventSystems.BaseEventData,UnityEngine.EventSystems.ExecuteEvents/EventFunction`1<UnityEngine.EventSystems.IDragHandler>) (at ./Library/PackageCache/com.unity.ugui@1c4864518158/Runtime/UGUI/EventSystem/ExecuteEvents.cs:272)
UnityEngine.InputSystem.UI.InputSystemUIInputModule:ProcessPointerButtonDrag (UnityEngine.InputSystem.UI.PointerModel/ButtonState&,UnityEngine.InputSystem.UI.ExtendedPointerEventData) (at ./Library/PackageCache/com.unity.inputsystem@7a4e1a2a8194/InputSystem/Runtime/Plugins/UI/InputSystemUIInputModule.cs:781)
UnityEngine.InputSystem.UI.InputSystemUIInputModule:ProcessPointer (UnityEngine.InputSystem.UI.PointerModel&) (at ./Library/PackageCache/com.unity.inputsystem@7a4e1a2a8194/InputSystem/Runtime/Plugins/UI/InputSystemUIInputModule.cs:487)
UnityEngine.InputSystem.UI.InputSystemUIInputModule:Process () (at ./Library/PackageCache/com.unity.inputsystem@7a4e1a2a8194/InputSystem/Runtime/Plugins/UI/InputSystemUIInputModule.cs:2405)
UnityEngine.EventSystems.EventSystem:Update () (at ./Library/PackageCache/com.unity.ugui@1c4864518158/Runtime/UGUI/EventSystem/EventSystem.cs:516)

(Filename: Assets/InventoryItem.cs Line: 80)

OnDrag
UnityEngine.Debug:ExtractStackTraceNoAlloc (byte*,int,string)
UnityEngine.StackTraceUtility:ExtractStackTrace ()
UnityEngine.DebugLogHandler:Internal_Log (UnityEngine.LogType,UnityEngine.LogOption,string,UnityEngine.Object)
UnityEngine.DebugLogHandler:LogFormat (UnityEngine.LogType,UnityEngine.Object,string,object[])
UnityEngine.Logger:Log (UnityEngine.LogType,object)
UnityEngine.Debug:Log (object)
InventoryItem:OnDrag (UnityEngine.EventSystems.PointerEventData) (at Assets/InventoryItem.cs:80)
UnityEngine.EventSystems.ExecuteEvents:Execute (UnityEngine.EventSystems.IDragHandler,UnityEngine.EventSystems.BaseEventData) (at ./Library/PackageCache/com.unity.ugui@1c4864518158/Runtime/UGUI/EventSystem/ExecuteEvents.cs:78)
UnityEngine.EventSystems.ExecuteEvents:Execute<UnityEngine.EventSystems.IDragHandler> (UnityEngine.GameObject,UnityEngine.EventSystems.BaseEventData,UnityEngine.EventSystems.ExecuteEvents/EventFunction`1<UnityEngine.EventSystems.IDragHandler>) (at ./Library/PackageCache/com.unity.ugui@1c4864518158/Runtime/UGUI/EventSystem/ExecuteEvents.cs:272)
UnityEngine.InputSystem.UI.InputSystemUIInputModule:ProcessPointerButtonDrag (UnityEngine.InputSystem.UI.PointerModel/ButtonState&,UnityEngine.InputSystem.UI.ExtendedPointerEventData) (at ./Library/PackageCache/com.unity.inputsystem@7a4e1a2a8194/InputSystem/Runtime/Plugins/UI/InputSystemUIInputModule.cs:781)
UnityEngine.InputSystem.UI.InputSystemUIInputModule:ProcessPointer (UnityEngine.InputSystem.UI.PointerModel&) (at ./Library/PackageCache/com.unity.inputsystem@7a4e1a2a8194/InputSystem/Runtime/Plugins/UI/InputSystemUIInputModule.cs:487)
UnityEngine.InputSystem.UI.InputSystemUIInputModule:Process () (at ./Library/PackageCache/com.unity.inputsystem@7a4e1a2a8194/InputSystem/Runtime/Plugins/UI/InputSystemUIInputModule.cs:2405)
UnityEngine.EventSystems.EventSystem:Update () (at ./Library/PackageCache/com.unity.ugui@1c4864518158/Runtime/UGUI/EventSystem/EventSystem.cs:516)

(Filename: Assets/InventoryItem.cs Line: 80)

OnDrag
UnityEngine.Debug:ExtractStackTraceNoAlloc (byte*,int,string)
UnityEngine.StackTraceUtility:ExtractStackTrace ()
UnityEngine.DebugLogHandler:Internal_Log (UnityEngine.LogType,UnityEngine.LogOption,string,UnityEngine.Object)
UnityEngine.DebugLogHandler:LogFormat (UnityEngine.LogType,UnityEngine.Object,string,object[])
UnityEngine.Logger:Log (UnityEngine.LogType,object)
UnityEngine.Debug:Log (object)
InventoryItem:OnDrag (UnityEngine.EventSystems.PointerEventData) (at Assets/InventoryItem.cs:80)
UnityEngine.EventSystems.ExecuteEvents:Execute (UnityEngine.EventSystems.IDragHandler,UnityEngine.EventSystems.BaseEventData) (at ./Library/PackageCache/com.unity.ugui@1c4864518158/Runtime/UGUI/EventSystem/ExecuteEvents.cs:78)
UnityEngine.EventSystems.ExecuteEvents:Execute<UnityEngine.EventSystems.IDragHandler> (UnityEngine.GameObject,UnityEngine.EventSystems.BaseEventData,UnityEngine.EventSystems.ExecuteEvents/EventFunction`1<UnityEngine.EventSystems.IDragHandler>) (at ./Library/PackageCache/com.unity.ugui@1c4864518158/Runtime/UGUI/EventSystem/ExecuteEvents.cs:272)
UnityEngine.InputSystem.UI.InputSystemUIInputModule:ProcessPointerButtonDrag (UnityEngine.InputSystem.UI.PointerModel/ButtonState&,UnityEngine.InputSystem.UI.ExtendedPointerEventData) (at ./Library/PackageCache/com.unity.inputsystem@7a4e1a2a8194/InputSystem/Runtime/Plugins/UI/InputSystemUIInputModule.cs:781)
UnityEngine.InputSystem.UI.InputSystemUIInputModule:ProcessPointer (UnityEngine.InputSystem.UI.PointerModel&) (at ./Library/PackageCache/com.unity.inputsystem@7a4e1a2a8194/InputSystem/Runtime/Plugins/UI/InputSystemUIInputModule.cs:487)
UnityEngine.InputSystem.UI.InputSystemUIInputModule:Process () (at ./Library/PackageCache/com.unity.inputsystem@7a4e1a2a8194/InputSystem/Runtime/Plugins/UI/InputSystemUIInputModule.cs:2405)
UnityEngine.EventSystems.EventSystem:Update () (at ./Library/PackageCache/com.unity.ugui@1c4864518158/Runtime/UGUI/EventSystem/EventSystem.cs:516)

(Filename: Assets/InventoryItem.cs Line: 80)

OnDrag
UnityEngine.Debug:ExtractStackTraceNoAlloc (byte*,int,string)
UnityEngine.StackTraceUtility:ExtractStackTrace ()
UnityEngine.DebugLogHandler:Internal_Log (UnityEngine.LogType,UnityEngine.LogOption,string,UnityEngine.Object)
UnityEngine.DebugLogHandler:LogFormat (UnityEngine.LogType,UnityEngine.Object,string,object[])
UnityEngine.Logger:Log (UnityEngine.LogType,object)
UnityEngine.Debug:Log (object)
InventoryItem:OnDrag (UnityEngine.EventSystems.PointerEventData) (at Assets/InventoryItem.cs:80)
UnityEngine.EventSystems.ExecuteEvents:Execute (UnityEngine.EventSystems.IDragHandler,UnityEngine.EventSystems.BaseEventData) (at ./Library/PackageCache/com.unity.ugui@1c4864518158/Runtime/UGUI/EventSystem/ExecuteEvents.cs:78)
UnityEngine.EventSystems.ExecuteEvents:Execute<UnityEngine.EventSystems.IDragHandler> (UnityEngine.GameObject,UnityEngine.EventSystems.BaseEventData,UnityEngine.EventSystems.ExecuteEvents/EventFunction`1<UnityEngine.EventSystems.IDragHandler>) (at ./Library/PackageCache/com.unity.ugui@1c4864518158/Runtime/UGUI/EventSystem/ExecuteEvents.cs:272)
UnityEngine.InputSystem.UI.InputSystemUIInputModule:ProcessPointerButtonDrag (UnityEngine.InputSystem.UI.PointerModel/ButtonState&,UnityEngine.InputSystem.UI.ExtendedPointerEventData) (at ./Library/PackageCache/com.unity.inputsystem@7a4e1a2a8194/InputSystem/Runtime/Plugins/UI/InputSystemUIInputModule.cs:781)
UnityEngine.InputSystem.UI.InputSystemUIInputModule:ProcessPointer (UnityEngine.InputSystem.UI.PointerModel&) (at ./Library/PackageCache/com.unity.inputsystem@7a4e1a2a8194/InputSystem/Runtime/Plugins/UI/InputSystemUIInputModule.cs:487)
UnityEngine.InputSystem.UI.InputSystemUIInputModule:Process () (at ./Library/PackageCache/com.unity.inputsystem@7a4e1a2a8194/InputSystem/Runtime/Plugins/UI/InputSystemUIInputModule.cs:2405)
UnityEngine.EventSystems.EventSystem:Update () (at ./Library/PackageCache/com.unity.ugui@1c4864518158/Runtime/UGUI/EventSystem/EventSystem.cs:516)

(Filename: Assets/InventoryItem.cs Line: 80)

OnDrag
UnityEngine.Debug:ExtractStackTraceNoAlloc (byte*,int,string)
UnityEngine.StackTraceUtility:ExtractStackTrace ()
UnityEngine.DebugLogHandler:Internal_Log (UnityEngine.LogType,UnityEngine.LogOption,string,UnityEngine.Object)
UnityEngine.DebugLogHandler:LogFormat (UnityEngine.LogType,UnityEngine.Object,string,object[])
UnityEngine.Logger:Log (UnityEngine.LogType,object)
UnityEngine.Debug:Log (object)
InventoryItem:OnDrag (UnityEngine.EventSystems.PointerEventData) (at Assets/InventoryItem.cs:80)
UnityEngine.EventSystems.ExecuteEvents:Execute (UnityEngine.EventSystems.IDragHandler,UnityEngine.EventSystems.BaseEventData) (at ./Library/PackageCache/com.unity.ugui@1c4864518158/Runtime/UGUI/EventSystem/ExecuteEvents.cs:78)
UnityEngine.EventSystems.ExecuteEvents:Execute<UnityEngine.EventSystems.IDragHandler> (UnityEngine.GameObject,UnityEngine.EventSystems.BaseEventData,UnityEngine.EventSystems.ExecuteEvents/EventFunction`1<UnityEngine.EventSystems.IDragHandler>) (at ./Library/PackageCache/com.unity.ugui@1c4864518158/Runtime/UGUI/EventSystem/ExecuteEvents.cs:272)
UnityEngine.InputSystem.UI.InputSystemUIInputModule:ProcessPointerButtonDrag (UnityEngine.InputSystem.UI.PointerModel/ButtonState&,UnityEngine.InputSystem.UI.ExtendedPointerEventData) (at ./Library/PackageCache/com.unity.inputsystem@7a4e1a2a8194/InputSystem/Runtime/Plugins/UI/InputSystemUIInputModule.cs:781)
UnityEngine.InputSystem.UI.InputSystemUIInputModule:ProcessPointer (UnityEngine.InputSystem.UI.PointerModel&) (at ./Library/PackageCache/com.unity.inputsystem@7a4e1a2a8194/InputSystem/Runtime/Plugins/UI/InputSystemUIInputModule.cs:487)
UnityEngine.InputSystem.UI.InputSystemUIInputModule:Process () (at ./Library/PackageCache/com.unity.inputsystem@7a4e1a2a8194/InputSystem/Runtime/Plugins/UI/InputSystemUIInputModule.cs:2405)
UnityEngine.EventSystems.EventSystem:Update () (at ./Library/PackageCache/com.unity.ugui@1c4864518158/Runtime/UGUI/EventSystem/EventSystem.cs:516)

(Filename: Assets/InventoryItem.cs Line: 80)

OnDrag
UnityEngine.Debug:ExtractStackTraceNoAlloc (byte*,int,string)
UnityEngine.StackTraceUtility:ExtractStackTrace ()
UnityEngine.DebugLogHandler:Internal_Log (UnityEngine.LogType,UnityEngine.LogOption,string,UnityEngine.Object)
UnityEngine.DebugLogHandler:LogFormat (UnityEngine.LogType,UnityEngine.Object,string,object[])
UnityEngine.Logger:Log (UnityEngine.LogType,object)
UnityEngine.Debug:Log (object)
InventoryItem:OnDrag (UnityEngine.EventSystems.PointerEventData) (at Assets/InventoryItem.cs:80)
UnityEngine.EventSystems.ExecuteEvents:Execute (UnityEngine.EventSystems.IDragHandler,UnityEngine.EventSystems.BaseEventData) (at ./Library/PackageCache/com.unity.ugui@1c4864518158/Runtime/UGUI/EventSystem/ExecuteEvents.cs:78)
UnityEngine.EventSystems.ExecuteEvents:Execute<UnityEngine.EventSystems.IDragHandler> (UnityEngine.GameObject,UnityEngine.EventSystems.BaseEventData,UnityEngine.EventSystems.ExecuteEvents/EventFunction`1<UnityEngine.EventSystems.IDragHandler>) (at ./Library/PackageCache/com.unity.ugui@1c4864518158/Runtime/UGUI/EventSystem/ExecuteEvents.cs:272)
UnityEngine.InputSystem.UI.InputSystemUIInputModule:ProcessPointerButtonDrag (UnityEngine.InputSystem.UI.PointerModel/ButtonState&,UnityEngine.InputSystem.UI.ExtendedPointerEventData) (at ./Library/PackageCache/com.unity.inputsystem@7a4e1a2a8194/InputSystem/Runtime/Plugins/UI/InputSystemUIInputModule.cs:781)
UnityEngine.InputSystem.UI.InputSystemUIInputModule:ProcessPointer (UnityEngine.InputSystem.UI.PointerModel&) (at ./Library/PackageCache/com.unity.inputsystem@7a4e1a2a8194/InputSystem/Runtime/Plugins/UI/InputSystemUIInputModule.cs:487)
UnityEngine.InputSystem.UI.InputSystemUIInputModule:Process () (at ./Library/PackageCache/com.unity.inputsystem@7a4e1a2a8194/InputSystem/Runtime/Plugins/UI/InputSystemUIInputModule.cs:2405)
UnityEngine.EventSystems.EventSystem:Update () (at ./Library/PackageCache/com.unity.ugui@1c4864518158/Runtime/UGUI/EventSystem/EventSystem.cs:516)

(Filename: Assets/InventoryItem.cs Line: 80)

OnDrag
UnityEngine.Debug:ExtractStackTraceNoAlloc (byte*,int,string)
UnityEngine.StackTraceUtility:ExtractStackTrace ()
UnityEngine.DebugLogHandler:Internal_Log (UnityEngine.LogType,UnityEngine.LogOption,string,UnityEngine.Object)
UnityEngine.DebugLogHandler:LogFormat (UnityEngine.LogType,UnityEngine.Object,string,object[])
UnityEngine.Logger:Log (UnityEngine.LogType,object)
UnityEngine.Debug:Log (object)
InventoryItem:OnDrag (UnityEngine.EventSystems.PointerEventData) (at Assets/InventoryItem.cs:80)
UnityEngine.EventSystems.ExecuteEvents:Execute (UnityEngine.EventSystems.IDragHandler,UnityEngine.EventSystems.BaseEventData) (at ./Library/PackageCache/com.unity.ugui@1c4864518158/Runtime/UGUI/EventSystem/ExecuteEvents.cs:78)
UnityEngine.EventSystems.ExecuteEvents:Execute<UnityEngine.EventSystems.IDragHandler> (UnityEngine.GameObject,UnityEngine.EventSystems.BaseEventData,UnityEngine.EventSystems.ExecuteEvents/EventFunction`1<UnityEngine.EventSystems.IDragHandler>) (at ./Library/PackageCache/com.unity.ugui@1c4864518158/Runtime/UGUI/EventSystem/ExecuteEvents.cs:272)
UnityEngine.InputSystem.UI.InputSystemUIInputModule:ProcessPointerButtonDrag (UnityEngine.InputSystem.UI.PointerModel/ButtonState&,UnityEngine.InputSystem.UI.ExtendedPointerEventData) (at ./Library/PackageCache/com.unity.inputsystem@7a4e1a2a8194/InputSystem/Runtime/Plugins/UI/InputSystemUIInputModule.cs:781)
UnityEngine.InputSystem.UI.InputSystemUIInputModule:ProcessPointer (UnityEngine.InputSystem.UI.PointerModel&) (at ./Library/PackageCache/com.unity.inputsystem@7a4e1a2a8194/InputSystem/Runtime/Plugins/UI/InputSystemUIInputModule.cs:487)
UnityEngine.InputSystem.UI.InputSystemUIInputModule:Process () (at ./Library/PackageCache/com.unity.inputsystem@7a4e1a2a8194/InputSystem/Runtime/Plugins/UI/InputSystemUIInputModule.cs:2405)
UnityEngine.EventSystems.EventSystem:Update () (at ./Library/PackageCache/com.unity.ugui@1c4864518158/Runtime/UGUI/EventSystem/EventSystem.cs:516)

(Filename: Assets/InventoryItem.cs Line: 80)

OnDrag
UnityEngine.Debug:ExtractStackTraceNoAlloc (byte*,int,string)
UnityEngine.StackTraceUtility:ExtractStackTrace ()
UnityEngine.DebugLogHandler:Internal_Log (UnityEngine.LogType,UnityEngine.LogOption,string,UnityEngine.Object)
UnityEngine.DebugLogHandler:LogFormat (UnityEngine.LogType,UnityEngine.Object,string,object[])
UnityEngine.Logger:Log (UnityEngine.LogType,object)
UnityEngine.Debug:Log (object)
InventoryItem:OnDrag (UnityEngine.EventSystems.PointerEventData) (at Assets/InventoryItem.cs:80)
UnityEngine.EventSystems.ExecuteEvents:Execute (UnityEngine.EventSystems.IDragHandler,UnityEngine.EventSystems.BaseEventData) (at ./Library/PackageCache/com.unity.ugui@1c4864518158/Runtime/UGUI/EventSystem/ExecuteEvents.cs:78)
UnityEngine.EventSystems.ExecuteEvents:Execute<UnityEngine.EventSystems.IDragHandler> (UnityEngine.GameObject,UnityEngine.EventSystems.BaseEventData,UnityEngine.EventSystems.ExecuteEvents/EventFunction`1<UnityEngine.EventSystems.IDragHandler>) (at ./Library/PackageCache/com.unity.ugui@1c4864518158/Runtime/UGUI/EventSystem/ExecuteEvents.cs:272)
UnityEngine.InputSystem.UI.InputSystemUIInputModule:ProcessPointerButtonDrag (UnityEngine.InputSystem.UI.PointerModel/ButtonState&,UnityEngine.InputSystem.UI.ExtendedPointerEventData) (at ./Library/PackageCache/com.unity.inputsystem@7a4e1a2a8194/InputSystem/Runtime/Plugins/UI/InputSystemUIInputModule.cs:781)
UnityEngine.InputSystem.UI.InputSystemUIInputModule:ProcessPointer (UnityEngine.InputSystem.UI.PointerModel&) (at ./Library/PackageCache/com.unity.inputsystem@7a4e1a2a8194/InputSystem/Runtime/Plugins/UI/InputSystemUIInputModule.cs:487)
UnityEngine.InputSystem.UI.InputSystemUIInputModule:Process () (at ./Library/PackageCache/com.unity.inputsystem@7a4e1a2a8194/InputSystem/Runtime/Plugins/UI/InputSystemUIInputModule.cs:2405)
UnityEngine.EventSystems.EventSystem:Update () (at ./Library/PackageCache/com.unity.ugui@1c4864518158/Runtime/UGUI/EventSystem/EventSystem.cs:516)

(Filename: Assets/InventoryItem.cs Line: 80)

OnDrag
UnityEngine.Debug:ExtractStackTraceNoAlloc (byte*,int,string)
UnityEngine.StackTraceUtility:ExtractStackTrace ()
UnityEngine.DebugLogHandler:Internal_Log (UnityEngine.LogType,UnityEngine.LogOption,string,UnityEngine.Object)
UnityEngine.DebugLogHandler:LogFormat (UnityEngine.LogType,UnityEngine.Object,string,object[])
UnityEngine.Logger:Log (UnityEngine.LogType,object)
UnityEngine.Debug:Log (object)
InventoryItem:OnDrag (UnityEngine.EventSystems.PointerEventData) (at Assets/InventoryItem.cs:80)
UnityEngine.EventSystems.ExecuteEvents:Execute (UnityEngine.EventSystems.IDragHandler,UnityEngine.EventSystems.BaseEventData) (at ./Library/PackageCache/com.unity.ugui@1c4864518158/Runtime/UGUI/EventSystem/ExecuteEvents.cs:78)
UnityEngine.EventSystems.ExecuteEvents:Execute<UnityEngine.EventSystems.IDragHandler> (UnityEngine.GameObject,UnityEngine.EventSystems.BaseEventData,UnityEngine.EventSystems.ExecuteEvents/EventFunction`1<UnityEngine.EventSystems.IDragHandler>) (at ./Library/PackageCache/com.unity.ugui@1c4864518158/Runtime/UGUI/EventSystem/ExecuteEvents.cs:272)
UnityEngine.InputSystem.UI.InputSystemUIInputModule:ProcessPointerButtonDrag (UnityEngine.InputSystem.UI.PointerModel/ButtonState&,UnityEngine.InputSystem.UI.ExtendedPointerEventData) (at ./Library/PackageCache/com.unity.inputsystem@7a4e1a2a8194/InputSystem/Runtime/Plugins/UI/InputSystemUIInputModule.cs:781)
UnityEngine.InputSystem.UI.InputSystemUIInputModule:ProcessPointer (UnityEngine.InputSystem.UI.PointerModel&) (at ./Library/PackageCache/com.unity.inputsystem@7a4e1a2a8194/InputSystem/Runtime/Plugins/UI/InputSystemUIInputModule.cs:487)
UnityEngine.InputSystem.UI.InputSystemUIInputModule:Process () (at ./Library/PackageCache/com.unity.inputsystem@7a4e1a2a8194/InputSystem/Runtime/Plugins/UI/InputSystemUIInputModule.cs:2405)
UnityEngine.EventSystems.EventSystem:Update () (at ./Library/PackageCache/com.unity.ugui@1c4864518158/Runtime/UGUI/EventSystem/EventSystem.cs:516)

(Filename: Assets/InventoryItem.cs Line: 80)

OnDrag
UnityEngine.Debug:ExtractStackTraceNoAlloc (byte*,int,string)
UnityEngine.StackTraceUtility:ExtractStackTrace ()
UnityEngine.DebugLogHandler:Internal_Log (UnityEngine.LogType,UnityEngine.LogOption,string,UnityEngine.Object)
UnityEngine.DebugLogHandler:LogFormat (UnityEngine.LogType,UnityEngine.Object,string,object[])
UnityEngine.Logger:Log (UnityEngine.LogType,object)
UnityEngine.Debug:Log (object)
InventoryItem:OnDrag (UnityEngine.EventSystems.PointerEventData) (at Assets/InventoryItem.cs:80)
UnityEngine.EventSystems.ExecuteEvents:Execute (UnityEngine.EventSystems.IDragHandler,UnityEngine.EventSystems.BaseEventData) (at ./Library/PackageCache/com.unity.ugui@1c4864518158/Runtime/UGUI/EventSystem/ExecuteEvents.cs:78)
UnityEngine.EventSystems.ExecuteEvents:Execute<UnityEngine.EventSystems.IDragHandler> (UnityEngine.GameObject,UnityEngine.EventSystems.BaseEventData,UnityEngine.EventSystems.ExecuteEvents/EventFunction`1<UnityEngine.EventSystems.IDragHandler>) (at ./Library/PackageCache/com.unity.ugui@1c4864518158/Runtime/UGUI/EventSystem/ExecuteEvents.cs:272)
UnityEngine.InputSystem.UI.InputSystemUIInputModule:ProcessPointerButtonDrag (UnityEngine.InputSystem.UI.PointerModel/ButtonState&,UnityEngine.InputSystem.UI.ExtendedPointerEventData) (at ./Library/PackageCache/com.unity.inputsystem@7a4e1a2a8194/InputSystem/Runtime/Plugins/UI/InputSystemUIInputModule.cs:781)
UnityEngine.InputSystem.UI.InputSystemUIInputModule:ProcessPointer (UnityEngine.InputSystem.UI.PointerModel&) (at ./Library/PackageCache/com.unity.inputsystem@7a4e1a2a8194/InputSystem/Runtime/Plugins/UI/InputSystemUIInputModule.cs:487)
UnityEngine.InputSystem.UI.InputSystemUIInputModule:Process () (at ./Library/PackageCache/com.unity.inputsystem@7a4e1a2a8194/InputSystem/Runtime/Plugins/UI/InputSystemUIInputModule.cs:2405)
UnityEngine.EventSystems.EventSystem:Update () (at ./Library/PackageCache/com.unity.ugui@1c4864518158/Runtime/UGUI/EventSystem/EventSystem.cs:516)

(Filename: Assets/InventoryItem.cs Line: 80)

OnDrag
UnityEngine.Debug:ExtractStackTraceNoAlloc (byte*,int,string)
UnityEngine.StackTraceUtility:ExtractStackTrace ()
UnityEngine.DebugLogHandler:Internal_Log (UnityEngine.LogType,UnityEngine.LogOption,string,UnityEngine.Object)
UnityEngine.DebugLogHandler:LogFormat (UnityEngine.LogType,UnityEngine.Object,string,object[])
UnityEngine.Logger:Log (UnityEngine.LogType,object)
UnityEngine.Debug:Log (object)
InventoryItem:OnDrag (UnityEngine.EventSystems.PointerEventData) (at Assets/InventoryItem.cs:80)
UnityEngine.EventSystems.ExecuteEvents:Execute (UnityEngine.EventSystems.IDragHandler,UnityEngine.EventSystems.BaseEventData) (at ./Library/PackageCache/com.unity.ugui@1c4864518158/Runtime/UGUI/EventSystem/ExecuteEvents.cs:78)
UnityEngine.EventSystems.ExecuteEvents:Execute<UnityEngine.EventSystems.IDragHandler> (UnityEngine.GameObject,UnityEngine.EventSystems.BaseEventData,UnityEngine.EventSystems.ExecuteEvents/EventFunction`1<UnityEngine.EventSystems.IDragHandler>) (at ./Library/PackageCache/com.unity.ugui@1c4864518158/Runtime/UGUI/EventSystem/ExecuteEvents.cs:272)
UnityEngine.InputSystem.UI.InputSystemUIInputModule:ProcessPointerButtonDrag (UnityEngine.InputSystem.UI.PointerModel/ButtonState&,UnityEngine.InputSystem.UI.ExtendedPointerEventData) (at ./Library/PackageCache/com.unity.inputsystem@7a4e1a2a8194/InputSystem/Runtime/Plugins/UI/InputSystemUIInputModule.cs:781)
UnityEngine.InputSystem.UI.InputSystemUIInputModule:ProcessPointer (UnityEngine.InputSystem.UI.PointerModel&) (at ./Library/PackageCache/com.unity.inputsystem@7a4e1a2a8194/InputSystem/Runtime/Plugins/UI/InputSystemUIInputModule.cs:487)
UnityEngine.InputSystem.UI.InputSystemUIInputModule:Process () (at ./Library/PackageCache/com.unity.inputsystem@7a4e1a2a8194/InputSystem/Runtime/Plugins/UI/InputSystemUIInputModule.cs:2405)
UnityEngine.EventSystems.EventSystem:Update () (at ./Library/PackageCache/com.unity.ugui@1c4864518158/Runtime/UGUI/EventSystem/EventSystem.cs:516)

(Filename: Assets/InventoryItem.cs Line: 80)

OnDrag
UnityEngine.Debug:ExtractStackTraceNoAlloc (byte*,int,string)
UnityEngine.StackTraceUtility:ExtractStackTrace ()
UnityEngine.DebugLogHandler:Internal_Log (UnityEngine.LogType,UnityEngine.LogOption,string,UnityEngine.Object)
UnityEngine.DebugLogHandler:LogFormat (UnityEngine.LogType,UnityEngine.Object,string,object[])
UnityEngine.Logger:Log (UnityEngine.LogType,object)
UnityEngine.Debug:Log (object)
InventoryItem:OnDrag (UnityEngine.EventSystems.PointerEventData) (at Assets/InventoryItem.cs:80)
UnityEngine.EventSystems.ExecuteEvents:Execute (UnityEngine.EventSystems.IDragHandler,UnityEngine.EventSystems.BaseEventData) (at ./Library/PackageCache/com.unity.ugui@1c4864518158/Runtime/UGUI/EventSystem/ExecuteEvents.cs:78)
UnityEngine.EventSystems.ExecuteEvents:Execute<UnityEngine.EventSystems.IDragHandler> (UnityEngine.GameObject,UnityEngine.EventSystems.BaseEventData,UnityEngine.EventSystems.ExecuteEvents/EventFunction`1<UnityEngine.EventSystems.IDragHandler>) (at ./Library/PackageCache/com.unity.ugui@1c4864518158/Runtime/UGUI/EventSystem/ExecuteEvents.cs:272)
UnityEngine.InputSystem.UI.InputSystemUIInputModule:ProcessPointerButtonDrag (UnityEngine.InputSystem.UI.PointerModel/ButtonState&,UnityEngine.InputSystem.UI.ExtendedPointerEventData) (at ./Library/PackageCache/com.unity.inputsystem@7a4e1a2a8194/InputSystem/Runtime/Plugins/UI/InputSystemUIInputModule.cs:781)
UnityEngine.InputSystem.UI.InputSystemUIInputModule:ProcessPointer (UnityEngine.InputSystem.UI.PointerModel&) (at ./Library/PackageCache/com.unity.inputsystem@7a4e1a2a8194/InputSystem/Runtime/Plugins/UI/InputSystemUIInputModule.cs:487)
UnityEngine.InputSystem.UI.InputSystemUIInputModule:Process () (at ./Library/PackageCache/com.unity.inputsystem@7a4e1a2a8194/InputSystem/Runtime/Plugins/UI/InputSystemUIInputModule.cs:2405)
UnityEngine.EventSystems.EventSystem:Update () (at ./Library/PackageCache/com.unity.ugui@1c4864518158/Runtime/UGUI/EventSystem/EventSystem.cs:516)

(Filename: Assets/InventoryItem.cs Line: 80)

OnDrag
UnityEngine.Debug:ExtractStackTraceNoAlloc (byte*,int,string)
UnityEngine.StackTraceUtility:ExtractStackTrace ()
UnityEngine.DebugLogHandler:Internal_Log (UnityEngine.LogType,UnityEngine.LogOption,string,UnityEngine.Object)
UnityEngine.DebugLogHandler:LogFormat (UnityEngine.LogType,UnityEngine.Object,string,object[])
UnityEngine.Logger:Log (UnityEngine.LogType,object)
UnityEngine.Debug:Log (object)
InventoryItem:OnDrag (UnityEngine.EventSystems.PointerEventData) (at Assets/InventoryItem.cs:80)
UnityEngine.EventSystems.ExecuteEvents:Execute (UnityEngine.EventSystems.IDragHandler,UnityEngine.EventSystems.BaseEventData) (at ./Library/PackageCache/com.unity.ugui@1c4864518158/Runtime/UGUI/EventSystem/ExecuteEvents.cs:78)
UnityEngine.EventSystems.ExecuteEvents:Execute<UnityEngine.EventSystems.IDragHandler> (UnityEngine.GameObject,UnityEngine.EventSystems.BaseEventData,UnityEngine.EventSystems.ExecuteEvents/EventFunction`1<UnityEngine.EventSystems.IDragHandler>) (at ./Library/PackageCache/com.unity.ugui@1c4864518158/Runtime/UGUI/EventSystem/ExecuteEvents.cs:272)
UnityEngine.InputSystem.UI.InputSystemUIInputModule:ProcessPointerButtonDrag (UnityEngine.InputSystem.UI.PointerModel/ButtonState&,UnityEngine.InputSystem.UI.ExtendedPointerEventData) (at ./Library/PackageCache/com.unity.inputsystem@7a4e1a2a8194/InputSystem/Runtime/Plugins/UI/InputSystemUIInputModule.cs:781)
UnityEngine.InputSystem.UI.InputSystemUIInputModule:ProcessPointer (UnityEngine.InputSystem.UI.PointerModel&) (at ./Library/PackageCache/com.unity.inputsystem@7a4e1a2a8194/InputSystem/Runtime/Plugins/UI/InputSystemUIInputModule.cs:487)
UnityEngine.InputSystem.UI.InputSystemUIInputModule:Process () (at ./Library/PackageCache/com.unity.inputsystem@7a4e1a2a8194/InputSystem/Runtime/Plugins/UI/InputSystemUIInputModule.cs:2405)
UnityEngine.EventSystems.EventSystem:Update () (at ./Library/PackageCache/com.unity.ugui@1c4864518158/Runtime/UGUI/EventSystem/EventSystem.cs:516)

(Filename: Assets/InventoryItem.cs Line: 80)

OnDrag
UnityEngine.Debug:ExtractStackTraceNoAlloc (byte*,int,string)
UnityEngine.StackTraceUtility:ExtractStackTrace ()
UnityEngine.DebugLogHandler:Internal_Log (UnityEngine.LogType,UnityEngine.LogOption,string,UnityEngine.Object)
UnityEngine.DebugLogHandler:LogFormat (UnityEngine.LogType,UnityEngine.Object,string,object[])
UnityEngine.Logger:Log (UnityEngine.LogType,object)
UnityEngine.Debug:Log (object)
InventoryItem:OnDrag (UnityEngine.EventSystems.PointerEventData) (at Assets/InventoryItem.cs:80)
UnityEngine.EventSystems.ExecuteEvents:Execute (UnityEngine.EventSystems.IDragHandler,UnityEngine.EventSystems.BaseEventData) (at ./Library/PackageCache/com.unity.ugui@1c4864518158/Runtime/UGUI/EventSystem/ExecuteEvents.cs:78)
UnityEngine.EventSystems.ExecuteEvents:Execute<UnityEngine.EventSystems.IDragHandler> (UnityEngine.GameObject,UnityEngine.EventSystems.BaseEventData,UnityEngine.EventSystems.ExecuteEvents/EventFunction`1<UnityEngine.EventSystems.IDragHandler>) (at ./Library/PackageCache/com.unity.ugui@1c4864518158/Runtime/UGUI/EventSystem/ExecuteEvents.cs:272)
UnityEngine.InputSystem.UI.InputSystemUIInputModule:ProcessPointerButtonDrag (UnityEngine.InputSystem.UI.PointerModel/ButtonState&,UnityEngine.InputSystem.UI.ExtendedPointerEventData) (at ./Library/PackageCache/com.unity.inputsystem@7a4e1a2a8194/InputSystem/Runtime/Plugins/UI/InputSystemUIInputModule.cs:781)
UnityEngine.InputSystem.UI.InputSystemUIInputModule:ProcessPointer (UnityEngine.InputSystem.UI.PointerModel&) (at ./Library/PackageCache/com.unity.inputsystem@7a4e1a2a8194/InputSystem/Runtime/Plugins/UI/InputSystemUIInputModule.cs:487)
UnityEngine.InputSystem.UI.InputSystemUIInputModule:Process () (at ./Library/PackageCache/com.unity.inputsystem@7a4e1a2a8194/InputSystem/Runtime/Plugins/UI/InputSystemUIInputModule.cs:2405)
UnityEngine.EventSystems.EventSystem:Update () (at ./Library/PackageCache/com.unity.ugui@1c4864518158/Runtime/UGUI/EventSystem/EventSystem.cs:516)

(Filename: Assets/InventoryItem.cs Line: 80)

OnDrag
UnityEngine.Debug:ExtractStackTraceNoAlloc (byte*,int,string)
UnityEngine.StackTraceUtility:ExtractStackTrace ()
UnityEngine.DebugLogHandler:Internal_Log (UnityEngine.LogType,UnityEngine.LogOption,string,UnityEngine.Object)
UnityEngine.DebugLogHandler:LogFormat (UnityEngine.LogType,UnityEngine.Object,string,object[])
UnityEngine.Logger:Log (UnityEngine.LogType,object)
UnityEngine.Debug:Log (object)
InventoryItem:OnDrag (UnityEngine.EventSystems.PointerEventData) (at Assets/InventoryItem.cs:80)
UnityEngine.EventSystems.ExecuteEvents:Execute (UnityEngine.EventSystems.IDragHandler,UnityEngine.EventSystems.BaseEventData) (at ./Library/PackageCache/com.unity.ugui@1c4864518158/Runtime/UGUI/EventSystem/ExecuteEvents.cs:78)
UnityEngine.EventSystems.ExecuteEvents:Execute<UnityEngine.EventSystems.IDragHandler> (UnityEngine.GameObject,UnityEngine.EventSystems.BaseEventData,UnityEngine.EventSystems.ExecuteEvents/EventFunction`1<UnityEngine.EventSystems.IDragHandler>) (at ./Library/PackageCache/com.unity.ugui@1c4864518158/Runtime/UGUI/EventSystem/ExecuteEvents.cs:272)
UnityEngine.InputSystem.UI.InputSystemUIInputModule:ProcessPointerButtonDrag (UnityEngine.InputSystem.UI.PointerModel/ButtonState&,UnityEngine.InputSystem.UI.ExtendedPointerEventData) (at ./Library/PackageCache/com.unity.inputsystem@7a4e1a2a8194/InputSystem/Runtime/Plugins/UI/InputSystemUIInputModule.cs:781)
UnityEngine.InputSystem.UI.InputSystemUIInputModule:ProcessPointer (UnityEngine.InputSystem.UI.PointerModel&) (at ./Library/PackageCache/com.unity.inputsystem@7a4e1a2a8194/InputSystem/Runtime/Plugins/UI/InputSystemUIInputModule.cs:487)
UnityEngine.InputSystem.UI.InputSystemUIInputModule:Process () (at ./Library/PackageCache/com.unity.inputsystem@7a4e1a2a8194/InputSystem/Runtime/Plugins/UI/InputSystemUIInputModule.cs:2405)
UnityEngine.EventSystems.EventSystem:Update () (at ./Library/PackageCache/com.unity.ugui@1c4864518158/Runtime/UGUI/EventSystem/EventSystem.cs:516)

(Filename: Assets/InventoryItem.cs Line: 80)

OnDrag
UnityEngine.Debug:ExtractStackTraceNoAlloc (byte*,int,string)
UnityEngine.StackTraceUtility:ExtractStackTrace ()
UnityEngine.DebugLogHandler:Internal_Log (UnityEngine.LogType,UnityEngine.LogOption,string,UnityEngine.Object)
UnityEngine.DebugLogHandler:LogFormat (UnityEngine.LogType,UnityEngine.Object,string,object[])
UnityEngine.Logger:Log (UnityEngine.LogType,object)
UnityEngine.Debug:Log (object)
InventoryItem:OnDrag (UnityEngine.EventSystems.PointerEventData) (at Assets/InventoryItem.cs:80)
UnityEngine.EventSystems.ExecuteEvents:Execute (UnityEngine.EventSystems.IDragHandler,UnityEngine.EventSystems.BaseEventData) (at ./Library/PackageCache/com.unity.ugui@1c4864518158/Runtime/UGUI/EventSystem/ExecuteEvents.cs:78)
UnityEngine.EventSystems.ExecuteEvents:Execute<UnityEngine.EventSystems.IDragHandler> (UnityEngine.GameObject,UnityEngine.EventSystems.BaseEventData,UnityEngine.EventSystems.ExecuteEvents/EventFunction`1<UnityEngine.EventSystems.IDragHandler>) (at ./Library/PackageCache/com.unity.ugui@1c4864518158/Runtime/UGUI/EventSystem/ExecuteEvents.cs:272)
UnityEngine.InputSystem.UI.InputSystemUIInputModule:ProcessPointerButtonDrag (UnityEngine.InputSystem.UI.PointerModel/ButtonState&,UnityEngine.InputSystem.UI.ExtendedPointerEventData) (at ./Library/PackageCache/com.unity.inputsystem@7a4e1a2a8194/InputSystem/Runtime/Plugins/UI/InputSystemUIInputModule.cs:781)
UnityEngine.InputSystem.UI.InputSystemUIInputModule:ProcessPointer (UnityEngine.InputSystem.UI.PointerModel&) (at ./Library/PackageCache/com.unity.inputsystem@7a4e1a2a8194/InputSystem/Runtime/Plugins/UI/InputSystemUIInputModule.cs:487)
UnityEngine.InputSystem.UI.InputSystemUIInputModule:Process () (at ./Library/PackageCache/com.unity.inputsystem@7a4e1a2a8194/InputSystem/Runtime/Plugins/UI/InputSystemUIInputModule.cs:2405)
UnityEngine.EventSystems.EventSystem:Update () (at ./Library/PackageCache/com.unity.ugui@1c4864518158/Runtime/UGUI/EventSystem/EventSystem.cs:516)

(Filename: Assets/InventoryItem.cs Line: 80)

OnDrag
UnityEngine.Debug:ExtractStackTraceNoAlloc (byte*,int,string)
UnityEngine.StackTraceUtility:ExtractStackTrace ()
UnityEngine.DebugLogHandler:Internal_Log (UnityEngine.LogType,UnityEngine.LogOption,string,UnityEngine.Object)
UnityEngine.DebugLogHandler:LogFormat (UnityEngine.LogType,UnityEngine.Object,string,object[])
UnityEngine.Logger:Log (UnityEngine.LogType,object)
UnityEngine.Debug:Log (object)
InventoryItem:OnDrag (UnityEngine.EventSystems.PointerEventData) (at Assets/InventoryItem.cs:80)
UnityEngine.EventSystems.ExecuteEvents:Execute (UnityEngine.EventSystems.IDragHandler,UnityEngine.EventSystems.BaseEventData) (at ./Library/PackageCache/com.unity.ugui@1c4864518158/Runtime/UGUI/EventSystem/ExecuteEvents.cs:78)
UnityEngine.EventSystems.ExecuteEvents:Execute<UnityEngine.EventSystems.IDragHandler> (UnityEngine.GameObject,UnityEngine.EventSystems.BaseEventData,UnityEngine.EventSystems.ExecuteEvents/EventFunction`1<UnityEngine.EventSystems.IDragHandler>) (at ./Library/PackageCache/com.unity.ugui@1c4864518158/Runtime/UGUI/EventSystem/ExecuteEvents.cs:272)
UnityEngine.InputSystem.UI.InputSystemUIInputModule:ProcessPointerButtonDrag (UnityEngine.InputSystem.UI.PointerModel/ButtonState&,UnityEngine.InputSystem.UI.ExtendedPointerEventData) (at ./Library/PackageCache/com.unity.inputsystem@7a4e1a2a8194/InputSystem/Runtime/Plugins/UI/InputSystemUIInputModule.cs:781)
UnityEngine.InputSystem.UI.InputSystemUIInputModule:ProcessPointer (UnityEngine.InputSystem.UI.PointerModel&) (at ./Library/PackageCache/com.unity.inputsystem@7a4e1a2a8194/InputSystem/Runtime/Plugins/UI/InputSystemUIInputModule.cs:487)
UnityEngine.InputSystem.UI.InputSystemUIInputModule:Process () (at ./Library/PackageCache/com.unity.inputsystem@7a4e1a2a8194/InputSystem/Runtime/Plugins/UI/InputSystemUIInputModule.cs:2405)
UnityEngine.EventSystems.EventSystem:Update () (at ./Library/PackageCache/com.unity.ugui@1c4864518158/Runtime/UGUI/EventSystem/EventSystem.cs:516)

(Filename: Assets/InventoryItem.cs Line: 80)

OnDrag
UnityEngine.Debug:ExtractStackTraceNoAlloc (byte*,int,string)
UnityEngine.StackTraceUtility:ExtractStackTrace ()
UnityEngine.DebugLogHandler:Internal_Log (UnityEngine.LogType,UnityEngine.LogOption,string,UnityEngine.Object)
UnityEngine.DebugLogHandler:LogFormat (UnityEngine.LogType,UnityEngine.Object,string,object[])
UnityEngine.Logger:Log (UnityEngine.LogType,object)
UnityEngine.Debug:Log (object)
InventoryItem:OnDrag (UnityEngine.EventSystems.PointerEventData) (at Assets/InventoryItem.cs:80)
UnityEngine.EventSystems.ExecuteEvents:Execute (UnityEngine.EventSystems.IDragHandler,UnityEngine.EventSystems.BaseEventData) (at ./Library/PackageCache/com.unity.ugui@1c4864518158/Runtime/UGUI/EventSystem/ExecuteEvents.cs:78)
UnityEngine.EventSystems.ExecuteEvents:Execute<UnityEngine.EventSystems.IDragHandler> (UnityEngine.GameObject,UnityEngine.EventSystems.BaseEventData,UnityEngine.EventSystems.ExecuteEvents/EventFunction`1<UnityEngine.EventSystems.IDragHandler>) (at ./Library/PackageCache/com.unity.ugui@1c4864518158/Runtime/UGUI/EventSystem/ExecuteEvents.cs:272)
UnityEngine.InputSystem.UI.InputSystemUIInputModule:ProcessPointerButtonDrag (UnityEngine.InputSystem.UI.PointerModel/ButtonState&,UnityEngine.InputSystem.UI.ExtendedPointerEventData) (at ./Library/PackageCache/com.unity.inputsystem@7a4e1a2a8194/InputSystem/Runtime/Plugins/UI/InputSystemUIInputModule.cs:781)
UnityEngine.InputSystem.UI.InputSystemUIInputModule:ProcessPointer (UnityEngine.InputSystem.UI.PointerModel&) (at ./Library/PackageCache/com.unity.inputsystem@7a4e1a2a8194/InputSystem/Runtime/Plugins/UI/InputSystemUIInputModule.cs:487)
UnityEngine.InputSystem.UI.InputSystemUIInputModule:Process () (at ./Library/PackageCache/com.unity.inputsystem@7a4e1a2a8194/InputSystem/Runtime/Plugins/UI/InputSystemUIInputModule.cs:2405)
UnityEngine.EventSystems.EventSystem:Update () (at ./Library/PackageCache/com.unity.ugui@1c4864518158/Runtime/UGUI/EventSystem/EventSystem.cs:516)

(Filename: Assets/InventoryItem.cs Line: 80)

OnDrop
UnityEngine.Debug:ExtractStackTraceNoAlloc (byte*,int,string)
UnityEngine.StackTraceUtility:ExtractStackTrace ()
UnityEngine.DebugLogHandler:Internal_Log (UnityEngine.LogType,UnityEngine.LogOption,string,UnityEngine.Object)
UnityEngine.DebugLogHandler:LogFormat (UnityEngine.LogType,UnityEngine.Object,string,object[])
UnityEngine.Logger:Log (UnityEngine.LogType,object)
UnityEngine.Debug:Log (object)
InventoryItem:OnDrop (UnityEngine.EventSystems.PointerEventData) (at Assets/InventoryItem.cs:85)
UnityEngine.EventSystems.ExecuteEvents:Execute (UnityEngine.EventSystems.IDropHandler,UnityEngine.EventSystems.BaseEventData) (at ./Library/PackageCache/com.unity.ugui@1c4864518158/Runtime/UGUI/EventSystem/ExecuteEvents.cs:92)
UnityEngine.EventSystems.ExecuteEvents:Execute<UnityEngine.EventSystems.IDropHandler> (UnityEngine.GameObject,UnityEngine.EventSystems.BaseEventData,UnityEngine.EventSystems.ExecuteEvents/EventFunction`1<UnityEngine.EventSystems.IDropHandler>) (at ./Library/PackageCache/com.unity.ugui@1c4864518158/Runtime/UGUI/EventSystem/ExecuteEvents.cs:272)
UnityEngine.EventSystems.ExecuteEvents:ExecuteHierarchy<UnityEngine.EventSystems.IDropHandler> (UnityEngine.GameObject,UnityEngine.EventSystems.BaseEventData,UnityEngine.EventSystems.ExecuteEvents/EventFunction`1<UnityEngine.EventSystems.IDropHandler>) (at ./Library/PackageCache/com.unity.ugui@1c4864518158/Runtime/UGUI/EventSystem/ExecuteEvents.cs:298)
UnityEngine.InputSystem.UI.InputSystemUIInputModule:ProcessPointerButton (UnityEngine.InputSystem.UI.PointerModel/ButtonState&,UnityEngine.EventSystems.PointerEventData) (at ./Library/PackageCache/com.unity.inputsystem@7a4e1a2a8194/InputSystem/Runtime/Plugins/UI/InputSystemUIInputModule.cs:730)
UnityEngine.InputSystem.UI.InputSystemUIInputModule:ProcessPointer (UnityEngine.InputSystem.UI.PointerModel&) (at ./Library/PackageCache/com.unity.inputsystem@7a4e1a2a8194/InputSystem/Runtime/Plugins/UI/InputSystemUIInputModule.cs:486)
UnityEngine.InputSystem.UI.InputSystemUIInputModule:Process () (at ./Library/PackageCache/com.unity.inputsystem@7a4e1a2a8194/InputSystem/Runtime/Plugins/UI/InputSystemUIInputModule.cs:2405)
UnityEngine.EventSystems.EventSystem:Update () (at ./Library/PackageCache/com.unity.ugui@1c4864518158/Runtime/UGUI/EventSystem/EventSystem.cs:516)

(Filename: Assets/InventoryItem.cs Line: 85)

Дроп успешно!
UnityEngine.Debug:ExtractStackTraceNoAlloc (byte*,int,string)
UnityEngine.StackTraceUtility:ExtractStackTrace ()
UnityEngine.DebugLogHandler:Internal_Log (UnityEngine.LogType,UnityEngine.LogOption,string,UnityEngine.Object)
UnityEngine.DebugLogHandler:LogFormat (UnityEngine.LogType,UnityEngine.Object,string,object[])
UnityEngine.Logger:Log (UnityEngine.LogType,object)
UnityEngine.Debug:Log (object)
DropManager:Drop (UnityEngine.Vector2) (at Assets/DropManager.cs:39)
InventoryItem:OnEndDrag (UnityEngine.EventSystems.PointerEventData) (at Assets/InventoryItem.cs:50)
UnityEngine.EventSystems.ExecuteEvents:Execute (UnityEngine.EventSystems.IEndDragHandler,UnityEngine.EventSystems.BaseEventData) (at ./Library/PackageCache/com.unity.ugui@1c4864518158/Runtime/UGUI/EventSystem/ExecuteEvents.cs:85)
UnityEngine.EventSystems.ExecuteEvents:Execute<UnityEngine.EventSystems.IEndDragHandler> (UnityEngine.GameObject,UnityEngine.EventSystems.BaseEventData,UnityEngine.EventSystems.ExecuteEvents/EventFunction`1<UnityEngine.EventSystems.IEndDragHandler>) (at ./Library/PackageCache/com.unity.ugui@1c4864518158/Runtime/UGUI/EventSystem/ExecuteEvents.cs:272)
UnityEngine.InputSystem.UI.InputSystemUIInputModule:ProcessPointerButton (UnityEngine.InputSystem.UI.PointerModel/ButtonState&,UnityEngine.EventSystems.PointerEventData) (at ./Library/PackageCache/com.unity.inputsystem@7a4e1a2a8194/InputSystem/Runtime/Plugins/UI/InputSystemUIInputModule.cs:737)
UnityEngine.InputSystem.UI.InputSystemUIInputModule:ProcessPointer (UnityEngine.InputSystem.UI.PointerModel&) (at ./Library/PackageCache/com.unity.inputsystem@7a4e1a2a8194/InputSystem/Runtime/Plugins/UI/InputSystemUIInputModule.cs:486)
UnityEngine.InputSystem.UI.InputSystemUIInputModule:Process () (at ./Library/PackageCache/com.unity.inputsystem@7a4e1a2a8194/InputSystem/Runtime/Plugins/UI/InputSystemUIInputModule.cs:2405)
UnityEngine.EventSystems.EventSystem:Update () (at ./Library/PackageCache/com.unity.ugui@1c4864518158/Runtime/UGUI/EventSystem/EventSystem.cs:516)

(Filename: Assets/DropManager.cs Line: 39)

NullReferenceException: Object reference not set to an instance of an object
  at DropManager.Drop (UnityEngine.Vector2 screenPos) [0x00047] in C:\Users\sdziu\my_documents\0_repositories\whoops\Assets\DropManager.cs:41 
  at InventoryItem.OnEndDrag (UnityEngine.EventSystems.PointerEventData eventData) [0x00026] in C:\Users\sdziu\my_documents\0_repositories\whoops\Assets\InventoryItem.cs:50 
  at UnityEngine.EventSystems.ExecuteEvents.Execute (UnityEngine.EventSystems.IEndDragHandler handler, UnityEngine.EventSystems.BaseEventData eventData) [0x00000] in .\Library\PackageCache\com.unity.ugui@1c4864518158\Runtime\UGUI\EventSystem\ExecuteEvents.cs:85 
  at UnityEngine.EventSystems.ExecuteEvents.Execute[T] (UnityEngine.GameObject target, UnityEngine.EventSystems.BaseEventData eventData, UnityEngine.EventSystems.ExecuteEvents+EventFunction`1[T1] functor) [0x00067] in .\Library\PackageCache\com.unity.ugui@1c4864518158\Runtime\UGUI\EventSystem\ExecuteEvents.cs:272 
UnityEngine.DebugLogHandler:Internal_LogException_Injected(Exception, IntPtr)
UnityEngine.DebugLogHandler:Internal_LogException(Exception, Object)
UnityEngine.DebugLogHandler:LogException(Exception, Object)
UnityEngine.Logger:LogException(Exception, Object)
UnityEngine.Debug:LogException(Exception)
UnityEngine.EventSystems.ExecuteEvents:Execute(GameObject, BaseEventData, EventFunction`1) (at .\Library\PackageCache\com.unity.ugui@1c4864518158\Runtime\UGUI\EventSystem\ExecuteEvents.cs:276)
UnityEngine.InputSystem.UI.InputSystemUIInputModule:ProcessPointerButton(ButtonState&, PointerEventData) (at .\Library\PackageCache\com.unity.inputsystem@7a4e1a2a8194\InputSystem\Runtime\Plugins\UI\InputSystemUIInputModule.cs:737)
UnityEngine.InputSystem.UI.InputSystemUIInputModule:ProcessPointer(PointerModel&) (at .\Library\PackageCache\com.unity.inputsystem@7a4e1a2a8194\InputSystem\Runtime\Plugins\UI\InputSystemUIInputModule.cs:486)
UnityEngine.InputSystem.UI.InputSystemUIInputModule:Process() (at .\Library\PackageCache\com.unity.inputsystem@7a4e1a2a8194\InputSystem\Runtime\Plugins\UI\InputSystemUIInputModule.cs:2405)
UnityEngine.EventSystems.EventSystem:Update() (at .\Library\PackageCache\com.unity.ugui@1c4864518158\Runtime\UGUI\EventSystem\EventSystem.cs:516)

(Filename: Assets/DropManager.cs Line: 41)

Unloading 0 Unused Serialized files (Serialized files now loaded: 0)
Loaded scene 'Temp/__Backupscenes/0.backup'
	Deserialize:            8.946 ms
	Integration:            363.824 ms
	Integration of assets:  0.007 ms
	Thread Wait Time:       0.015 ms
	Total Operation Time:   372.791 ms
Unloading 31 unused Assets / (1.2 MB). Loaded Objects now: 10510.
Memory consumption went from 0.71 GB to 0.71 GB.
Total: 37.782100 ms (FindLiveObjects: 0.722900 ms CreateObjectMapping: 1.899000 ms MarkObjects: 34.702400 ms  DeleteObjects: 0.456100 ms)

[Licensing::Client] Successfully resolved entitlement details
Asset Pipeline Refresh (id=0fa89b532794135479589df91ca53b95): Total: 0.042 seconds - Initiated by RefreshV2(AllowForceSynchronousImport)
Asset Pipeline Refresh (id=a546a7e6677785f4cb6ab3b349350463): Total: 0.011 seconds - Initiated by RefreshV2(AllowForceSynchronousImport)
Asset Pipeline Refresh (id=12ee0eaab9945704b8881fc7da119467): Total: 0.009 seconds - Initiated by RefreshV2(AllowForceSynchronousImport)
[Worker0] Imported GUID: 21bb9d5d61d4e614fa586ea3afcb3f68 - Path: Assets/Resources/PickupItems - Importer: PreviewImporter -> (ImportResultId: '322edbac120aaab42331f09d246ecc99') in 0.0508176 seconds
[Worker1] Imported GUID: 660c249d6a6bf4b42bb645c20ebb2045 - Path: Assets/Resources/PickupItems/Oil.prefab - Importer: PreviewImporter -> (ImportResultId: '4cf7eeb18340c7c13074abe7a2ea6548') in 0.8880683 seconds
[Worker0] Imported GUID: 3177d8535b917984e9e4e5e447b85452 - Path: Assets/Resources/PickupItems/PickupChest.prefab - Importer: PreviewImporter -> (ImportResultId: 'fa279f6bcd461d652f0f6855ee682e99') in 0.8782898 seconds
[Worker1] Imported GUID: 0c5b74820ff665b4f852feeaae0f349d - Path: Assets/Resources/PickupItems/Rag.prefab - Importer: PreviewImporter -> (ImportResultId: '71e98a45220012bdf1033fee9a1a166b') in 0.0580448 seconds
[Worker0] Imported GUID: ee751daf3370dc44a80519f683bd0892 - Path: Assets/Resources/PickupItems/Wax.prefab - Importer: PreviewImporter -> (ImportResultId: '014891dd757781c7f1ef0fdea6138cbe') in 0.0674023 seconds
[Worker0] Imported GUID: c94be349a5a15344894d20ab39960660 - Path: Assets/Background - Importer: PreviewImporter -> (ImportResultId: '86950d8375f25b16bc2a87e90f1a10e7') in 0.0332792 seconds
[Worker0] Imported GUID: bfc1593ce29a92c488a5a3ba2c2196d2 - Path: Assets/Audio - Importer: PreviewImporter -> (ImportResultId: 'a40ffc714389a32bd2ffb00a60416f29') in 0.0356339 seconds
Importing 'GUID: 3f3239816e837094f92778b6d667d49d - Path: Assets/Resources/InventoryItems/InventoryOil.prefab' with importer (PrefabImporter)
Imported 'GUID: 3f3239816e837094f92778b6d667d49d' -> (Import Result ID: '9b20a4167f5f95f9080a04c4029366ea') in 0.035 seconds [static and dynamic dependencies]. Details - ImportResultOutputID=9d175908581116a3a9589fb004c50d4b DependenciesID=c681dbebe311c61e3cb589a5b5d33581 StaticDependenciesID=81fdab052b4fd65be7c20cb0145088f4 
Refreshing native plugins compatible for Editor in 7.16 ms, found 5 plugins.

Asset Pipeline Refresh (id=a2a5d511e03c16d459122fba0df8dd56): Total: 0.308 seconds - Initiated by StopAssetImportingV2(NoUpdateAssetOptions)
	(Values over 0.05ms)
	Summary:
		Imports: total=1 (actual=1, local cache=0, cache server=0)
		Asset DB Process Time: managed=7 ms, native=206 ms
		Asset DB Callback time: managed=38 ms, native=55 ms
		Scripting: domain reloads=0, domain reload time=0 ms, compile time=0 ms, other=0 ms
		Project Asset Count: scripts=1714, non-scripts=3385
		Asset File Changes: new=0, changed=1, moved=0, deleted=0
		Scan Filter Count: 4
	ApplyChangesToAssetFolders: 0.351ms
	Scan: 29.605ms
	Collect global state as custom dependencies: 0.571ms
	OnSourceAssetsModified: 1.532ms
	ProcessAssetsWithTransientArtifactChanges: 0.292ms
	CategorizeAssets: 29.958ms
	ImportOutOfDateAssets: 142.584ms (13.813ms without children)
		ImportManagerImport: 57.161ms (1.710ms without children)
			UpdateCategorizedAssets: 0.052ms
		ReloadNativeAssets: 0.078ms
		UnloadImportedAssets: 1.806ms
		ReloadImportedAssets: 2.199ms
		EnsureUptoDateAssetsAreRegisteredWithGuidPM: 0.861ms
		ImportSchedulerStart: 68.841ms
	PostProcessAllAssets: 52.401ms
		XRBuildSystem.XRAssetImported 14.527ms
		ObjectImages.AssetImported 0.065ms
		MonoPostProcessAllAssets: 36.596ms
			AssetPostprocessor.OnPostprocessAllAssets 7.111ms
			AssetChangedListener.OnPostprocessAllAssets 6.725ms
			ShaderGraphAssetPostProcessor.OnPostprocessAllAssets 3.124ms
			RetainedModeAssetPostprocessor.OnPostprocessAllAssets 1.778ms
			SyncVS.PostprocessSyncProject 1.336ms
			BuilderAssetPostprocessor.OnPostprocessAllAssets 1.235ms
			SpriteEditorTexturePostprocessor.OnPostprocessAllAssets 1.088ms
			TMPro_TexturePostProcessor.OnPostprocessAllAssets 1.022ms
			ArtifactBrowserPostProcessor.OnPostprocessAllAssets 1.020ms
			MaterialPostprocessor.OnPostprocessAllAssets 0.818ms
			SpriteSlicePostprocessor.OnPostprocessAllAssets 0.648ms
			SpriteShapeAssetPostProcessor.OnPostprocessAllAssets 0.611ms
			UVCSAssetPostprocessor.OnPostprocessAllAssets 0.562ms
			TextAssetPostProcessor.OnPostprocessAllAssets 0.547ms
			SampleDependencyImporterPostProcessor.OnPostprocessAllAssets 0.539ms
			AudioMixerPostprocessor.OnPostprocessAllAssets 0.526ms
			PostProcessor.OnPostprocessAllAssets 0.521ms
			InputActionJsonNameModifierAssetProcessor.OnPostprocessAllAssets 0.518ms
			SpeedTreePostProcessor.OnPostprocessAllAssets 0.427ms
			StyleCatalogPostProcessor.OnPostprocessAllAssets 0.399ms
			AssetEvents.OnPostprocessAllAssets 0.320ms
			SpriteLibraryAssetPostprocessor.OnPostprocessAllAssets 0.311ms
			RenderPipelineGlobalSettingsPostprocessor.OnPostprocessAllAssets 0.289ms
			ConfigAssetsTracker.OnPostprocessAllAssets 0.244ms
			ScenarioDriftAssetsTracker.OnPostprocessAllAssets 0.227ms
			PSDImportPostProcessor.OnPostprocessAllAssets 0.217ms
			SamplePostprocessor.OnPostprocessAllAssets 0.212ms
			AssetReloadNotifier.OnPostprocessAllAssets 0.191ms
			PSDImporterAssetPostProcessor.OnPostprocessAllAssets 0.150ms
			AudioContainerPostProcessor.OnPostprocessAllAssets 0.118ms
			AssetProcessor.OnPostprocessAllAssets 0.085ms
	PostAssetChangesProfiler: 39.408ms
	GatherAllCurrentPrimaryImportResultRevisions: 0.484ms
	UnloadStreamsBegin: 0.524ms
	PersistCurrentRevisions: 0.494ms
	Untracked: 9.381ms

[Worker1] Imported GUID: 3f3239816e837094f92778b6d667d49d - Path: Assets/Resources/InventoryItems/InventoryOil.prefab - Importer: PreviewImporter -> (ImportResultId: '80abf83623d38511e6d7e10e755fc19c') in 0.0287244 seconds
Importing 'GUID: 2e498d1c8094910479dc3e1b768306a4 - Path: Assets/TextMesh Pro/Resources/Fonts & Materials/LiberationSans SDF - Fallback.asset' with importer (NativeFormatImporter)
Imported 'GUID: 2e498d1c8094910479dc3e1b768306a4' -> (Import Result ID: 'fb87d5a11d20af2e98c1d56bc0e474e6') in 0.025 seconds [static dependencies only]. Details - ImportResultOutputID=94ce4dace069634644df4d315a8acf11 DependenciesID=63f20bdb217e09fb7c1b76c152807afa StaticDependenciesID=5f828852e13f184c8b0ff0ce22fd8566 
Refreshing native plugins compatible for Editor in 5.76 ms, found 5 plugins.
Asset Pipeline Refresh (id=d93128f75198ae34392230c69dea8cce): Total: 0.189 seconds - Initiated by StopAssetImportingV2(NoUpdateAssetOptions)
SpriteAtlasPacking completed in 0.041614 sec
Reloading assemblies for play mode.
Reloading assemblies after forced synchronous recompile.
Begin MonoManager ReloadAssembly
[Licensing::Client] Successfully resolved entitlement details
Symbol file LoadedFromMemory is not a mono symbol file
Refreshing native plugins compatible for Editor in 8.10 ms, found 5 plugins.
Native extension for WindowsStandalone target not found
ScheduleIndexationOnStartup MainProcess:True IndexOnStartup:True
[MODES] ModeService[none].Initialize
[MODES] ModeService[none].LoadModes
Mono: successfully reloaded assembly
- Finished resetting the current domain, in  3.526 seconds
Domain Reload Profiling: 5582ms
	BeginReloadAssembly (1477ms)
		DisableScriptedObjects (188ms)
		CreateAndSetChildDomain (934ms)
	RebuildCommonClasses (18ms)
	RebuildNativeTypeToScriptingClass (30ms)
	initialDomainReloadingComplete (139ms)
	LoadAllAssembliesAndSetupDomain (389ms)
		LoadAssemblies (284ms)
		AnalyzeDomain (79ms)
			TypeCache.Refresh (17ms)
			ResolveRequiredComponents (54ms)
	FinalizeReload (3528ms)
		SetupLoadedEditorAssemblies (0ms)
			InitializePlatformSupportModulesInManaged (3ms)
			BeforeProcessingInitializeOnLoad (169ms)
			ProcessInitializeOnLoadAttributes (709ms)
			ProcessInitializeOnLoadMethodAttributes (291ms)
			AfterProcessingInitializeOnLoad (10ms)
		AwakeInstancesAfterBackupRestoration (1196ms)

Asset Pipeline Refresh (id=e51eb03583f7cf64680f4f2b8ed6d151): Total: 6.066 seconds - Initiated by StopAssetImportingV2(ForceSynchronousImport | ForceDomainReload)
	(Values over 0.05ms)
	Summary:
		Imports: total=0 (actual=0, local cache=0, cache server=0)
		Asset DB Process Time: managed=0 ms, native=3834 ms
		Asset DB Callback time: managed=53 ms, native=0 ms
		Scripting: domain reloads=1, domain reload time=2173 ms, compile time=4 ms, other=0 ms
		Project Asset Count: scripts=1714, non-scripts=3385
		Asset File Changes: new=0, changed=0, moved=0, deleted=0
		Scan Filter Count: 0
	InvokePackagesCallback: 3.839ms
	ApplyChangesToAssetFolders: 0.841ms
	Collect global state as custom dependencies: 7.101ms
	ProcessAssetsWithTransientArtifactChanges: 0.287ms
	CategorizeAssets: 114.087ms
	CompileScripts: 3.903ms
	ImportOutOfDateAssets: 3616.198ms (3558.867ms without children)
		CollectScriptTypesHashes: 1.702ms
		ReloadNativeAssets: 2.275ms
		UnloadImportedAssets: 0.806ms
		EnsureUptoDateAssetsAreRegisteredWithGuidPM: 1.681ms
		ImportSchedulerStart: 52.529ms
	PostProcessAllAssets: 53.311ms
		MonoPostProcessAllAssets: 53.304ms
			UniversalRenderPipelineGlobalSettingsPostprocessor.OnPostprocessAllAssets 14.929ms
			SyncVS.PostprocessSyncProject 7.472ms
			SpeedTree9Postprocessor.OnPostprocessAllAssets 3.371ms
			WindowAssetPostprocessingWatcher.OnPostprocessAllAssets 2.778ms
			ProjectSettingsPostprocessor.OnPostprocessAllAssets 1.214ms
			RenderPipelineGlobalSettingsPostprocessor.OnPostprocessAllAssets 1.088ms
			TMPro_TexturePostProcessor.OnPostprocessAllAssets 0.966ms
			ShaderReflectionAssetPostProcessor.OnPostprocessAllAssets 0.520ms
			InputActionAssetPostprocessor.OnPostprocessAllAssets 0.490ms
			EditModeScopePostprocessor.OnPostprocessAllAssets 0.428ms
			ReferencedClipsPostProcessor.OnPostprocessAllAssets 0.388ms
			SpriteEditorTexturePostprocessor.OnPostprocessAllAssets 0.368ms
			SpriteShapeAssetPostProcessor.OnPostprocessAllAssets 0.355ms
			TerrainToolbarOverlayPostProcessor.OnPostprocessAllAssets 0.346ms
			AssetChangedListener.OnPostprocessAllAssets 0.290ms
			AssetDatabaseCallbacks.OnPostprocessAllAssets 0.231ms
			ShaderGraphAssetPostProcessor.OnPostprocessAllAssets 0.138ms
			AssetPostprocessor.OnPostprocessAllAssets 0.124ms
	GatherAllCurrentPrimaryImportResultRevisions: 0.500ms
	UnloadStreamsBegin: 0.454ms
	PersistCurrentRevisions: 0.286ms
	GenerateScriptTypeHashes: 8.706ms
	GenerateScriptTypeSerializationHashes: 15.865ms
	Untracked: 2250.942ms

Load Editor
UnityEngine.Debug:ExtractStackTraceNoAlloc (byte*,int,string)
UnityEngine.StackTraceUtility:ExtractStackTrace ()
UnityEngine.DebugLogHandler:Internal_Log (UnityEngine.LogType,UnityEngine.LogOption,string,UnityEngine.Object)
UnityEngine.DebugLogHandler:LogFormat (UnityEngine.LogType,UnityEngine.Object,string,object[])
UnityEngine.Logger:Log (UnityEngine.LogType,object)
UnityEngine.Debug:Log (object)
YG.YandexGame:Message (string) (at Assets/YandexGame/ScriptsYG/YandexGame.cs:133)
YG.YandexGame:LoadEditor () (at Assets/YandexGame/ScriptsYG/Storage/Storage_yg.cs:75)
YG.YandexGame:_LoadProgress () (at Assets/YandexGame/ScriptsYG/Storage/Storage_yg.cs:168)
YG.YandexGame:LoadProgress () (at Assets/YandexGame/ScriptsYG/Storage/Storage_yg.cs:173)
YG.YandexGame:InitCloudStorage () (at Assets/YandexGame/ScriptsYG/Storage/Storage_yg.cs:30)
System.Reflection.RuntimeMethodInfo:Invoke (object,System.Reflection.BindingFlags,System.Reflection.Binder,object[],System.Globalization.CultureInfo)
System.Reflection.MethodBase:Invoke (object,object[])
YG.YandexGame/<>c__DisplayClass37_1:<CallInitBaisYG>b__0 () (at Assets/YandexGame/ScriptsYG/Initialization/InitYGAttribute.cs:32)
YG.YandexGame:CallInitBaisYG () (at Assets/YandexGame/ScriptsYG/Initialization/InitYGAttribute.cs:37)
YG.YandexGame:Awake () (at Assets/YandexGame/ScriptsYG/YandexGame.cs:103)

(Filename: Assets/YandexGame/ScriptsYG/YandexGame.cs Line: 133)

Authorization - True
UnityEngine.Debug:ExtractStackTraceNoAlloc (byte*,int,string)
UnityEngine.StackTraceUtility:ExtractStackTrace ()
UnityEngine.DebugLogHandler:Internal_Log (UnityEngine.LogType,UnityEngine.LogOption,string,UnityEngine.Object)
UnityEngine.DebugLogHandler:LogFormat (UnityEngine.LogType,UnityEngine.Object,string,object[])
UnityEngine.Logger:Log (UnityEngine.LogType,object)
UnityEngine.Debug:Log (object)
YG.YandexGame:Message (string) (at Assets/YandexGame/ScriptsYG/YandexGame.cs:133)
YG.YandexGame:SetInitializationSDK (string) (at Assets/YandexGame/ScriptsYG/Authorization/Auth_yg.cs:113)
YG.YandexGame:InitPlayerForEditor () (at Assets/YandexGame/ScriptsYG/Authorization/Auth_yg.cs:62)
YG.YandexGame:InitializationGame () (at Assets/YandexGame/ScriptsYG/Authorization/Auth_yg.cs:31)
System.Reflection.RuntimeMethodInfo:Invoke (object,System.Reflection.BindingFlags,System.Reflection.Binder,object[],System.Globalization.CultureInfo)
System.Reflection.MethodBase:Invoke (object,object[])
YG.YandexGame/<>c__DisplayClass38_1:<CallInitYG>b__0 () (at Assets/YandexGame/ScriptsYG/Initialization/InitYGAttribute.cs:51)
YG.YandexGame:CallInitYG () (at Assets/YandexGame/ScriptsYG/Initialization/InitYGAttribute.cs:56)
YG.YandexGame:Awake () (at Assets/YandexGame/ScriptsYG/YandexGame.cs:104)

(Filename: Assets/YandexGame/ScriptsYG/YandexGame.cs Line: 133)

Get Payments
UnityEngine.Debug:ExtractStackTraceNoAlloc (byte*,int,string)
UnityEngine.StackTraceUtility:ExtractStackTrace ()
UnityEngine.DebugLogHandler:Internal_Log (UnityEngine.LogType,UnityEngine.LogOption,string,UnityEngine.Object)
UnityEngine.DebugLogHandler:LogFormat (UnityEngine.LogType,UnityEngine.Object,string,object[])
UnityEngine.Logger:Log (UnityEngine.LogType,object)
UnityEngine.Debug:Log (object)
YG.YandexGame:Message (string) (at Assets/YandexGame/ScriptsYG/YandexGame.cs:133)
YG.YandexGame:GetPayments () (at Assets/YandexGame/ScriptsYG/Payments/InternalScripts/Payments_yg.cs:49)
YG.YandexGame:Awake () (at Assets/YandexGame/ScriptsYG/YandexGame.cs:105)

(Filename: Assets/YandexGame/ScriptsYG/YandexGame.cs Line: 133)

Loaded scene 'Temp/__Backupscenes/0.backup'
	Deserialize:            14.718 ms
	Integration:            1639.940 ms
	Integration of assets:  0.016 ms
	Thread Wait Time:       0.017 ms
	Total Operation Time:   1654.692 ms
[Licensing::Client] Successfully resolved entitlement details
[Licensing::Client] Successfully resolved entitlement details
OnBeginDrag
UnityEngine.Debug:ExtractStackTraceNoAlloc (byte*,int,string)
UnityEngine.StackTraceUtility:ExtractStackTrace ()
UnityEngine.DebugLogHandler:Internal_Log (UnityEngine.LogType,UnityEngine.LogOption,string,UnityEngine.Object)
UnityEngine.DebugLogHandler:LogFormat (UnityEngine.LogType,UnityEngine.Object,string,object[])
UnityEngine.Logger:Log (UnityEngine.LogType,object)
UnityEngine.Debug:Log (object)
InventoryItem:OnBeginDrag (UnityEngine.EventSystems.PointerEventData) (at Assets/InventoryItem.cs:30)
UnityEngine.EventSystems.ExecuteEvents:Execute (UnityEngine.EventSystems.IBeginDragHandler,UnityEngine.EventSystems.BaseEventData) (at ./Library/PackageCache/com.unity.ugui@1c4864518158/Runtime/UGUI/EventSystem/ExecuteEvents.cs:71)
UnityEngine.EventSystems.ExecuteEvents:Execute<UnityEngine.EventSystems.IBeginDragHandler> (UnityEngine.GameObject,UnityEngine.EventSystems.BaseEventData,UnityEngine.EventSystems.ExecuteEvents/EventFunction`1<UnityEngine.EventSystems.IBeginDragHandler>) (at ./Library/PackageCache/com.unity.ugui@1c4864518158/Runtime/UGUI/EventSystem/ExecuteEvents.cs:272)
UnityEngine.InputSystem.UI.InputSystemUIInputModule:ProcessPointerButtonDrag (UnityEngine.InputSystem.UI.PointerModel/ButtonState&,UnityEngine.InputSystem.UI.ExtendedPointerEventData) (at ./Library/PackageCache/com.unity.inputsystem@7a4e1a2a8194/InputSystem/Runtime/Plugins/UI/InputSystemUIInputModule.cs:764)
UnityEngine.InputSystem.UI.InputSystemUIInputModule:ProcessPointer (UnityEngine.InputSystem.UI.PointerModel&) (at ./Library/PackageCache/com.unity.inputsystem@7a4e1a2a8194/InputSystem/Runtime/Plugins/UI/InputSystemUIInputModule.cs:487)
UnityEngine.InputSystem.UI.InputSystemUIInputModule:Process () (at ./Library/PackageCache/com.unity.inputsystem@7a4e1a2a8194/InputSystem/Runtime/Plugins/UI/InputSystemUIInputModule.cs:2405)
UnityEngine.EventSystems.EventSystem:Update () (at ./Library/PackageCache/com.unity.ugui@1c4864518158/Runtime/UGUI/EventSystem/EventSystem.cs:516)

(Filename: Assets/InventoryItem.cs Line: 30)

OnDrag
UnityEngine.Debug:ExtractStackTraceNoAlloc (byte*,int,string)
UnityEngine.StackTraceUtility:ExtractStackTrace ()
UnityEngine.DebugLogHandler:Internal_Log (UnityEngine.LogType,UnityEngine.LogOption,string,UnityEngine.Object)
UnityEngine.DebugLogHandler:LogFormat (UnityEngine.LogType,UnityEngine.Object,string,object[])
UnityEngine.Logger:Log (UnityEngine.LogType,object)
UnityEngine.Debug:Log (object)
InventoryItem:OnDrag (UnityEngine.EventSystems.PointerEventData) (at Assets/InventoryItem.cs:80)
UnityEngine.EventSystems.ExecuteEvents:Execute (UnityEngine.EventSystems.IDragHandler,UnityEngine.EventSystems.BaseEventData) (at ./Library/PackageCache/com.unity.ugui@1c4864518158/Runtime/UGUI/EventSystem/ExecuteEvents.cs:78)
UnityEngine.EventSystems.ExecuteEvents:Execute<UnityEngine.EventSystems.IDragHandler> (UnityEngine.GameObject,UnityEngine.EventSystems.BaseEventData,UnityEngine.EventSystems.ExecuteEvents/EventFunction`1<UnityEngine.EventSystems.IDragHandler>) (at ./Library/PackageCache/com.unity.ugui@1c4864518158/Runtime/UGUI/EventSystem/ExecuteEvents.cs:272)
UnityEngine.InputSystem.UI.InputSystemUIInputModule:ProcessPointerButtonDrag (UnityEngine.InputSystem.UI.PointerModel/ButtonState&,UnityEngine.InputSystem.UI.ExtendedPointerEventData) (at ./Library/PackageCache/com.unity.inputsystem@7a4e1a2a8194/InputSystem/Runtime/Plugins/UI/InputSystemUIInputModule.cs:781)
UnityEngine.InputSystem.UI.InputSystemUIInputModule:ProcessPointer (UnityEngine.InputSystem.UI.PointerModel&) (at ./Library/PackageCache/com.unity.inputsystem@7a4e1a2a8194/InputSystem/Runtime/Plugins/UI/InputSystemUIInputModule.cs:487)
UnityEngine.InputSystem.UI.InputSystemUIInputModule:Process () (at ./Library/PackageCache/com.unity.inputsystem@7a4e1a2a8194/InputSystem/Runtime/Plugins/UI/InputSystemUIInputModule.cs:2405)
UnityEngine.EventSystems.EventSystem:Update () (at ./Library/PackageCache/com.unity.ugui@1c4864518158/Runtime/UGUI/EventSystem/EventSystem.cs:516)

(Filename: Assets/InventoryItem.cs Line: 80)

OnDrag
UnityEngine.Debug:ExtractStackTraceNoAlloc (byte*,int,string)
UnityEngine.StackTraceUtility:ExtractStackTrace ()
UnityEngine.DebugLogHandler:Internal_Log (UnityEngine.LogType,UnityEngine.LogOption,string,UnityEngine.Object)
UnityEngine.DebugLogHandler:LogFormat (UnityEngine.LogType,UnityEngine.Object,string,object[])
UnityEngine.Logger:Log (UnityEngine.LogType,object)
UnityEngine.Debug:Log (object)
InventoryItem:OnDrag (UnityEngine.EventSystems.PointerEventData) (at Assets/InventoryItem.cs:80)
UnityEngine.EventSystems.ExecuteEvents:Execute (UnityEngine.EventSystems.IDragHandler,UnityEngine.EventSystems.BaseEventData) (at ./Library/PackageCache/com.unity.ugui@1c4864518158/Runtime/UGUI/EventSystem/ExecuteEvents.cs:78)
UnityEngine.EventSystems.ExecuteEvents:Execute<UnityEngine.EventSystems.IDragHandler> (UnityEngine.GameObject,UnityEngine.EventSystems.BaseEventData,UnityEngine.EventSystems.ExecuteEvents/EventFunction`1<UnityEngine.EventSystems.IDragHandler>) (at ./Library/PackageCache/com.unity.ugui@1c4864518158/Runtime/UGUI/EventSystem/ExecuteEvents.cs:272)
UnityEngine.InputSystem.UI.InputSystemUIInputModule:ProcessPointerButtonDrag (UnityEngine.InputSystem.UI.PointerModel/ButtonState&,UnityEngine.InputSystem.UI.ExtendedPointerEventData) (at ./Library/PackageCache/com.unity.inputsystem@7a4e1a2a8194/InputSystem/Runtime/Plugins/UI/InputSystemUIInputModule.cs:781)
UnityEngine.InputSystem.UI.InputSystemUIInputModule:ProcessPointer (UnityEngine.InputSystem.UI.PointerModel&) (at ./Library/PackageCache/com.unity.inputsystem@7a4e1a2a8194/InputSystem/Runtime/Plugins/UI/InputSystemUIInputModule.cs:487)
UnityEngine.InputSystem.UI.InputSystemUIInputModule:Process () (at ./Library/PackageCache/com.unity.inputsystem@7a4e1a2a8194/InputSystem/Runtime/Plugins/UI/InputSystemUIInputModule.cs:2405)
UnityEngine.EventSystems.EventSystem:Update () (at ./Library/PackageCache/com.unity.ugui@1c4864518158/Runtime/UGUI/EventSystem/EventSystem.cs:516)

(Filename: Assets/InventoryItem.cs Line: 80)

OnDrag
UnityEngine.Debug:ExtractStackTraceNoAlloc (byte*,int,string)
UnityEngine.StackTraceUtility:ExtractStackTrace ()
UnityEngine.DebugLogHandler:Internal_Log (UnityEngine.LogType,UnityEngine.LogOption,string,UnityEngine.Object)
UnityEngine.DebugLogHandler:LogFormat (UnityEngine.LogType,UnityEngine.Object,string,object[])
UnityEngine.Logger:Log (UnityEngine.LogType,object)
UnityEngine.Debug:Log (object)
InventoryItem:OnDrag (UnityEngine.EventSystems.PointerEventData) (at Assets/InventoryItem.cs:80)
UnityEngine.EventSystems.ExecuteEvents:Execute (UnityEngine.EventSystems.IDragHandler,UnityEngine.EventSystems.BaseEventData) (at ./Library/PackageCache/com.unity.ugui@1c4864518158/Runtime/UGUI/EventSystem/ExecuteEvents.cs:78)
UnityEngine.EventSystems.ExecuteEvents:Execute<UnityEngine.EventSystems.IDragHandler> (UnityEngine.GameObject,UnityEngine.EventSystems.BaseEventData,UnityEngine.EventSystems.ExecuteEvents/EventFunction`1<UnityEngine.EventSystems.IDragHandler>) (at ./Library/PackageCache/com.unity.ugui@1c4864518158/Runtime/UGUI/EventSystem/ExecuteEvents.cs:272)
UnityEngine.InputSystem.UI.InputSystemUIInputModule:ProcessPointerButtonDrag (UnityEngine.InputSystem.UI.PointerModel/ButtonState&,UnityEngine.InputSystem.UI.ExtendedPointerEventData) (at ./Library/PackageCache/com.unity.inputsystem@7a4e1a2a8194/InputSystem/Runtime/Plugins/UI/InputSystemUIInputModule.cs:781)
UnityEngine.InputSystem.UI.InputSystemUIInputModule:ProcessPointer (UnityEngine.InputSystem.UI.PointerModel&) (at ./Library/PackageCache/com.unity.inputsystem@7a4e1a2a8194/InputSystem/Runtime/Plugins/UI/InputSystemUIInputModule.cs:487)
UnityEngine.InputSystem.UI.InputSystemUIInputModule:Process () (at ./Library/PackageCache/com.unity.inputsystem@7a4e1a2a8194/InputSystem/Runtime/Plugins/UI/InputSystemUIInputModule.cs:2405)
UnityEngine.EventSystems.EventSystem:Update () (at ./Library/PackageCache/com.unity.ugui@1c4864518158/Runtime/UGUI/EventSystem/EventSystem.cs:516)

(Filename: Assets/InventoryItem.cs Line: 80)

OnDrag
UnityEngine.Debug:ExtractStackTraceNoAlloc (byte*,int,string)
UnityEngine.StackTraceUtility:ExtractStackTrace ()
UnityEngine.DebugLogHandler:Internal_Log (UnityEngine.LogType,UnityEngine.LogOption,string,UnityEngine.Object)
UnityEngine.DebugLogHandler:LogFormat (UnityEngine.LogType,UnityEngine.Object,string,object[])
UnityEngine.Logger:Log (UnityEngine.LogType,object)
UnityEngine.Debug:Log (object)
InventoryItem:OnDrag (UnityEngine.EventSystems.PointerEventData) (at Assets/InventoryItem.cs:80)
UnityEngine.EventSystems.ExecuteEvents:Execute (UnityEngine.EventSystems.IDragHandler,UnityEngine.EventSystems.BaseEventData) (at ./Library/PackageCache/com.unity.ugui@1c4864518158/Runtime/UGUI/EventSystem/ExecuteEvents.cs:78)
UnityEngine.EventSystems.ExecuteEvents:Execute<UnityEngine.EventSystems.IDragHandler> (UnityEngine.GameObject,UnityEngine.EventSystems.BaseEventData,UnityEngine.EventSystems.ExecuteEvents/EventFunction`1<UnityEngine.EventSystems.IDragHandler>) (at ./Library/PackageCache/com.unity.ugui@1c4864518158/Runtime/UGUI/EventSystem/ExecuteEvents.cs:272)
UnityEngine.InputSystem.UI.InputSystemUIInputModule:ProcessPointerButtonDrag (UnityEngine.InputSystem.UI.PointerModel/ButtonState&,UnityEngine.InputSystem.UI.ExtendedPointerEventData) (at ./Library/PackageCache/com.unity.inputsystem@7a4e1a2a8194/InputSystem/Runtime/Plugins/UI/InputSystemUIInputModule.cs:781)
UnityEngine.InputSystem.UI.InputSystemUIInputModule:ProcessPointer (UnityEngine.InputSystem.UI.PointerModel&) (at ./Library/PackageCache/com.unity.inputsystem@7a4e1a2a8194/InputSystem/Runtime/Plugins/UI/InputSystemUIInputModule.cs:487)
UnityEngine.InputSystem.UI.InputSystemUIInputModule:Process () (at ./Library/PackageCache/com.unity.inputsystem@7a4e1a2a8194/InputSystem/Runtime/Plugins/UI/InputSystemUIInputModule.cs:2405)
UnityEngine.EventSystems.EventSystem:Update () (at ./Library/PackageCache/com.unity.ugui@1c4864518158/Runtime/UGUI/EventSystem/EventSystem.cs:516)

(Filename: Assets/InventoryItem.cs Line: 80)

OnDrag
UnityEngine.Debug:ExtractStackTraceNoAlloc (byte*,int,string)
UnityEngine.StackTraceUtility:ExtractStackTrace ()
UnityEngine.DebugLogHandler:Internal_Log (UnityEngine.LogType,UnityEngine.LogOption,string,UnityEngine.Object)
UnityEngine.DebugLogHandler:LogFormat (UnityEngine.LogType,UnityEngine.Object,string,object[])
UnityEngine.Logger:Log (UnityEngine.LogType,object)
UnityEngine.Debug:Log (object)
InventoryItem:OnDrag (UnityEngine.EventSystems.PointerEventData) (at Assets/InventoryItem.cs:80)
UnityEngine.EventSystems.ExecuteEvents:Execute (UnityEngine.EventSystems.IDragHandler,UnityEngine.EventSystems.BaseEventData) (at ./Library/PackageCache/com.unity.ugui@1c4864518158/Runtime/UGUI/EventSystem/ExecuteEvents.cs:78)
UnityEngine.EventSystems.ExecuteEvents:Execute<UnityEngine.EventSystems.IDragHandler> (UnityEngine.GameObject,UnityEngine.EventSystems.BaseEventData,UnityEngine.EventSystems.ExecuteEvents/EventFunction`1<UnityEngine.EventSystems.IDragHandler>) (at ./Library/PackageCache/com.unity.ugui@1c4864518158/Runtime/UGUI/EventSystem/ExecuteEvents.cs:272)
UnityEngine.InputSystem.UI.InputSystemUIInputModule:ProcessPointerButtonDrag (UnityEngine.InputSystem.UI.PointerModel/ButtonState&,UnityEngine.InputSystem.UI.ExtendedPointerEventData) (at ./Library/PackageCache/com.unity.inputsystem@7a4e1a2a8194/InputSystem/Runtime/Plugins/UI/InputSystemUIInputModule.cs:781)
UnityEngine.InputSystem.UI.InputSystemUIInputModule:ProcessPointer (UnityEngine.InputSystem.UI.PointerModel&) (at ./Library/PackageCache/com.unity.inputsystem@7a4e1a2a8194/InputSystem/Runtime/Plugins/UI/InputSystemUIInputModule.cs:487)
UnityEngine.InputSystem.UI.InputSystemUIInputModule:Process () (at ./Library/PackageCache/com.unity.inputsystem@7a4e1a2a8194/InputSystem/Runtime/Plugins/UI/InputSystemUIInputModule.cs:2405)
UnityEngine.EventSystems.EventSystem:Update () (at ./Library/PackageCache/com.unity.ugui@1c4864518158/Runtime/UGUI/EventSystem/EventSystem.cs:516)

(Filename: Assets/InventoryItem.cs Line: 80)

OnDrag
UnityEngine.Debug:ExtractStackTraceNoAlloc (byte*,int,string)
UnityEngine.StackTraceUtility:ExtractStackTrace ()
UnityEngine.DebugLogHandler:Internal_Log (UnityEngine.LogType,UnityEngine.LogOption,string,UnityEngine.Object)
UnityEngine.DebugLogHandler:LogFormat (UnityEngine.LogType,UnityEngine.Object,string,object[])
UnityEngine.Logger:Log (UnityEngine.LogType,object)
UnityEngine.Debug:Log (object)
InventoryItem:OnDrag (UnityEngine.EventSystems.PointerEventData) (at Assets/InventoryItem.cs:80)
UnityEngine.EventSystems.ExecuteEvents:Execute (UnityEngine.EventSystems.IDragHandler,UnityEngine.EventSystems.BaseEventData) (at ./Library/PackageCache/com.unity.ugui@1c4864518158/Runtime/UGUI/EventSystem/ExecuteEvents.cs:78)
UnityEngine.EventSystems.ExecuteEvents:Execute<UnityEngine.EventSystems.IDragHandler> (UnityEngine.GameObject,UnityEngine.EventSystems.BaseEventData,UnityEngine.EventSystems.ExecuteEvents/EventFunction`1<UnityEngine.EventSystems.IDragHandler>) (at ./Library/PackageCache/com.unity.ugui@1c4864518158/Runtime/UGUI/EventSystem/ExecuteEvents.cs:272)
UnityEngine.InputSystem.UI.InputSystemUIInputModule:ProcessPointerButtonDrag (UnityEngine.InputSystem.UI.PointerModel/ButtonState&,UnityEngine.InputSystem.UI.ExtendedPointerEventData) (at ./Library/PackageCache/com.unity.inputsystem@7a4e1a2a8194/InputSystem/Runtime/Plugins/UI/InputSystemUIInputModule.cs:781)
UnityEngine.InputSystem.UI.InputSystemUIInputModule:ProcessPointer (UnityEngine.InputSystem.UI.PointerModel&) (at ./Library/PackageCache/com.unity.inputsystem@7a4e1a2a8194/InputSystem/Runtime/Plugins/UI/InputSystemUIInputModule.cs:487)
UnityEngine.InputSystem.UI.InputSystemUIInputModule:Process () (at ./Library/PackageCache/com.unity.inputsystem@7a4e1a2a8194/InputSystem/Runtime/Plugins/UI/InputSystemUIInputModule.cs:2405)
UnityEngine.EventSystems.EventSystem:Update () (at ./Library/PackageCache/com.unity.ugui@1c4864518158/Runtime/UGUI/EventSystem/EventSystem.cs:516)

(Filename: Assets/InventoryItem.cs Line: 80)

OnDrag
UnityEngine.Debug:ExtractStackTraceNoAlloc (byte*,int,string)
UnityEngine.StackTraceUtility:ExtractStackTrace ()
UnityEngine.DebugLogHandler:Internal_Log (UnityEngine.LogType,UnityEngine.LogOption,string,UnityEngine.Object)
UnityEngine.DebugLogHandler:LogFormat (UnityEngine.LogType,UnityEngine.Object,string,object[])
UnityEngine.Logger:Log (UnityEngine.LogType,object)
UnityEngine.Debug:Log (object)
InventoryItem:OnDrag (UnityEngine.EventSystems.PointerEventData) (at Assets/InventoryItem.cs:80)
UnityEngine.EventSystems.ExecuteEvents:Execute (UnityEngine.EventSystems.IDragHandler,UnityEngine.EventSystems.BaseEventData) (at ./Library/PackageCache/com.unity.ugui@1c4864518158/Runtime/UGUI/EventSystem/ExecuteEvents.cs:78)
UnityEngine.EventSystems.ExecuteEvents:Execute<UnityEngine.EventSystems.IDragHandler> (UnityEngine.GameObject,UnityEngine.EventSystems.BaseEventData,UnityEngine.EventSystems.ExecuteEvents/EventFunction`1<UnityEngine.EventSystems.IDragHandler>) (at ./Library/PackageCache/com.unity.ugui@1c4864518158/Runtime/UGUI/EventSystem/ExecuteEvents.cs:272)
UnityEngine.InputSystem.UI.InputSystemUIInputModule:ProcessPointerButtonDrag (UnityEngine.InputSystem.UI.PointerModel/ButtonState&,UnityEngine.InputSystem.UI.ExtendedPointerEventData) (at ./Library/PackageCache/com.unity.inputsystem@7a4e1a2a8194/InputSystem/Runtime/Plugins/UI/InputSystemUIInputModule.cs:781)
UnityEngine.InputSystem.UI.InputSystemUIInputModule:ProcessPointer (UnityEngine.InputSystem.UI.PointerModel&) (at ./Library/PackageCache/com.unity.inputsystem@7a4e1a2a8194/InputSystem/Runtime/Plugins/UI/InputSystemUIInputModule.cs:487)
UnityEngine.InputSystem.UI.InputSystemUIInputModule:Process () (at ./Library/PackageCache/com.unity.inputsystem@7a4e1a2a8194/InputSystem/Runtime/Plugins/UI/InputSystemUIInputModule.cs:2405)
UnityEngine.EventSystems.EventSystem:Update () (at ./Library/PackageCache/com.unity.ugui@1c4864518158/Runtime/UGUI/EventSystem/EventSystem.cs:516)

(Filename: Assets/InventoryItem.cs Line: 80)

OnDrag
UnityEngine.Debug:ExtractStackTraceNoAlloc (byte*,int,string)
UnityEngine.StackTraceUtility:ExtractStackTrace ()
UnityEngine.DebugLogHandler:Internal_Log (UnityEngine.LogType,UnityEngine.LogOption,string,UnityEngine.Object)
UnityEngine.DebugLogHandler:LogFormat (UnityEngine.LogType,UnityEngine.Object,string,object[])
UnityEngine.Logger:Log (UnityEngine.LogType,object)
UnityEngine.Debug:Log (object)
InventoryItem:OnDrag (UnityEngine.EventSystems.PointerEventData) (at Assets/InventoryItem.cs:80)
UnityEngine.EventSystems.ExecuteEvents:Execute (UnityEngine.EventSystems.IDragHandler,UnityEngine.EventSystems.BaseEventData) (at ./Library/PackageCache/com.unity.ugui@1c4864518158/Runtime/UGUI/EventSystem/ExecuteEvents.cs:78)
UnityEngine.EventSystems.ExecuteEvents:Execute<UnityEngine.EventSystems.IDragHandler> (UnityEngine.GameObject,UnityEngine.EventSystems.BaseEventData,UnityEngine.EventSystems.ExecuteEvents/EventFunction`1<UnityEngine.EventSystems.IDragHandler>) (at ./Library/PackageCache/com.unity.ugui@1c4864518158/Runtime/UGUI/EventSystem/ExecuteEvents.cs:272)
UnityEngine.InputSystem.UI.InputSystemUIInputModule:ProcessPointerButtonDrag (UnityEngine.InputSystem.UI.PointerModel/ButtonState&,UnityEngine.InputSystem.UI.ExtendedPointerEventData) (at ./Library/PackageCache/com.unity.inputsystem@7a4e1a2a8194/InputSystem/Runtime/Plugins/UI/InputSystemUIInputModule.cs:781)
UnityEngine.InputSystem.UI.InputSystemUIInputModule:ProcessPointer (UnityEngine.InputSystem.UI.PointerModel&) (at ./Library/PackageCache/com.unity.inputsystem@7a4e1a2a8194/InputSystem/Runtime/Plugins/UI/InputSystemUIInputModule.cs:487)
UnityEngine.InputSystem.UI.InputSystemUIInputModule:Process () (at ./Library/PackageCache/com.unity.inputsystem@7a4e1a2a8194/InputSystem/Runtime/Plugins/UI/InputSystemUIInputModule.cs:2405)
UnityEngine.EventSystems.EventSystem:Update () (at ./Library/PackageCache/com.unity.ugui@1c4864518158/Runtime/UGUI/EventSystem/EventSystem.cs:516)

(Filename: Assets/InventoryItem.cs Line: 80)

OnDrag
UnityEngine.Debug:ExtractStackTraceNoAlloc (byte*,int,string)
UnityEngine.StackTraceUtility:ExtractStackTrace ()
UnityEngine.DebugLogHandler:Internal_Log (UnityEngine.LogType,UnityEngine.LogOption,string,UnityEngine.Object)
UnityEngine.DebugLogHandler:LogFormat (UnityEngine.LogType,UnityEngine.Object,string,object[])
UnityEngine.Logger:Log (UnityEngine.LogType,object)
UnityEngine.Debug:Log (object)
InventoryItem:OnDrag (UnityEngine.EventSystems.PointerEventData) (at Assets/InventoryItem.cs:80)
UnityEngine.EventSystems.ExecuteEvents:Execute (UnityEngine.EventSystems.IDragHandler,UnityEngine.EventSystems.BaseEventData) (at ./Library/PackageCache/com.unity.ugui@1c4864518158/Runtime/UGUI/EventSystem/ExecuteEvents.cs:78)
UnityEngine.EventSystems.ExecuteEvents:Execute<UnityEngine.EventSystems.IDragHandler> (UnityEngine.GameObject,UnityEngine.EventSystems.BaseEventData,UnityEngine.EventSystems.ExecuteEvents/EventFunction`1<UnityEngine.EventSystems.IDragHandler>) (at ./Library/PackageCache/com.unity.ugui@1c4864518158/Runtime/UGUI/EventSystem/ExecuteEvents.cs:272)
UnityEngine.InputSystem.UI.InputSystemUIInputModule:ProcessPointerButtonDrag (UnityEngine.InputSystem.UI.PointerModel/ButtonState&,UnityEngine.InputSystem.UI.ExtendedPointerEventData) (at ./Library/PackageCache/com.unity.inputsystem@7a4e1a2a8194/InputSystem/Runtime/Plugins/UI/InputSystemUIInputModule.cs:781)
UnityEngine.InputSystem.UI.InputSystemUIInputModule:ProcessPointer (UnityEngine.InputSystem.UI.PointerModel&) (at ./Library/PackageCache/com.unity.inputsystem@7a4e1a2a8194/InputSystem/Runtime/Plugins/UI/InputSystemUIInputModule.cs:487)
UnityEngine.InputSystem.UI.InputSystemUIInputModule:Process () (at ./Library/PackageCache/com.unity.inputsystem@7a4e1a2a8194/InputSystem/Runtime/Plugins/UI/InputSystemUIInputModule.cs:2405)
UnityEngine.EventSystems.EventSystem:Update () (at ./Library/PackageCache/com.unity.ugui@1c4864518158/Runtime/UGUI/EventSystem/EventSystem.cs:516)

(Filename: Assets/InventoryItem.cs Line: 80)

OnDrag
UnityEngine.Debug:ExtractStackTraceNoAlloc (byte*,int,string)
UnityEngine.StackTraceUtility:ExtractStackTrace ()
UnityEngine.DebugLogHandler:Internal_Log (UnityEngine.LogType,UnityEngine.LogOption,string,UnityEngine.Object)
UnityEngine.DebugLogHandler:LogFormat (UnityEngine.LogType,UnityEngine.Object,string,object[])
UnityEngine.Logger:Log (UnityEngine.LogType,object)
UnityEngine.Debug:Log (object)
InventoryItem:OnDrag (UnityEngine.EventSystems.PointerEventData) (at Assets/InventoryItem.cs:80)
UnityEngine.EventSystems.ExecuteEvents:Execute (UnityEngine.EventSystems.IDragHandler,UnityEngine.EventSystems.BaseEventData) (at ./Library/PackageCache/com.unity.ugui@1c4864518158/Runtime/UGUI/EventSystem/ExecuteEvents.cs:78)
UnityEngine.EventSystems.ExecuteEvents:Execute<UnityEngine.EventSystems.IDragHandler> (UnityEngine.GameObject,UnityEngine.EventSystems.BaseEventData,UnityEngine.EventSystems.ExecuteEvents/EventFunction`1<UnityEngine.EventSystems.IDragHandler>) (at ./Library/PackageCache/com.unity.ugui@1c4864518158/Runtime/UGUI/EventSystem/ExecuteEvents.cs:272)
UnityEngine.InputSystem.UI.InputSystemUIInputModule:ProcessPointerButtonDrag (UnityEngine.InputSystem.UI.PointerModel/ButtonState&,UnityEngine.InputSystem.UI.ExtendedPointerEventData) (at ./Library/PackageCache/com.unity.inputsystem@7a4e1a2a8194/InputSystem/Runtime/Plugins/UI/InputSystemUIInputModule.cs:781)
UnityEngine.InputSystem.UI.InputSystemUIInputModule:ProcessPointer (UnityEngine.InputSystem.UI.PointerModel&) (at ./Library/PackageCache/com.unity.inputsystem@7a4e1a2a8194/InputSystem/Runtime/Plugins/UI/InputSystemUIInputModule.cs:487)
UnityEngine.InputSystem.UI.InputSystemUIInputModule:Process () (at ./Library/PackageCache/com.unity.inputsystem@7a4e1a2a8194/InputSystem/Runtime/Plugins/UI/InputSystemUIInputModule.cs:2405)
UnityEngine.EventSystems.EventSystem:Update () (at ./Library/PackageCache/com.unity.ugui@1c4864518158/Runtime/UGUI/EventSystem/EventSystem.cs:516)

(Filename: Assets/InventoryItem.cs Line: 80)

OnDrag
UnityEngine.Debug:ExtractStackTraceNoAlloc (byte*,int,string)
UnityEngine.StackTraceUtility:ExtractStackTrace ()
UnityEngine.DebugLogHandler:Internal_Log (UnityEngine.LogType,UnityEngine.LogOption,string,UnityEngine.Object)
UnityEngine.DebugLogHandler:LogFormat (UnityEngine.LogType,UnityEngine.Object,string,object[])
UnityEngine.Logger:Log (UnityEngine.LogType,object)
UnityEngine.Debug:Log (object)
InventoryItem:OnDrag (UnityEngine.EventSystems.PointerEventData) (at Assets/InventoryItem.cs:80)
UnityEngine.EventSystems.ExecuteEvents:Execute (UnityEngine.EventSystems.IDragHandler,UnityEngine.EventSystems.BaseEventData) (at ./Library/PackageCache/com.unity.ugui@1c4864518158/Runtime/UGUI/EventSystem/ExecuteEvents.cs:78)
UnityEngine.EventSystems.ExecuteEvents:Execute<UnityEngine.EventSystems.IDragHandler> (UnityEngine.GameObject,UnityEngine.EventSystems.BaseEventData,UnityEngine.EventSystems.ExecuteEvents/EventFunction`1<UnityEngine.EventSystems.IDragHandler>) (at ./Library/PackageCache/com.unity.ugui@1c4864518158/Runtime/UGUI/EventSystem/ExecuteEvents.cs:272)
UnityEngine.InputSystem.UI.InputSystemUIInputModule:ProcessPointerButtonDrag (UnityEngine.InputSystem.UI.PointerModel/ButtonState&,UnityEngine.InputSystem.UI.ExtendedPointerEventData) (at ./Library/PackageCache/com.unity.inputsystem@7a4e1a2a8194/InputSystem/Runtime/Plugins/UI/InputSystemUIInputModule.cs:781)
UnityEngine.InputSystem.UI.InputSystemUIInputModule:ProcessPointer (UnityEngine.InputSystem.UI.PointerModel&) (at ./Library/PackageCache/com.unity.inputsystem@7a4e1a2a8194/InputSystem/Runtime/Plugins/UI/InputSystemUIInputModule.cs:487)
UnityEngine.InputSystem.UI.InputSystemUIInputModule:Process () (at ./Library/PackageCache/com.unity.inputsystem@7a4e1a2a8194/InputSystem/Runtime/Plugins/UI/InputSystemUIInputModule.cs:2405)
UnityEngine.EventSystems.EventSystem:Update () (at ./Library/PackageCache/com.unity.ugui@1c4864518158/Runtime/UGUI/EventSystem/EventSystem.cs:516)

(Filename: Assets/InventoryItem.cs Line: 80)

OnDrag
UnityEngine.Debug:ExtractStackTraceNoAlloc (byte*,int,string)
UnityEngine.StackTraceUtility:ExtractStackTrace ()
UnityEngine.DebugLogHandler:Internal_Log (UnityEngine.LogType,UnityEngine.LogOption,string,UnityEngine.Object)
UnityEngine.DebugLogHandler:LogFormat (UnityEngine.LogType,UnityEngine.Object,string,object[])
UnityEngine.Logger:Log (UnityEngine.LogType,object)
UnityEngine.Debug:Log (object)
InventoryItem:OnDrag (UnityEngine.EventSystems.PointerEventData) (at Assets/InventoryItem.cs:80)
UnityEngine.EventSystems.ExecuteEvents:Execute (UnityEngine.EventSystems.IDragHandler,UnityEngine.EventSystems.BaseEventData) (at ./Library/PackageCache/com.unity.ugui@1c4864518158/Runtime/UGUI/EventSystem/ExecuteEvents.cs:78)
UnityEngine.EventSystems.ExecuteEvents:Execute<UnityEngine.EventSystems.IDragHandler> (UnityEngine.GameObject,UnityEngine.EventSystems.BaseEventData,UnityEngine.EventSystems.ExecuteEvents/EventFunction`1<UnityEngine.EventSystems.IDragHandler>) (at ./Library/PackageCache/com.unity.ugui@1c4864518158/Runtime/UGUI/EventSystem/ExecuteEvents.cs:272)
UnityEngine.InputSystem.UI.InputSystemUIInputModule:ProcessPointerButtonDrag (UnityEngine.InputSystem.UI.PointerModel/ButtonState&,UnityEngine.InputSystem.UI.ExtendedPointerEventData) (at ./Library/PackageCache/com.unity.inputsystem@7a4e1a2a8194/InputSystem/Runtime/Plugins/UI/InputSystemUIInputModule.cs:781)
UnityEngine.InputSystem.UI.InputSystemUIInputModule:ProcessPointer (UnityEngine.InputSystem.UI.PointerModel&) (at ./Library/PackageCache/com.unity.inputsystem@7a4e1a2a8194/InputSystem/Runtime/Plugins/UI/InputSystemUIInputModule.cs:487)
UnityEngine.InputSystem.UI.InputSystemUIInputModule:Process () (at ./Library/PackageCache/com.unity.inputsystem@7a4e1a2a8194/InputSystem/Runtime/Plugins/UI/InputSystemUIInputModule.cs:2405)
UnityEngine.EventSystems.EventSystem:Update () (at ./Library/PackageCache/com.unity.ugui@1c4864518158/Runtime/UGUI/EventSystem/EventSystem.cs:516)

(Filename: Assets/InventoryItem.cs Line: 80)

OnDrag
UnityEngine.Debug:ExtractStackTraceNoAlloc (byte*,int,string)
UnityEngine.StackTraceUtility:ExtractStackTrace ()
UnityEngine.DebugLogHandler:Internal_Log (UnityEngine.LogType,UnityEngine.LogOption,string,UnityEngine.Object)
UnityEngine.DebugLogHandler:LogFormat (UnityEngine.LogType,UnityEngine.Object,string,object[])
UnityEngine.Logger:Log (UnityEngine.LogType,object)
UnityEngine.Debug:Log (object)
InventoryItem:OnDrag (UnityEngine.EventSystems.PointerEventData) (at Assets/InventoryItem.cs:80)
UnityEngine.EventSystems.ExecuteEvents:Execute (UnityEngine.EventSystems.IDragHandler,UnityEngine.EventSystems.BaseEventData) (at ./Library/PackageCache/com.unity.ugui@1c4864518158/Runtime/UGUI/EventSystem/ExecuteEvents.cs:78)
UnityEngine.EventSystems.ExecuteEvents:Execute<UnityEngine.EventSystems.IDragHandler> (UnityEngine.GameObject,UnityEngine.EventSystems.BaseEventData,UnityEngine.EventSystems.ExecuteEvents/EventFunction`1<UnityEngine.EventSystems.IDragHandler>) (at ./Library/PackageCache/com.unity.ugui@1c4864518158/Runtime/UGUI/EventSystem/ExecuteEvents.cs:272)
UnityEngine.InputSystem.UI.InputSystemUIInputModule:ProcessPointerButtonDrag (UnityEngine.InputSystem.UI.PointerModel/ButtonState&,UnityEngine.InputSystem.UI.ExtendedPointerEventData) (at ./Library/PackageCache/com.unity.inputsystem@7a4e1a2a8194/InputSystem/Runtime/Plugins/UI/InputSystemUIInputModule.cs:781)
UnityEngine.InputSystem.UI.InputSystemUIInputModule:ProcessPointer (UnityEngine.InputSystem.UI.PointerModel&) (at ./Library/PackageCache/com.unity.inputsystem@7a4e1a2a8194/InputSystem/Runtime/Plugins/UI/InputSystemUIInputModule.cs:487)
UnityEngine.InputSystem.UI.InputSystemUIInputModule:Process () (at ./Library/PackageCache/com.unity.inputsystem@7a4e1a2a8194/InputSystem/Runtime/Plugins/UI/InputSystemUIInputModule.cs:2405)
UnityEngine.EventSystems.EventSystem:Update () (at ./Library/PackageCache/com.unity.ugui@1c4864518158/Runtime/UGUI/EventSystem/EventSystem.cs:516)

(Filename: Assets/InventoryItem.cs Line: 80)

OnDrag
UnityEngine.Debug:ExtractStackTraceNoAlloc (byte*,int,string)
UnityEngine.StackTraceUtility:ExtractStackTrace ()
UnityEngine.DebugLogHandler:Internal_Log (UnityEngine.LogType,UnityEngine.LogOption,string,UnityEngine.Object)
UnityEngine.DebugLogHandler:LogFormat (UnityEngine.LogType,UnityEngine.Object,string,object[])
UnityEngine.Logger:Log (UnityEngine.LogType,object)
UnityEngine.Debug:Log (object)
InventoryItem:OnDrag (UnityEngine.EventSystems.PointerEventData) (at Assets/InventoryItem.cs:80)
UnityEngine.EventSystems.ExecuteEvents:Execute (UnityEngine.EventSystems.IDragHandler,UnityEngine.EventSystems.BaseEventData) (at ./Library/PackageCache/com.unity.ugui@1c4864518158/Runtime/UGUI/EventSystem/ExecuteEvents.cs:78)
UnityEngine.EventSystems.ExecuteEvents:Execute<UnityEngine.EventSystems.IDragHandler> (UnityEngine.GameObject,UnityEngine.EventSystems.BaseEventData,UnityEngine.EventSystems.ExecuteEvents/EventFunction`1<UnityEngine.EventSystems.IDragHandler>) (at ./Library/PackageCache/com.unity.ugui@1c4864518158/Runtime/UGUI/EventSystem/ExecuteEvents.cs:272)
UnityEngine.InputSystem.UI.InputSystemUIInputModule:ProcessPointerButtonDrag (UnityEngine.InputSystem.UI.PointerModel/ButtonState&,UnityEngine.InputSystem.UI.ExtendedPointerEventData) (at ./Library/PackageCache/com.unity.inputsystem@7a4e1a2a8194/InputSystem/Runtime/Plugins/UI/InputSystemUIInputModule.cs:781)
UnityEngine.InputSystem.UI.InputSystemUIInputModule:ProcessPointer (UnityEngine.InputSystem.UI.PointerModel&) (at ./Library/PackageCache/com.unity.inputsystem@7a4e1a2a8194/InputSystem/Runtime/Plugins/UI/InputSystemUIInputModule.cs:487)
UnityEngine.InputSystem.UI.InputSystemUIInputModule:Process () (at ./Library/PackageCache/com.unity.inputsystem@7a4e1a2a8194/InputSystem/Runtime/Plugins/UI/InputSystemUIInputModule.cs:2405)
UnityEngine.EventSystems.EventSystem:Update () (at ./Library/PackageCache/com.unity.ugui@1c4864518158/Runtime/UGUI/EventSystem/EventSystem.cs:516)

(Filename: Assets/InventoryItem.cs Line: 80)

OnDrag
UnityEngine.Debug:ExtractStackTraceNoAlloc (byte*,int,string)
UnityEngine.StackTraceUtility:ExtractStackTrace ()
UnityEngine.DebugLogHandler:Internal_Log (UnityEngine.LogType,UnityEngine.LogOption,string,UnityEngine.Object)
UnityEngine.DebugLogHandler:LogFormat (UnityEngine.LogType,UnityEngine.Object,string,object[])
UnityEngine.Logger:Log (UnityEngine.LogType,object)
UnityEngine.Debug:Log (object)
InventoryItem:OnDrag (UnityEngine.EventSystems.PointerEventData) (at Assets/InventoryItem.cs:80)
UnityEngine.EventSystems.ExecuteEvents:Execute (UnityEngine.EventSystems.IDragHandler,UnityEngine.EventSystems.BaseEventData) (at ./Library/PackageCache/com.unity.ugui@1c4864518158/Runtime/UGUI/EventSystem/ExecuteEvents.cs:78)
UnityEngine.EventSystems.ExecuteEvents:Execute<UnityEngine.EventSystems.IDragHandler> (UnityEngine.GameObject,UnityEngine.EventSystems.BaseEventData,UnityEngine.EventSystems.ExecuteEvents/EventFunction`1<UnityEngine.EventSystems.IDragHandler>) (at ./Library/PackageCache/com.unity.ugui@1c4864518158/Runtime/UGUI/EventSystem/ExecuteEvents.cs:272)
UnityEngine.InputSystem.UI.InputSystemUIInputModule:ProcessPointerButtonDrag (UnityEngine.InputSystem.UI.PointerModel/ButtonState&,UnityEngine.InputSystem.UI.ExtendedPointerEventData) (at ./Library/PackageCache/com.unity.inputsystem@7a4e1a2a8194/InputSystem/Runtime/Plugins/UI/InputSystemUIInputModule.cs:781)
UnityEngine.InputSystem.UI.InputSystemUIInputModule:ProcessPointer (UnityEngine.InputSystem.UI.PointerModel&) (at ./Library/PackageCache/com.unity.inputsystem@7a4e1a2a8194/InputSystem/Runtime/Plugins/UI/InputSystemUIInputModule.cs:487)
UnityEngine.InputSystem.UI.InputSystemUIInputModule:Process () (at ./Library/PackageCache/com.unity.inputsystem@7a4e1a2a8194/InputSystem/Runtime/Plugins/UI/InputSystemUIInputModule.cs:2405)
UnityEngine.EventSystems.EventSystem:Update () (at ./Library/PackageCache/com.unity.ugui@1c4864518158/Runtime/UGUI/EventSystem/EventSystem.cs:516)

(Filename: Assets/InventoryItem.cs Line: 80)

OnDrag
UnityEngine.Debug:ExtractStackTraceNoAlloc (byte*,int,string)
UnityEngine.StackTraceUtility:ExtractStackTrace ()
UnityEngine.DebugLogHandler:Internal_Log (UnityEngine.LogType,UnityEngine.LogOption,string,UnityEngine.Object)
UnityEngine.DebugLogHandler:LogFormat (UnityEngine.LogType,UnityEngine.Object,string,object[])
UnityEngine.Logger:Log (UnityEngine.LogType,object)
UnityEngine.Debug:Log (object)
InventoryItem:OnDrag (UnityEngine.EventSystems.PointerEventData) (at Assets/InventoryItem.cs:80)
UnityEngine.EventSystems.ExecuteEvents:Execute (UnityEngine.EventSystems.IDragHandler,UnityEngine.EventSystems.BaseEventData) (at ./Library/PackageCache/com.unity.ugui@1c4864518158/Runtime/UGUI/EventSystem/ExecuteEvents.cs:78)
UnityEngine.EventSystems.ExecuteEvents:Execute<UnityEngine.EventSystems.IDragHandler> (UnityEngine.GameObject,UnityEngine.EventSystems.BaseEventData,UnityEngine.EventSystems.ExecuteEvents/EventFunction`1<UnityEngine.EventSystems.IDragHandler>) (at ./Library/PackageCache/com.unity.ugui@1c4864518158/Runtime/UGUI/EventSystem/ExecuteEvents.cs:272)
UnityEngine.InputSystem.UI.InputSystemUIInputModule:ProcessPointerButtonDrag (UnityEngine.InputSystem.UI.PointerModel/ButtonState&,UnityEngine.InputSystem.UI.ExtendedPointerEventData) (at ./Library/PackageCache/com.unity.inputsystem@7a4e1a2a8194/InputSystem/Runtime/Plugins/UI/InputSystemUIInputModule.cs:781)
UnityEngine.InputSystem.UI.InputSystemUIInputModule:ProcessPointer (UnityEngine.InputSystem.UI.PointerModel&) (at ./Library/PackageCache/com.unity.inputsystem@7a4e1a2a8194/InputSystem/Runtime/Plugins/UI/InputSystemUIInputModule.cs:487)
UnityEngine.InputSystem.UI.InputSystemUIInputModule:Process () (at ./Library/PackageCache/com.unity.inputsystem@7a4e1a2a8194/InputSystem/Runtime/Plugins/UI/InputSystemUIInputModule.cs:2405)
UnityEngine.EventSystems.EventSystem:Update () (at ./Library/PackageCache/com.unity.ugui@1c4864518158/Runtime/UGUI/EventSystem/EventSystem.cs:516)

(Filename: Assets/InventoryItem.cs Line: 80)

OnDrag
UnityEngine.Debug:ExtractStackTraceNoAlloc (byte*,int,string)
UnityEngine.StackTraceUtility:ExtractStackTrace ()
UnityEngine.DebugLogHandler:Internal_Log (UnityEngine.LogType,UnityEngine.LogOption,string,UnityEngine.Object)
UnityEngine.DebugLogHandler:LogFormat (UnityEngine.LogType,UnityEngine.Object,string,object[])
UnityEngine.Logger:Log (UnityEngine.LogType,object)
UnityEngine.Debug:Log (object)
InventoryItem:OnDrag (UnityEngine.EventSystems.PointerEventData) (at Assets/InventoryItem.cs:80)
UnityEngine.EventSystems.ExecuteEvents:Execute (UnityEngine.EventSystems.IDragHandler,UnityEngine.EventSystems.BaseEventData) (at ./Library/PackageCache/com.unity.ugui@1c4864518158/Runtime/UGUI/EventSystem/ExecuteEvents.cs:78)
UnityEngine.EventSystems.ExecuteEvents:Execute<UnityEngine.EventSystems.IDragHandler> (UnityEngine.GameObject,UnityEngine.EventSystems.BaseEventData,UnityEngine.EventSystems.ExecuteEvents/EventFunction`1<UnityEngine.EventSystems.IDragHandler>) (at ./Library/PackageCache/com.unity.ugui@1c4864518158/Runtime/UGUI/EventSystem/ExecuteEvents.cs:272)
UnityEngine.InputSystem.UI.InputSystemUIInputModule:ProcessPointerButtonDrag (UnityEngine.InputSystem.UI.PointerModel/ButtonState&,UnityEngine.InputSystem.UI.ExtendedPointerEventData) (at ./Library/PackageCache/com.unity.inputsystem@7a4e1a2a8194/InputSystem/Runtime/Plugins/UI/InputSystemUIInputModule.cs:781)
UnityEngine.InputSystem.UI.InputSystemUIInputModule:ProcessPointer (UnityEngine.InputSystem.UI.PointerModel&) (at ./Library/PackageCache/com.unity.inputsystem@7a4e1a2a8194/InputSystem/Runtime/Plugins/UI/InputSystemUIInputModule.cs:487)
UnityEngine.InputSystem.UI.InputSystemUIInputModule:Process () (at ./Library/PackageCache/com.unity.inputsystem@7a4e1a2a8194/InputSystem/Runtime/Plugins/UI/InputSystemUIInputModule.cs:2405)
UnityEngine.EventSystems.EventSystem:Update () (at ./Library/PackageCache/com.unity.ugui@1c4864518158/Runtime/UGUI/EventSystem/EventSystem.cs:516)

(Filename: Assets/InventoryItem.cs Line: 80)

OnDrag
UnityEngine.Debug:ExtractStackTraceNoAlloc (byte*,int,string)
UnityEngine.StackTraceUtility:ExtractStackTrace ()
UnityEngine.DebugLogHandler:Internal_Log (UnityEngine.LogType,UnityEngine.LogOption,string,UnityEngine.Object)
UnityEngine.DebugLogHandler:LogFormat (UnityEngine.LogType,UnityEngine.Object,string,object[])
UnityEngine.Logger:Log (UnityEngine.LogType,object)
UnityEngine.Debug:Log (object)
InventoryItem:OnDrag (UnityEngine.EventSystems.PointerEventData) (at Assets/InventoryItem.cs:80)
UnityEngine.EventSystems.ExecuteEvents:Execute (UnityEngine.EventSystems.IDragHandler,UnityEngine.EventSystems.BaseEventData) (at ./Library/PackageCache/com.unity.ugui@1c4864518158/Runtime/UGUI/EventSystem/ExecuteEvents.cs:78)
UnityEngine.EventSystems.ExecuteEvents:Execute<UnityEngine.EventSystems.IDragHandler> (UnityEngine.GameObject,UnityEngine.EventSystems.BaseEventData,UnityEngine.EventSystems.ExecuteEvents/EventFunction`1<UnityEngine.EventSystems.IDragHandler>) (at ./Library/PackageCache/com.unity.ugui@1c4864518158/Runtime/UGUI/EventSystem/ExecuteEvents.cs:272)
UnityEngine.InputSystem.UI.InputSystemUIInputModule:ProcessPointerButtonDrag (UnityEngine.InputSystem.UI.PointerModel/ButtonState&,UnityEngine.InputSystem.UI.ExtendedPointerEventData) (at ./Library/PackageCache/com.unity.inputsystem@7a4e1a2a8194/InputSystem/Runtime/Plugins/UI/InputSystemUIInputModule.cs:781)
UnityEngine.InputSystem.UI.InputSystemUIInputModule:ProcessPointer (UnityEngine.InputSystem.UI.PointerModel&) (at ./Library/PackageCache/com.unity.inputsystem@7a4e1a2a8194/InputSystem/Runtime/Plugins/UI/InputSystemUIInputModule.cs:487)
UnityEngine.InputSystem.UI.InputSystemUIInputModule:Process () (at ./Library/PackageCache/com.unity.inputsystem@7a4e1a2a8194/InputSystem/Runtime/Plugins/UI/InputSystemUIInputModule.cs:2405)
UnityEngine.EventSystems.EventSystem:Update () (at ./Library/PackageCache/com.unity.ugui@1c4864518158/Runtime/UGUI/EventSystem/EventSystem.cs:516)

(Filename: Assets/InventoryItem.cs Line: 80)

OnDrag
UnityEngine.Debug:ExtractStackTraceNoAlloc (byte*,int,string)
UnityEngine.StackTraceUtility:ExtractStackTrace ()
UnityEngine.DebugLogHandler:Internal_Log (UnityEngine.LogType,UnityEngine.LogOption,string,UnityEngine.Object)
UnityEngine.DebugLogHandler:LogFormat (UnityEngine.LogType,UnityEngine.Object,string,object[])
UnityEngine.Logger:Log (UnityEngine.LogType,object)
UnityEngine.Debug:Log (object)
InventoryItem:OnDrag (UnityEngine.EventSystems.PointerEventData) (at Assets/InventoryItem.cs:80)
UnityEngine.EventSystems.ExecuteEvents:Execute (UnityEngine.EventSystems.IDragHandler,UnityEngine.EventSystems.BaseEventData) (at ./Library/PackageCache/com.unity.ugui@1c4864518158/Runtime/UGUI/EventSystem/ExecuteEvents.cs:78)
UnityEngine.EventSystems.ExecuteEvents:Execute<UnityEngine.EventSystems.IDragHandler> (UnityEngine.GameObject,UnityEngine.EventSystems.BaseEventData,UnityEngine.EventSystems.ExecuteEvents/EventFunction`1<UnityEngine.EventSystems.IDragHandler>) (at ./Library/PackageCache/com.unity.ugui@1c4864518158/Runtime/UGUI/EventSystem/ExecuteEvents.cs:272)
UnityEngine.InputSystem.UI.InputSystemUIInputModule:ProcessPointerButtonDrag (UnityEngine.InputSystem.UI.PointerModel/ButtonState&,UnityEngine.InputSystem.UI.ExtendedPointerEventData) (at ./Library/PackageCache/com.unity.inputsystem@7a4e1a2a8194/InputSystem/Runtime/Plugins/UI/InputSystemUIInputModule.cs:781)
UnityEngine.InputSystem.UI.InputSystemUIInputModule:ProcessPointer (UnityEngine.InputSystem.UI.PointerModel&) (at ./Library/PackageCache/com.unity.inputsystem@7a4e1a2a8194/InputSystem/Runtime/Plugins/UI/InputSystemUIInputModule.cs:487)
UnityEngine.InputSystem.UI.InputSystemUIInputModule:Process () (at ./Library/PackageCache/com.unity.inputsystem@7a4e1a2a8194/InputSystem/Runtime/Plugins/UI/InputSystemUIInputModule.cs:2405)
UnityEngine.EventSystems.EventSystem:Update () (at ./Library/PackageCache/com.unity.ugui@1c4864518158/Runtime/UGUI/EventSystem/EventSystem.cs:516)

(Filename: Assets/InventoryItem.cs Line: 80)

OnDrag
UnityEngine.Debug:ExtractStackTraceNoAlloc (byte*,int,string)
UnityEngine.StackTraceUtility:ExtractStackTrace ()
UnityEngine.DebugLogHandler:Internal_Log (UnityEngine.LogType,UnityEngine.LogOption,string,UnityEngine.Object)
UnityEngine.DebugLogHandler:LogFormat (UnityEngine.LogType,UnityEngine.Object,string,object[])
UnityEngine.Logger:Log (UnityEngine.LogType,object)
UnityEngine.Debug:Log (object)
InventoryItem:OnDrag (UnityEngine.EventSystems.PointerEventData) (at Assets/InventoryItem.cs:80)
UnityEngine.EventSystems.ExecuteEvents:Execute (UnityEngine.EventSystems.IDragHandler,UnityEngine.EventSystems.BaseEventData) (at ./Library/PackageCache/com.unity.ugui@1c4864518158/Runtime/UGUI/EventSystem/ExecuteEvents.cs:78)
UnityEngine.EventSystems.ExecuteEvents:Execute<UnityEngine.EventSystems.IDragHandler> (UnityEngine.GameObject,UnityEngine.EventSystems.BaseEventData,UnityEngine.EventSystems.ExecuteEvents/EventFunction`1<UnityEngine.EventSystems.IDragHandler>) (at ./Library/PackageCache/com.unity.ugui@1c4864518158/Runtime/UGUI/EventSystem/ExecuteEvents.cs:272)
UnityEngine.InputSystem.UI.InputSystemUIInputModule:ProcessPointerButtonDrag (UnityEngine.InputSystem.UI.PointerModel/ButtonState&,UnityEngine.InputSystem.UI.ExtendedPointerEventData) (at ./Library/PackageCache/com.unity.inputsystem@7a4e1a2a8194/InputSystem/Runtime/Plugins/UI/InputSystemUIInputModule.cs:781)
UnityEngine.InputSystem.UI.InputSystemUIInputModule:ProcessPointer (UnityEngine.InputSystem.UI.PointerModel&) (at ./Library/PackageCache/com.unity.inputsystem@7a4e1a2a8194/InputSystem/Runtime/Plugins/UI/InputSystemUIInputModule.cs:487)
UnityEngine.InputSystem.UI.InputSystemUIInputModule:Process () (at ./Library/PackageCache/com.unity.inputsystem@7a4e1a2a8194/InputSystem/Runtime/Plugins/UI/InputSystemUIInputModule.cs:2405)
UnityEngine.EventSystems.EventSystem:Update () (at ./Library/PackageCache/com.unity.ugui@1c4864518158/Runtime/UGUI/EventSystem/EventSystem.cs:516)

(Filename: Assets/InventoryItem.cs Line: 80)

OnDrag
UnityEngine.Debug:ExtractStackTraceNoAlloc (byte*,int,string)
UnityEngine.StackTraceUtility:ExtractStackTrace ()
UnityEngine.DebugLogHandler:Internal_Log (UnityEngine.LogType,UnityEngine.LogOption,string,UnityEngine.Object)
UnityEngine.DebugLogHandler:LogFormat (UnityEngine.LogType,UnityEngine.Object,string,object[])
UnityEngine.Logger:Log (UnityEngine.LogType,object)
UnityEngine.Debug:Log (object)
InventoryItem:OnDrag (UnityEngine.EventSystems.PointerEventData) (at Assets/InventoryItem.cs:80)
UnityEngine.EventSystems.ExecuteEvents:Execute (UnityEngine.EventSystems.IDragHandler,UnityEngine.EventSystems.BaseEventData) (at ./Library/PackageCache/com.unity.ugui@1c4864518158/Runtime/UGUI/EventSystem/ExecuteEvents.cs:78)
UnityEngine.EventSystems.ExecuteEvents:Execute<UnityEngine.EventSystems.IDragHandler> (UnityEngine.GameObject,UnityEngine.EventSystems.BaseEventData,UnityEngine.EventSystems.ExecuteEvents/EventFunction`1<UnityEngine.EventSystems.IDragHandler>) (at ./Library/PackageCache/com.unity.ugui@1c4864518158/Runtime/UGUI/EventSystem/ExecuteEvents.cs:272)
UnityEngine.InputSystem.UI.InputSystemUIInputModule:ProcessPointerButtonDrag (UnityEngine.InputSystem.UI.PointerModel/ButtonState&,UnityEngine.InputSystem.UI.ExtendedPointerEventData) (at ./Library/PackageCache/com.unity.inputsystem@7a4e1a2a8194/InputSystem/Runtime/Plugins/UI/InputSystemUIInputModule.cs:781)
UnityEngine.InputSystem.UI.InputSystemUIInputModule:ProcessPointer (UnityEngine.InputSystem.UI.PointerModel&) (at ./Library/PackageCache/com.unity.inputsystem@7a4e1a2a8194/InputSystem/Runtime/Plugins/UI/InputSystemUIInputModule.cs:487)
UnityEngine.InputSystem.UI.InputSystemUIInputModule:Process () (at ./Library/PackageCache/com.unity.inputsystem@7a4e1a2a8194/InputSystem/Runtime/Plugins/UI/InputSystemUIInputModule.cs:2405)
UnityEngine.EventSystems.EventSystem:Update () (at ./Library/PackageCache/com.unity.ugui@1c4864518158/Runtime/UGUI/EventSystem/EventSystem.cs:516)

(Filename: Assets/InventoryItem.cs Line: 80)

OnDrag
UnityEngine.Debug:ExtractStackTraceNoAlloc (byte*,int,string)
UnityEngine.StackTraceUtility:ExtractStackTrace ()
UnityEngine.DebugLogHandler:Internal_Log (UnityEngine.LogType,UnityEngine.LogOption,string,UnityEngine.Object)
UnityEngine.DebugLogHandler:LogFormat (UnityEngine.LogType,UnityEngine.Object,string,object[])
UnityEngine.Logger:Log (UnityEngine.LogType,object)
UnityEngine.Debug:Log (object)
InventoryItem:OnDrag (UnityEngine.EventSystems.PointerEventData) (at Assets/InventoryItem.cs:80)
UnityEngine.EventSystems.ExecuteEvents:Execute (UnityEngine.EventSystems.IDragHandler,UnityEngine.EventSystems.BaseEventData) (at ./Library/PackageCache/com.unity.ugui@1c4864518158/Runtime/UGUI/EventSystem/ExecuteEvents.cs:78)
UnityEngine.EventSystems.ExecuteEvents:Execute<UnityEngine.EventSystems.IDragHandler> (UnityEngine.GameObject,UnityEngine.EventSystems.BaseEventData,UnityEngine.EventSystems.ExecuteEvents/EventFunction`1<UnityEngine.EventSystems.IDragHandler>) (at ./Library/PackageCache/com.unity.ugui@1c4864518158/Runtime/UGUI/EventSystem/ExecuteEvents.cs:272)
UnityEngine.InputSystem.UI.InputSystemUIInputModule:ProcessPointerButtonDrag (UnityEngine.InputSystem.UI.PointerModel/ButtonState&,UnityEngine.InputSystem.UI.ExtendedPointerEventData) (at ./Library/PackageCache/com.unity.inputsystem@7a4e1a2a8194/InputSystem/Runtime/Plugins/UI/InputSystemUIInputModule.cs:781)
UnityEngine.InputSystem.UI.InputSystemUIInputModule:ProcessPointer (UnityEngine.InputSystem.UI.PointerModel&) (at ./Library/PackageCache/com.unity.inputsystem@7a4e1a2a8194/InputSystem/Runtime/Plugins/UI/InputSystemUIInputModule.cs:487)
UnityEngine.InputSystem.UI.InputSystemUIInputModule:Process () (at ./Library/PackageCache/com.unity.inputsystem@7a4e1a2a8194/InputSystem/Runtime/Plugins/UI/InputSystemUIInputModule.cs:2405)
UnityEngine.EventSystems.EventSystem:Update () (at ./Library/PackageCache/com.unity.ugui@1c4864518158/Runtime/UGUI/EventSystem/EventSystem.cs:516)

(Filename: Assets/InventoryItem.cs Line: 80)

OnDrag
UnityEngine.Debug:ExtractStackTraceNoAlloc (byte*,int,string)
UnityEngine.StackTraceUtility:ExtractStackTrace ()
UnityEngine.DebugLogHandler:Internal_Log (UnityEngine.LogType,UnityEngine.LogOption,string,UnityEngine.Object)
UnityEngine.DebugLogHandler:LogFormat (UnityEngine.LogType,UnityEngine.Object,string,object[])
UnityEngine.Logger:Log (UnityEngine.LogType,object)
UnityEngine.Debug:Log (object)
InventoryItem:OnDrag (UnityEngine.EventSystems.PointerEventData) (at Assets/InventoryItem.cs:80)
UnityEngine.EventSystems.ExecuteEvents:Execute (UnityEngine.EventSystems.IDragHandler,UnityEngine.EventSystems.BaseEventData) (at ./Library/PackageCache/com.unity.ugui@1c4864518158/Runtime/UGUI/EventSystem/ExecuteEvents.cs:78)
UnityEngine.EventSystems.ExecuteEvents:Execute<UnityEngine.EventSystems.IDragHandler> (UnityEngine.GameObject,UnityEngine.EventSystems.BaseEventData,UnityEngine.EventSystems.ExecuteEvents/EventFunction`1<UnityEngine.EventSystems.IDragHandler>) (at ./Library/PackageCache/com.unity.ugui@1c4864518158/Runtime/UGUI/EventSystem/ExecuteEvents.cs:272)
UnityEngine.InputSystem.UI.InputSystemUIInputModule:ProcessPointerButtonDrag (UnityEngine.InputSystem.UI.PointerModel/ButtonState&,UnityEngine.InputSystem.UI.ExtendedPointerEventData) (at ./Library/PackageCache/com.unity.inputsystem@7a4e1a2a8194/InputSystem/Runtime/Plugins/UI/InputSystemUIInputModule.cs:781)
UnityEngine.InputSystem.UI.InputSystemUIInputModule:ProcessPointer (UnityEngine.InputSystem.UI.PointerModel&) (at ./Library/PackageCache/com.unity.inputsystem@7a4e1a2a8194/InputSystem/Runtime/Plugins/UI/InputSystemUIInputModule.cs:487)
UnityEngine.InputSystem.UI.InputSystemUIInputModule:Process () (at ./Library/PackageCache/com.unity.inputsystem@7a4e1a2a8194/InputSystem/Runtime/Plugins/UI/InputSystemUIInputModule.cs:2405)
UnityEngine.EventSystems.EventSystem:Update () (at ./Library/PackageCache/com.unity.ugui@1c4864518158/Runtime/UGUI/EventSystem/EventSystem.cs:516)

(Filename: Assets/InventoryItem.cs Line: 80)

OnDrag
UnityEngine.Debug:ExtractStackTraceNoAlloc (byte*,int,string)
UnityEngine.StackTraceUtility:ExtractStackTrace ()
UnityEngine.DebugLogHandler:Internal_Log (UnityEngine.LogType,UnityEngine.LogOption,string,UnityEngine.Object)
UnityEngine.DebugLogHandler:LogFormat (UnityEngine.LogType,UnityEngine.Object,string,object[])
UnityEngine.Logger:Log (UnityEngine.LogType,object)
UnityEngine.Debug:Log (object)
InventoryItem:OnDrag (UnityEngine.EventSystems.PointerEventData) (at Assets/InventoryItem.cs:80)
UnityEngine.EventSystems.ExecuteEvents:Execute (UnityEngine.EventSystems.IDragHandler,UnityEngine.EventSystems.BaseEventData) (at ./Library/PackageCache/com.unity.ugui@1c4864518158/Runtime/UGUI/EventSystem/ExecuteEvents.cs:78)
UnityEngine.EventSystems.ExecuteEvents:Execute<UnityEngine.EventSystems.IDragHandler> (UnityEngine.GameObject,UnityEngine.EventSystems.BaseEventData,UnityEngine.EventSystems.ExecuteEvents/EventFunction`1<UnityEngine.EventSystems.IDragHandler>) (at ./Library/PackageCache/com.unity.ugui@1c4864518158/Runtime/UGUI/EventSystem/ExecuteEvents.cs:272)
UnityEngine.InputSystem.UI.InputSystemUIInputModule:ProcessPointerButtonDrag (UnityEngine.InputSystem.UI.PointerModel/ButtonState&,UnityEngine.InputSystem.UI.ExtendedPointerEventData) (at ./Library/PackageCache/com.unity.inputsystem@7a4e1a2a8194/InputSystem/Runtime/Plugins/UI/InputSystemUIInputModule.cs:781)
UnityEngine.InputSystem.UI.InputSystemUIInputModule:ProcessPointer (UnityEngine.InputSystem.UI.PointerModel&) (at ./Library/PackageCache/com.unity.inputsystem@7a4e1a2a8194/InputSystem/Runtime/Plugins/UI/InputSystemUIInputModule.cs:487)
UnityEngine.InputSystem.UI.InputSystemUIInputModule:Process () (at ./Library/PackageCache/com.unity.inputsystem@7a4e1a2a8194/InputSystem/Runtime/Plugins/UI/InputSystemUIInputModule.cs:2405)
UnityEngine.EventSystems.EventSystem:Update () (at ./Library/PackageCache/com.unity.ugui@1c4864518158/Runtime/UGUI/EventSystem/EventSystem.cs:516)

(Filename: Assets/InventoryItem.cs Line: 80)

OnDrag
UnityEngine.Debug:ExtractStackTraceNoAlloc (byte*,int,string)
UnityEngine.StackTraceUtility:ExtractStackTrace ()
UnityEngine.DebugLogHandler:Internal_Log (UnityEngine.LogType,UnityEngine.LogOption,string,UnityEngine.Object)
UnityEngine.DebugLogHandler:LogFormat (UnityEngine.LogType,UnityEngine.Object,string,object[])
UnityEngine.Logger:Log (UnityEngine.LogType,object)
UnityEngine.Debug:Log (object)
InventoryItem:OnDrag (UnityEngine.EventSystems.PointerEventData) (at Assets/InventoryItem.cs:80)
UnityEngine.EventSystems.ExecuteEvents:Execute (UnityEngine.EventSystems.IDragHandler,UnityEngine.EventSystems.BaseEventData) (at ./Library/PackageCache/com.unity.ugui@1c4864518158/Runtime/UGUI/EventSystem/ExecuteEvents.cs:78)
UnityEngine.EventSystems.ExecuteEvents:Execute<UnityEngine.EventSystems.IDragHandler> (UnityEngine.GameObject,UnityEngine.EventSystems.BaseEventData,UnityEngine.EventSystems.ExecuteEvents/EventFunction`1<UnityEngine.EventSystems.IDragHandler>) (at ./Library/PackageCache/com.unity.ugui@1c4864518158/Runtime/UGUI/EventSystem/ExecuteEvents.cs:272)
UnityEngine.InputSystem.UI.InputSystemUIInputModule:ProcessPointerButtonDrag (UnityEngine.InputSystem.UI.PointerModel/ButtonState&,UnityEngine.InputSystem.UI.ExtendedPointerEventData) (at ./Library/PackageCache/com.unity.inputsystem@7a4e1a2a8194/InputSystem/Runtime/Plugins/UI/InputSystemUIInputModule.cs:781)
UnityEngine.InputSystem.UI.InputSystemUIInputModule:ProcessPointer (UnityEngine.InputSystem.UI.PointerModel&) (at ./Library/PackageCache/com.unity.inputsystem@7a4e1a2a8194/InputSystem/Runtime/Plugins/UI/InputSystemUIInputModule.cs:487)
UnityEngine.InputSystem.UI.InputSystemUIInputModule:Process () (at ./Library/PackageCache/com.unity.inputsystem@7a4e1a2a8194/InputSystem/Runtime/Plugins/UI/InputSystemUIInputModule.cs:2405)
UnityEngine.EventSystems.EventSystem:Update () (at ./Library/PackageCache/com.unity.ugui@1c4864518158/Runtime/UGUI/EventSystem/EventSystem.cs:516)

(Filename: Assets/InventoryItem.cs Line: 80)

OnDrag
UnityEngine.Debug:ExtractStackTraceNoAlloc (byte*,int,string)
UnityEngine.StackTraceUtility:ExtractStackTrace ()
UnityEngine.DebugLogHandler:Internal_Log (UnityEngine.LogType,UnityEngine.LogOption,string,UnityEngine.Object)
UnityEngine.DebugLogHandler:LogFormat (UnityEngine.LogType,UnityEngine.Object,string,object[])
UnityEngine.Logger:Log (UnityEngine.LogType,object)
UnityEngine.Debug:Log (object)
InventoryItem:OnDrag (UnityEngine.EventSystems.PointerEventData) (at Assets/InventoryItem.cs:80)
UnityEngine.EventSystems.ExecuteEvents:Execute (UnityEngine.EventSystems.IDragHandler,UnityEngine.EventSystems.BaseEventData) (at ./Library/PackageCache/com.unity.ugui@1c4864518158/Runtime/UGUI/EventSystem/ExecuteEvents.cs:78)
UnityEngine.EventSystems.ExecuteEvents:Execute<UnityEngine.EventSystems.IDragHandler> (UnityEngine.GameObject,UnityEngine.EventSystems.BaseEventData,UnityEngine.EventSystems.ExecuteEvents/EventFunction`1<UnityEngine.EventSystems.IDragHandler>) (at ./Library/PackageCache/com.unity.ugui@1c4864518158/Runtime/UGUI/EventSystem/ExecuteEvents.cs:272)
UnityEngine.InputSystem.UI.InputSystemUIInputModule:ProcessPointerButtonDrag (UnityEngine.InputSystem.UI.PointerModel/ButtonState&,UnityEngine.InputSystem.UI.ExtendedPointerEventData) (at ./Library/PackageCache/com.unity.inputsystem@7a4e1a2a8194/InputSystem/Runtime/Plugins/UI/InputSystemUIInputModule.cs:781)
UnityEngine.InputSystem.UI.InputSystemUIInputModule:ProcessPointer (UnityEngine.InputSystem.UI.PointerModel&) (at ./Library/PackageCache/com.unity.inputsystem@7a4e1a2a8194/InputSystem/Runtime/Plugins/UI/InputSystemUIInputModule.cs:487)
UnityEngine.InputSystem.UI.InputSystemUIInputModule:Process () (at ./Library/PackageCache/com.unity.inputsystem@7a4e1a2a8194/InputSystem/Runtime/Plugins/UI/InputSystemUIInputModule.cs:2405)
UnityEngine.EventSystems.EventSystem:Update () (at ./Library/PackageCache/com.unity.ugui@1c4864518158/Runtime/UGUI/EventSystem/EventSystem.cs:516)

(Filename: Assets/InventoryItem.cs Line: 80)

OnDrag
UnityEngine.Debug:ExtractStackTraceNoAlloc (byte*,int,string)
UnityEngine.StackTraceUtility:ExtractStackTrace ()
UnityEngine.DebugLogHandler:Internal_Log (UnityEngine.LogType,UnityEngine.LogOption,string,UnityEngine.Object)
UnityEngine.DebugLogHandler:LogFormat (UnityEngine.LogType,UnityEngine.Object,string,object[])
UnityEngine.Logger:Log (UnityEngine.LogType,object)
UnityEngine.Debug:Log (object)
InventoryItem:OnDrag (UnityEngine.EventSystems.PointerEventData) (at Assets/InventoryItem.cs:80)
UnityEngine.EventSystems.ExecuteEvents:Execute (UnityEngine.EventSystems.IDragHandler,UnityEngine.EventSystems.BaseEventData) (at ./Library/PackageCache/com.unity.ugui@1c4864518158/Runtime/UGUI/EventSystem/ExecuteEvents.cs:78)
UnityEngine.EventSystems.ExecuteEvents:Execute<UnityEngine.EventSystems.IDragHandler> (UnityEngine.GameObject,UnityEngine.EventSystems.BaseEventData,UnityEngine.EventSystems.ExecuteEvents/EventFunction`1<UnityEngine.EventSystems.IDragHandler>) (at ./Library/PackageCache/com.unity.ugui@1c4864518158/Runtime/UGUI/EventSystem/ExecuteEvents.cs:272)
UnityEngine.InputSystem.UI.InputSystemUIInputModule:ProcessPointerButtonDrag (UnityEngine.InputSystem.UI.PointerModel/ButtonState&,UnityEngine.InputSystem.UI.ExtendedPointerEventData) (at ./Library/PackageCache/com.unity.inputsystem@7a4e1a2a8194/InputSystem/Runtime/Plugins/UI/InputSystemUIInputModule.cs:781)
UnityEngine.InputSystem.UI.InputSystemUIInputModule:ProcessPointer (UnityEngine.InputSystem.UI.PointerModel&) (at ./Library/PackageCache/com.unity.inputsystem@7a4e1a2a8194/InputSystem/Runtime/Plugins/UI/InputSystemUIInputModule.cs:487)
UnityEngine.InputSystem.UI.InputSystemUIInputModule:Process () (at ./Library/PackageCache/com.unity.inputsystem@7a4e1a2a8194/InputSystem/Runtime/Plugins/UI/InputSystemUIInputModule.cs:2405)
UnityEngine.EventSystems.EventSystem:Update () (at ./Library/PackageCache/com.unity.ugui@1c4864518158/Runtime/UGUI/EventSystem/EventSystem.cs:516)

(Filename: Assets/InventoryItem.cs Line: 80)

OnDrag
UnityEngine.Debug:ExtractStackTraceNoAlloc (byte*,int,string)
UnityEngine.StackTraceUtility:ExtractStackTrace ()
UnityEngine.DebugLogHandler:Internal_Log (UnityEngine.LogType,UnityEngine.LogOption,string,UnityEngine.Object)
UnityEngine.DebugLogHandler:LogFormat (UnityEngine.LogType,UnityEngine.Object,string,object[])
UnityEngine.Logger:Log (UnityEngine.LogType,object)
UnityEngine.Debug:Log (object)
InventoryItem:OnDrag (UnityEngine.EventSystems.PointerEventData) (at Assets/InventoryItem.cs:80)
UnityEngine.EventSystems.ExecuteEvents:Execute (UnityEngine.EventSystems.IDragHandler,UnityEngine.EventSystems.BaseEventData) (at ./Library/PackageCache/com.unity.ugui@1c4864518158/Runtime/UGUI/EventSystem/ExecuteEvents.cs:78)
UnityEngine.EventSystems.ExecuteEvents:Execute<UnityEngine.EventSystems.IDragHandler> (UnityEngine.GameObject,UnityEngine.EventSystems.BaseEventData,UnityEngine.EventSystems.ExecuteEvents/EventFunction`1<UnityEngine.EventSystems.IDragHandler>) (at ./Library/PackageCache/com.unity.ugui@1c4864518158/Runtime/UGUI/EventSystem/ExecuteEvents.cs:272)
UnityEngine.InputSystem.UI.InputSystemUIInputModule:ProcessPointerButtonDrag (UnityEngine.InputSystem.UI.PointerModel/ButtonState&,UnityEngine.InputSystem.UI.ExtendedPointerEventData) (at ./Library/PackageCache/com.unity.inputsystem@7a4e1a2a8194/InputSystem/Runtime/Plugins/UI/InputSystemUIInputModule.cs:781)
UnityEngine.InputSystem.UI.InputSystemUIInputModule:ProcessPointer (UnityEngine.InputSystem.UI.PointerModel&) (at ./Library/PackageCache/com.unity.inputsystem@7a4e1a2a8194/InputSystem/Runtime/Plugins/UI/InputSystemUIInputModule.cs:487)
UnityEngine.InputSystem.UI.InputSystemUIInputModule:Process () (at ./Library/PackageCache/com.unity.inputsystem@7a4e1a2a8194/InputSystem/Runtime/Plugins/UI/InputSystemUIInputModule.cs:2405)
UnityEngine.EventSystems.EventSystem:Update () (at ./Library/PackageCache/com.unity.ugui@1c4864518158/Runtime/UGUI/EventSystem/EventSystem.cs:516)

(Filename: Assets/InventoryItem.cs Line: 80)

OnDrag
UnityEngine.Debug:ExtractStackTraceNoAlloc (byte*,int,string)
UnityEngine.StackTraceUtility:ExtractStackTrace ()
UnityEngine.DebugLogHandler:Internal_Log (UnityEngine.LogType,UnityEngine.LogOption,string,UnityEngine.Object)
UnityEngine.DebugLogHandler:LogFormat (UnityEngine.LogType,UnityEngine.Object,string,object[])
UnityEngine.Logger:Log (UnityEngine.LogType,object)
UnityEngine.Debug:Log (object)
InventoryItem:OnDrag (UnityEngine.EventSystems.PointerEventData) (at Assets/InventoryItem.cs:80)
UnityEngine.EventSystems.ExecuteEvents:Execute (UnityEngine.EventSystems.IDragHandler,UnityEngine.EventSystems.BaseEventData) (at ./Library/PackageCache/com.unity.ugui@1c4864518158/Runtime/UGUI/EventSystem/ExecuteEvents.cs:78)
UnityEngine.EventSystems.ExecuteEvents:Execute<UnityEngine.EventSystems.IDragHandler> (UnityEngine.GameObject,UnityEngine.EventSystems.BaseEventData,UnityEngine.EventSystems.ExecuteEvents/EventFunction`1<UnityEngine.EventSystems.IDragHandler>) (at ./Library/PackageCache/com.unity.ugui@1c4864518158/Runtime/UGUI/EventSystem/ExecuteEvents.cs:272)
UnityEngine.InputSystem.UI.InputSystemUIInputModule:ProcessPointerButtonDrag (UnityEngine.InputSystem.UI.PointerModel/ButtonState&,UnityEngine.InputSystem.UI.ExtendedPointerEventData) (at ./Library/PackageCache/com.unity.inputsystem@7a4e1a2a8194/InputSystem/Runtime/Plugins/UI/InputSystemUIInputModule.cs:781)
UnityEngine.InputSystem.UI.InputSystemUIInputModule:ProcessPointer (UnityEngine.InputSystem.UI.PointerModel&) (at ./Library/PackageCache/com.unity.inputsystem@7a4e1a2a8194/InputSystem/Runtime/Plugins/UI/InputSystemUIInputModule.cs:487)
UnityEngine.InputSystem.UI.InputSystemUIInputModule:Process () (at ./Library/PackageCache/com.unity.inputsystem@7a4e1a2a8194/InputSystem/Runtime/Plugins/UI/InputSystemUIInputModule.cs:2405)
UnityEngine.EventSystems.EventSystem:Update () (at ./Library/PackageCache/com.unity.ugui@1c4864518158/Runtime/UGUI/EventSystem/EventSystem.cs:516)

(Filename: Assets/InventoryItem.cs Line: 80)

OnDrag
UnityEngine.Debug:ExtractStackTraceNoAlloc (byte*,int,string)
UnityEngine.StackTraceUtility:ExtractStackTrace ()
UnityEngine.DebugLogHandler:Internal_Log (UnityEngine.LogType,UnityEngine.LogOption,string,UnityEngine.Object)
UnityEngine.DebugLogHandler:LogFormat (UnityEngine.LogType,UnityEngine.Object,string,object[])
UnityEngine.Logger:Log (UnityEngine.LogType,object)
UnityEngine.Debug:Log (object)
InventoryItem:OnDrag (UnityEngine.EventSystems.PointerEventData) (at Assets/InventoryItem.cs:80)
UnityEngine.EventSystems.ExecuteEvents:Execute (UnityEngine.EventSystems.IDragHandler,UnityEngine.EventSystems.BaseEventData) (at ./Library/PackageCache/com.unity.ugui@1c4864518158/Runtime/UGUI/EventSystem/ExecuteEvents.cs:78)
UnityEngine.EventSystems.ExecuteEvents:Execute<UnityEngine.EventSystems.IDragHandler> (UnityEngine.GameObject,UnityEngine.EventSystems.BaseEventData,UnityEngine.EventSystems.ExecuteEvents/EventFunction`1<UnityEngine.EventSystems.IDragHandler>) (at ./Library/PackageCache/com.unity.ugui@1c4864518158/Runtime/UGUI/EventSystem/ExecuteEvents.cs:272)
UnityEngine.InputSystem.UI.InputSystemUIInputModule:ProcessPointerButtonDrag (UnityEngine.InputSystem.UI.PointerModel/ButtonState&,UnityEngine.InputSystem.UI.ExtendedPointerEventData) (at ./Library/PackageCache/com.unity.inputsystem@7a4e1a2a8194/InputSystem/Runtime/Plugins/UI/InputSystemUIInputModule.cs:781)
UnityEngine.InputSystem.UI.InputSystemUIInputModule:ProcessPointer (UnityEngine.InputSystem.UI.PointerModel&) (at ./Library/PackageCache/com.unity.inputsystem@7a4e1a2a8194/InputSystem/Runtime/Plugins/UI/InputSystemUIInputModule.cs:487)
UnityEngine.InputSystem.UI.InputSystemUIInputModule:Process () (at ./Library/PackageCache/com.unity.inputsystem@7a4e1a2a8194/InputSystem/Runtime/Plugins/UI/InputSystemUIInputModule.cs:2405)
UnityEngine.EventSystems.EventSystem:Update () (at ./Library/PackageCache/com.unity.ugui@1c4864518158/Runtime/UGUI/EventSystem/EventSystem.cs:516)

(Filename: Assets/InventoryItem.cs Line: 80)

OnDrag
UnityEngine.Debug:ExtractStackTraceNoAlloc (byte*,int,string)
UnityEngine.StackTraceUtility:ExtractStackTrace ()
UnityEngine.DebugLogHandler:Internal_Log (UnityEngine.LogType,UnityEngine.LogOption,string,UnityEngine.Object)
UnityEngine.DebugLogHandler:LogFormat (UnityEngine.LogType,UnityEngine.Object,string,object[])
UnityEngine.Logger:Log (UnityEngine.LogType,object)
UnityEngine.Debug:Log (object)
InventoryItem:OnDrag (UnityEngine.EventSystems.PointerEventData) (at Assets/InventoryItem.cs:80)
UnityEngine.EventSystems.ExecuteEvents:Execute (UnityEngine.EventSystems.IDragHandler,UnityEngine.EventSystems.BaseEventData) (at ./Library/PackageCache/com.unity.ugui@1c4864518158/Runtime/UGUI/EventSystem/ExecuteEvents.cs:78)
UnityEngine.EventSystems.ExecuteEvents:Execute<UnityEngine.EventSystems.IDragHandler> (UnityEngine.GameObject,UnityEngine.EventSystems.BaseEventData,UnityEngine.EventSystems.ExecuteEvents/EventFunction`1<UnityEngine.EventSystems.IDragHandler>) (at ./Library/PackageCache/com.unity.ugui@1c4864518158/Runtime/UGUI/EventSystem/ExecuteEvents.cs:272)
UnityEngine.InputSystem.UI.InputSystemUIInputModule:ProcessPointerButtonDrag (UnityEngine.InputSystem.UI.PointerModel/ButtonState&,UnityEngine.InputSystem.UI.ExtendedPointerEventData) (at ./Library/PackageCache/com.unity.inputsystem@7a4e1a2a8194/InputSystem/Runtime/Plugins/UI/InputSystemUIInputModule.cs:781)
UnityEngine.InputSystem.UI.InputSystemUIInputModule:ProcessPointer (UnityEngine.InputSystem.UI.PointerModel&) (at ./Library/PackageCache/com.unity.inputsystem@7a4e1a2a8194/InputSystem/Runtime/Plugins/UI/InputSystemUIInputModule.cs:487)
UnityEngine.InputSystem.UI.InputSystemUIInputModule:Process () (at ./Library/PackageCache/com.unity.inputsystem@7a4e1a2a8194/InputSystem/Runtime/Plugins/UI/InputSystemUIInputModule.cs:2405)
UnityEngine.EventSystems.EventSystem:Update () (at ./Library/PackageCache/com.unity.ugui@1c4864518158/Runtime/UGUI/EventSystem/EventSystem.cs:516)

(Filename: Assets/InventoryItem.cs Line: 80)

OnDrag
UnityEngine.Debug:ExtractStackTraceNoAlloc (byte*,int,string)
UnityEngine.StackTraceUtility:ExtractStackTrace ()
UnityEngine.DebugLogHandler:Internal_Log (UnityEngine.LogType,UnityEngine.LogOption,string,UnityEngine.Object)
UnityEngine.DebugLogHandler:LogFormat (UnityEngine.LogType,UnityEngine.Object,string,object[])
UnityEngine.Logger:Log (UnityEngine.LogType,object)
UnityEngine.Debug:Log (object)
InventoryItem:OnDrag (UnityEngine.EventSystems.PointerEventData) (at Assets/InventoryItem.cs:80)
UnityEngine.EventSystems.ExecuteEvents:Execute (UnityEngine.EventSystems.IDragHandler,UnityEngine.EventSystems.BaseEventData) (at ./Library/PackageCache/com.unity.ugui@1c4864518158/Runtime/UGUI/EventSystem/ExecuteEvents.cs:78)
UnityEngine.EventSystems.ExecuteEvents:Execute<UnityEngine.EventSystems.IDragHandler> (UnityEngine.GameObject,UnityEngine.EventSystems.BaseEventData,UnityEngine.EventSystems.ExecuteEvents/EventFunction`1<UnityEngine.EventSystems.IDragHandler>) (at ./Library/PackageCache/com.unity.ugui@1c4864518158/Runtime/UGUI/EventSystem/ExecuteEvents.cs:272)
UnityEngine.InputSystem.UI.InputSystemUIInputModule:ProcessPointerButtonDrag (UnityEngine.InputSystem.UI.PointerModel/ButtonState&,UnityEngine.InputSystem.UI.ExtendedPointerEventData) (at ./Library/PackageCache/com.unity.inputsystem@7a4e1a2a8194/InputSystem/Runtime/Plugins/UI/InputSystemUIInputModule.cs:781)
UnityEngine.InputSystem.UI.InputSystemUIInputModule:ProcessPointer (UnityEngine.InputSystem.UI.PointerModel&) (at ./Library/PackageCache/com.unity.inputsystem@7a4e1a2a8194/InputSystem/Runtime/Plugins/UI/InputSystemUIInputModule.cs:487)
UnityEngine.InputSystem.UI.InputSystemUIInputModule:Process () (at ./Library/PackageCache/com.unity.inputsystem@7a4e1a2a8194/InputSystem/Runtime/Plugins/UI/InputSystemUIInputModule.cs:2405)
UnityEngine.EventSystems.EventSystem:Update () (at ./Library/PackageCache/com.unity.ugui@1c4864518158/Runtime/UGUI/EventSystem/EventSystem.cs:516)

(Filename: Assets/InventoryItem.cs Line: 80)

OnDrag
UnityEngine.Debug:ExtractStackTraceNoAlloc (byte*,int,string)
UnityEngine.StackTraceUtility:ExtractStackTrace ()
UnityEngine.DebugLogHandler:Internal_Log (UnityEngine.LogType,UnityEngine.LogOption,string,UnityEngine.Object)
UnityEngine.DebugLogHandler:LogFormat (UnityEngine.LogType,UnityEngine.Object,string,object[])
UnityEngine.Logger:Log (UnityEngine.LogType,object)
UnityEngine.Debug:Log (object)
InventoryItem:OnDrag (UnityEngine.EventSystems.PointerEventData) (at Assets/InventoryItem.cs:80)
UnityEngine.EventSystems.ExecuteEvents:Execute (UnityEngine.EventSystems.IDragHandler,UnityEngine.EventSystems.BaseEventData) (at ./Library/PackageCache/com.unity.ugui@1c4864518158/Runtime/UGUI/EventSystem/ExecuteEvents.cs:78)
UnityEngine.EventSystems.ExecuteEvents:Execute<UnityEngine.EventSystems.IDragHandler> (UnityEngine.GameObject,UnityEngine.EventSystems.BaseEventData,UnityEngine.EventSystems.ExecuteEvents/EventFunction`1<UnityEngine.EventSystems.IDragHandler>) (at ./Library/PackageCache/com.unity.ugui@1c4864518158/Runtime/UGUI/EventSystem/ExecuteEvents.cs:272)
UnityEngine.InputSystem.UI.InputSystemUIInputModule:ProcessPointerButtonDrag (UnityEngine.InputSystem.UI.PointerModel/ButtonState&,UnityEngine.InputSystem.UI.ExtendedPointerEventData) (at ./Library/PackageCache/com.unity.inputsystem@7a4e1a2a8194/InputSystem/Runtime/Plugins/UI/InputSystemUIInputModule.cs:781)
UnityEngine.InputSystem.UI.InputSystemUIInputModule:ProcessPointer (UnityEngine.InputSystem.UI.PointerModel&) (at ./Library/PackageCache/com.unity.inputsystem@7a4e1a2a8194/InputSystem/Runtime/Plugins/UI/InputSystemUIInputModule.cs:487)
UnityEngine.InputSystem.UI.InputSystemUIInputModule:Process () (at ./Library/PackageCache/com.unity.inputsystem@7a4e1a2a8194/InputSystem/Runtime/Plugins/UI/InputSystemUIInputModule.cs:2405)
UnityEngine.EventSystems.EventSystem:Update () (at ./Library/PackageCache/com.unity.ugui@1c4864518158/Runtime/UGUI/EventSystem/EventSystem.cs:516)

(Filename: Assets/InventoryItem.cs Line: 80)

OnDrag
UnityEngine.Debug:ExtractStackTraceNoAlloc (byte*,int,string)
UnityEngine.StackTraceUtility:ExtractStackTrace ()
UnityEngine.DebugLogHandler:Internal_Log (UnityEngine.LogType,UnityEngine.LogOption,string,UnityEngine.Object)
UnityEngine.DebugLogHandler:LogFormat (UnityEngine.LogType,UnityEngine.Object,string,object[])
UnityEngine.Logger:Log (UnityEngine.LogType,object)
UnityEngine.Debug:Log (object)
InventoryItem:OnDrag (UnityEngine.EventSystems.PointerEventData) (at Assets/InventoryItem.cs:80)
UnityEngine.EventSystems.ExecuteEvents:Execute (UnityEngine.EventSystems.IDragHandler,UnityEngine.EventSystems.BaseEventData) (at ./Library/PackageCache/com.unity.ugui@1c4864518158/Runtime/UGUI/EventSystem/ExecuteEvents.cs:78)
UnityEngine.EventSystems.ExecuteEvents:Execute<UnityEngine.EventSystems.IDragHandler> (UnityEngine.GameObject,UnityEngine.EventSystems.BaseEventData,UnityEngine.EventSystems.ExecuteEvents/EventFunction`1<UnityEngine.EventSystems.IDragHandler>) (at ./Library/PackageCache/com.unity.ugui@1c4864518158/Runtime/UGUI/EventSystem/ExecuteEvents.cs:272)
UnityEngine.InputSystem.UI.InputSystemUIInputModule:ProcessPointerButtonDrag (UnityEngine.InputSystem.UI.PointerModel/ButtonState&,UnityEngine.InputSystem.UI.ExtendedPointerEventData) (at ./Library/PackageCache/com.unity.inputsystem@7a4e1a2a8194/InputSystem/Runtime/Plugins/UI/InputSystemUIInputModule.cs:781)
UnityEngine.InputSystem.UI.InputSystemUIInputModule:ProcessPointer (UnityEngine.InputSystem.UI.PointerModel&) (at ./Library/PackageCache/com.unity.inputsystem@7a4e1a2a8194/InputSystem/Runtime/Plugins/UI/InputSystemUIInputModule.cs:487)
UnityEngine.InputSystem.UI.InputSystemUIInputModule:Process () (at ./Library/PackageCache/com.unity.inputsystem@7a4e1a2a8194/InputSystem/Runtime/Plugins/UI/InputSystemUIInputModule.cs:2405)
UnityEngine.EventSystems.EventSystem:Update () (at ./Library/PackageCache/com.unity.ugui@1c4864518158/Runtime/UGUI/EventSystem/EventSystem.cs:516)

(Filename: Assets/InventoryItem.cs Line: 80)

OnDrag
UnityEngine.Debug:ExtractStackTraceNoAlloc (byte*,int,string)
UnityEngine.StackTraceUtility:ExtractStackTrace ()
UnityEngine.DebugLogHandler:Internal_Log (UnityEngine.LogType,UnityEngine.LogOption,string,UnityEngine.Object)
UnityEngine.DebugLogHandler:LogFormat (UnityEngine.LogType,UnityEngine.Object,string,object[])
UnityEngine.Logger:Log (UnityEngine.LogType,object)
UnityEngine.Debug:Log (object)
InventoryItem:OnDrag (UnityEngine.EventSystems.PointerEventData) (at Assets/InventoryItem.cs:80)
UnityEngine.EventSystems.ExecuteEvents:Execute (UnityEngine.EventSystems.IDragHandler,UnityEngine.EventSystems.BaseEventData) (at ./Library/PackageCache/com.unity.ugui@1c4864518158/Runtime/UGUI/EventSystem/ExecuteEvents.cs:78)
UnityEngine.EventSystems.ExecuteEvents:Execute<UnityEngine.EventSystems.IDragHandler> (UnityEngine.GameObject,UnityEngine.EventSystems.BaseEventData,UnityEngine.EventSystems.ExecuteEvents/EventFunction`1<UnityEngine.EventSystems.IDragHandler>) (at ./Library/PackageCache/com.unity.ugui@1c4864518158/Runtime/UGUI/EventSystem/ExecuteEvents.cs:272)
UnityEngine.InputSystem.UI.InputSystemUIInputModule:ProcessPointerButtonDrag (UnityEngine.InputSystem.UI.PointerModel/ButtonState&,UnityEngine.InputSystem.UI.ExtendedPointerEventData) (at ./Library/PackageCache/com.unity.inputsystem@7a4e1a2a8194/InputSystem/Runtime/Plugins/UI/InputSystemUIInputModule.cs:781)
UnityEngine.InputSystem.UI.InputSystemUIInputModule:ProcessPointer (UnityEngine.InputSystem.UI.PointerModel&) (at ./Library/PackageCache/com.unity.inputsystem@7a4e1a2a8194/InputSystem/Runtime/Plugins/UI/InputSystemUIInputModule.cs:487)
UnityEngine.InputSystem.UI.InputSystemUIInputModule:Process () (at ./Library/PackageCache/com.unity.inputsystem@7a4e1a2a8194/InputSystem/Runtime/Plugins/UI/InputSystemUIInputModule.cs:2405)
UnityEngine.EventSystems.EventSystem:Update () (at ./Library/PackageCache/com.unity.ugui@1c4864518158/Runtime/UGUI/EventSystem/EventSystem.cs:516)

(Filename: Assets/InventoryItem.cs Line: 80)

OnDrag
UnityEngine.Debug:ExtractStackTraceNoAlloc (byte*,int,string)
UnityEngine.StackTraceUtility:ExtractStackTrace ()
UnityEngine.DebugLogHandler:Internal_Log (UnityEngine.LogType,UnityEngine.LogOption,string,UnityEngine.Object)
UnityEngine.DebugLogHandler:LogFormat (UnityEngine.LogType,UnityEngine.Object,string,object[])
UnityEngine.Logger:Log (UnityEngine.LogType,object)
UnityEngine.Debug:Log (object)
InventoryItem:OnDrag (UnityEngine.EventSystems.PointerEventData) (at Assets/InventoryItem.cs:80)
UnityEngine.EventSystems.ExecuteEvents:Execute (UnityEngine.EventSystems.IDragHandler,UnityEngine.EventSystems.BaseEventData) (at ./Library/PackageCache/com.unity.ugui@1c4864518158/Runtime/UGUI/EventSystem/ExecuteEvents.cs:78)
UnityEngine.EventSystems.ExecuteEvents:Execute<UnityEngine.EventSystems.IDragHandler> (UnityEngine.GameObject,UnityEngine.EventSystems.BaseEventData,UnityEngine.EventSystems.ExecuteEvents/EventFunction`1<UnityEngine.EventSystems.IDragHandler>) (at ./Library/PackageCache/com.unity.ugui@1c4864518158/Runtime/UGUI/EventSystem/ExecuteEvents.cs:272)
UnityEngine.InputSystem.UI.InputSystemUIInputModule:ProcessPointerButtonDrag (UnityEngine.InputSystem.UI.PointerModel/ButtonState&,UnityEngine.InputSystem.UI.ExtendedPointerEventData) (at ./Library/PackageCache/com.unity.inputsystem@7a4e1a2a8194/InputSystem/Runtime/Plugins/UI/InputSystemUIInputModule.cs:781)
UnityEngine.InputSystem.UI.InputSystemUIInputModule:ProcessPointer (UnityEngine.InputSystem.UI.PointerModel&) (at ./Library/PackageCache/com.unity.inputsystem@7a4e1a2a8194/InputSystem/Runtime/Plugins/UI/InputSystemUIInputModule.cs:487)
UnityEngine.InputSystem.UI.InputSystemUIInputModule:Process () (at ./Library/PackageCache/com.unity.inputsystem@7a4e1a2a8194/InputSystem/Runtime/Plugins/UI/InputSystemUIInputModule.cs:2405)
UnityEngine.EventSystems.EventSystem:Update () (at ./Library/PackageCache/com.unity.ugui@1c4864518158/Runtime/UGUI/EventSystem/EventSystem.cs:516)

(Filename: Assets/InventoryItem.cs Line: 80)

OnDrop
UnityEngine.Debug:ExtractStackTraceNoAlloc (byte*,int,string)
UnityEngine.StackTraceUtility:ExtractStackTrace ()
UnityEngine.DebugLogHandler:Internal_Log (UnityEngine.LogType,UnityEngine.LogOption,string,UnityEngine.Object)
UnityEngine.DebugLogHandler:LogFormat (UnityEngine.LogType,UnityEngine.Object,string,object[])
UnityEngine.Logger:Log (UnityEngine.LogType,object)
UnityEngine.Debug:Log (object)
InventoryItem:OnDrop (UnityEngine.EventSystems.PointerEventData) (at Assets/InventoryItem.cs:85)
UnityEngine.EventSystems.ExecuteEvents:Execute (UnityEngine.EventSystems.IDropHandler,UnityEngine.EventSystems.BaseEventData) (at ./Library/PackageCache/com.unity.ugui@1c4864518158/Runtime/UGUI/EventSystem/ExecuteEvents.cs:92)
UnityEngine.EventSystems.ExecuteEvents:Execute<UnityEngine.EventSystems.IDropHandler> (UnityEngine.GameObject,UnityEngine.EventSystems.BaseEventData,UnityEngine.EventSystems.ExecuteEvents/EventFunction`1<UnityEngine.EventSystems.IDropHandler>) (at ./Library/PackageCache/com.unity.ugui@1c4864518158/Runtime/UGUI/EventSystem/ExecuteEvents.cs:272)
UnityEngine.EventSystems.ExecuteEvents:ExecuteHierarchy<UnityEngine.EventSystems.IDropHandler> (UnityEngine.GameObject,UnityEngine.EventSystems.BaseEventData,UnityEngine.EventSystems.ExecuteEvents/EventFunction`1<UnityEngine.EventSystems.IDropHandler>) (at ./Library/PackageCache/com.unity.ugui@1c4864518158/Runtime/UGUI/EventSystem/ExecuteEvents.cs:298)
UnityEngine.InputSystem.UI.InputSystemUIInputModule:ProcessPointerButton (UnityEngine.InputSystem.UI.PointerModel/ButtonState&,UnityEngine.EventSystems.PointerEventData) (at ./Library/PackageCache/com.unity.inputsystem@7a4e1a2a8194/InputSystem/Runtime/Plugins/UI/InputSystemUIInputModule.cs:730)
UnityEngine.InputSystem.UI.InputSystemUIInputModule:ProcessPointer (UnityEngine.InputSystem.UI.PointerModel&) (at ./Library/PackageCache/com.unity.inputsystem@7a4e1a2a8194/InputSystem/Runtime/Plugins/UI/InputSystemUIInputModule.cs:486)
UnityEngine.InputSystem.UI.InputSystemUIInputModule:Process () (at ./Library/PackageCache/com.unity.inputsystem@7a4e1a2a8194/InputSystem/Runtime/Plugins/UI/InputSystemUIInputModule.cs:2405)
UnityEngine.EventSystems.EventSystem:Update () (at ./Library/PackageCache/com.unity.ugui@1c4864518158/Runtime/UGUI/EventSystem/EventSystem.cs:516)

(Filename: Assets/InventoryItem.cs Line: 85)

Дроп успешно!
UnityEngine.Debug:ExtractStackTraceNoAlloc (byte*,int,string)
UnityEngine.StackTraceUtility:ExtractStackTrace ()
UnityEngine.DebugLogHandler:Internal_Log (UnityEngine.LogType,UnityEngine.LogOption,string,UnityEngine.Object)
UnityEngine.DebugLogHandler:LogFormat (UnityEngine.LogType,UnityEngine.Object,string,object[])
UnityEngine.Logger:Log (UnityEngine.LogType,object)
UnityEngine.Debug:Log (object)
DropManager:Drop (UnityEngine.Vector2) (at Assets/DropManager.cs:39)
InventoryItem:OnEndDrag (UnityEngine.EventSystems.PointerEventData) (at Assets/InventoryItem.cs:50)
UnityEngine.EventSystems.ExecuteEvents:Execute (UnityEngine.EventSystems.IEndDragHandler,UnityEngine.EventSystems.BaseEventData) (at ./Library/PackageCache/com.unity.ugui@1c4864518158/Runtime/UGUI/EventSystem/ExecuteEvents.cs:85)
UnityEngine.EventSystems.ExecuteEvents:Execute<UnityEngine.EventSystems.IEndDragHandler> (UnityEngine.GameObject,UnityEngine.EventSystems.BaseEventData,UnityEngine.EventSystems.ExecuteEvents/EventFunction`1<UnityEngine.EventSystems.IEndDragHandler>) (at ./Library/PackageCache/com.unity.ugui@1c4864518158/Runtime/UGUI/EventSystem/ExecuteEvents.cs:272)
UnityEngine.InputSystem.UI.InputSystemUIInputModule:ProcessPointerButton (UnityEngine.InputSystem.UI.PointerModel/ButtonState&,UnityEngine.EventSystems.PointerEventData) (at ./Library/PackageCache/com.unity.inputsystem@7a4e1a2a8194/InputSystem/Runtime/Plugins/UI/InputSystemUIInputModule.cs:737)
UnityEngine.InputSystem.UI.InputSystemUIInputModule:ProcessPointer (UnityEngine.InputSystem.UI.PointerModel&) (at ./Library/PackageCache/com.unity.inputsystem@7a4e1a2a8194/InputSystem/Runtime/Plugins/UI/InputSystemUIInputModule.cs:486)
UnityEngine.InputSystem.UI.InputSystemUIInputModule:Process () (at ./Library/PackageCache/com.unity.inputsystem@7a4e1a2a8194/InputSystem/Runtime/Plugins/UI/InputSystemUIInputModule.cs:2405)
UnityEngine.EventSystems.EventSystem:Update () (at ./Library/PackageCache/com.unity.ugui@1c4864518158/Runtime/UGUI/EventSystem/EventSystem.cs:516)

(Filename: Assets/DropManager.cs Line: 39)

NullReferenceException: Object reference not set to an instance of an object
  at DropManager.Drop (UnityEngine.Vector2 screenPos) [0x00047] in C:\Users\sdziu\my_documents\0_repositories\whoops\Assets\DropManager.cs:41 
  at InventoryItem.OnEndDrag (UnityEngine.EventSystems.PointerEventData eventData) [0x00026] in C:\Users\sdziu\my_documents\0_repositories\whoops\Assets\InventoryItem.cs:50 
  at UnityEngine.EventSystems.ExecuteEvents.Execute (UnityEngine.EventSystems.IEndDragHandler handler, UnityEngine.EventSystems.BaseEventData eventData) [0x00000] in .\Library\PackageCache\com.unity.ugui@1c4864518158\Runtime\UGUI\EventSystem\ExecuteEvents.cs:85 
  at UnityEngine.EventSystems.ExecuteEvents.Execute[T] (UnityEngine.GameObject target, UnityEngine.EventSystems.BaseEventData eventData, UnityEngine.EventSystems.ExecuteEvents+EventFunction`1[T1] functor) [0x00067] in .\Library\PackageCache\com.unity.ugui@1c4864518158\Runtime\UGUI\EventSystem\ExecuteEvents.cs:272 
UnityEngine.DebugLogHandler:Internal_LogException_Injected(Exception, IntPtr)
UnityEngine.DebugLogHandler:Internal_LogException(Exception, Object)
UnityEngine.DebugLogHandler:LogException(Exception, Object)
UnityEngine.Logger:LogException(Exception, Object)
UnityEngine.Debug:LogException(Exception)
UnityEngine.EventSystems.ExecuteEvents:Execute(GameObject, BaseEventData, EventFunction`1) (at .\Library\PackageCache\com.unity.ugui@1c4864518158\Runtime\UGUI\EventSystem\ExecuteEvents.cs:276)
UnityEngine.InputSystem.UI.InputSystemUIInputModule:ProcessPointerButton(ButtonState&, PointerEventData) (at .\Library\PackageCache\com.unity.inputsystem@7a4e1a2a8194\InputSystem\Runtime\Plugins\UI\InputSystemUIInputModule.cs:737)
UnityEngine.InputSystem.UI.InputSystemUIInputModule:ProcessPointer(PointerModel&) (at .\Library\PackageCache\com.unity.inputsystem@7a4e1a2a8194\InputSystem\Runtime\Plugins\UI\InputSystemUIInputModule.cs:486)
UnityEngine.InputSystem.UI.InputSystemUIInputModule:Process() (at .\Library\PackageCache\com.unity.inputsystem@7a4e1a2a8194\InputSystem\Runtime\Plugins\UI\InputSystemUIInputModule.cs:2405)
UnityEngine.EventSystems.EventSystem:Update() (at .\Library\PackageCache\com.unity.ugui@1c4864518158\Runtime\UGUI\EventSystem\EventSystem.cs:516)

(Filename: Assets/DropManager.cs Line: 41)

Asset Pipeline Refresh (id=98e958e4737c738488a189405a98de58): Total: 0.027 seconds - Initiated by RefreshV2(NoUpdateAssetOptions)
Unloading 1 Unused Serialized files (Serialized files now loaded: 0)
Loaded scene 'Temp/__Backupscenes/0.backup'
	Deserialize:            11.096 ms
	Integration:            369.170 ms
	Integration of assets:  0.014 ms
	Thread Wait Time:       0.118 ms
	Total Operation Time:   380.398 ms
Unloading 91 unused Assets / (23.9 KB). Loaded Objects now: 10521.
Memory consumption went from 0.71 GB to 0.71 GB.
Total: 39.106800 ms (FindLiveObjects: 0.735300 ms CreateObjectMapping: 2.068900 ms MarkObjects: 36.051500 ms  DeleteObjects: 0.249500 ms)

[Licensing::Client] Successfully resolved entitlement details
SpriteAtlasPacking completed in 0.023919 sec
Reloading assemblies for play mode.
Reloading assemblies after forced synchronous recompile.
Begin MonoManager ReloadAssembly
Symbol file LoadedFromMemory is not a mono symbol file
Refreshing native plugins compatible for Editor in 7.86 ms, found 5 plugins.
Native extension for WindowsStandalone target not found
ScheduleIndexationOnStartup MainProcess:True IndexOnStartup:True
[MODES] ModeService[none].Initialize
[MODES] ModeService[none].LoadModes
Mono: successfully reloaded assembly
- Finished resetting the current domain, in  3.208 seconds
Domain Reload Profiling: 5226ms
	BeginReloadAssembly (1440ms)
		DisableScriptedObjects (202ms)
		CreateAndSetChildDomain (822ms)
	RebuildCommonClasses (17ms)
	RebuildNativeTypeToScriptingClass (29ms)
	initialDomainReloadingComplete (138ms)
	LoadAllAssembliesAndSetupDomain (390ms)
		LoadAssemblies (285ms)
		AnalyzeDomain (73ms)
			TypeCache.Refresh (17ms)
			ResolveRequiredComponents (47ms)
	FinalizeReload (3210ms)
		SetupLoadedEditorAssemblies (0ms)
			InitializePlatformSupportModulesInManaged (4ms)
			BeforeProcessingInitializeOnLoad (167ms)
			ProcessInitializeOnLoadAttributes (684ms)
			ProcessInitializeOnLoadMethodAttributes (291ms)
			AfterProcessingInitializeOnLoad (8ms)
		AwakeInstancesAfterBackupRestoration (1048ms)

Asset Pipeline Refresh (id=c696a87f042cd6145acd6d0ef6409ccd): Total: 5.704 seconds - Initiated by StopAssetImportingV2(ForceSynchronousImport | ForceDomainReload)
	(Values over 0.05ms)
	Summary:
		Imports: total=0 (actual=0, local cache=0, cache server=0)
		Asset DB Process Time: managed=0 ms, native=3510 ms
		Asset DB Callback time: managed=60 ms, native=0 ms
		Scripting: domain reloads=1, domain reload time=2128 ms, compile time=3 ms, other=0 ms
		Project Asset Count: scripts=1714, non-scripts=3385
		Asset File Changes: new=0, changed=0, moved=0, deleted=0
		Scan Filter Count: 0
	InvokePackagesCallback: 4.016ms
	ApplyChangesToAssetFolders: 1.012ms
	Collect global state as custom dependencies: 7.084ms
	ProcessAssetsWithTransientArtifactChanges: 0.344ms
	CategorizeAssets: 102.040ms
	CompileScripts: 3.062ms
	ImportOutOfDateAssets: 3310.760ms (3244.880ms without children)
		CollectScriptTypesHashes: 1.709ms
		ReloadNativeAssets: 2.081ms
		UnloadImportedAssets: 0.741ms
		EnsureUptoDateAssetsAreRegisteredWithGuidPM: 1.180ms
		ImportSchedulerStart: 61.829ms
	PostProcessAllAssets: 60.264ms
		MonoPostProcessAllAssets: 60.256ms
			UniversalRenderPipelineGlobalSettingsPostprocessor.OnPostprocessAllAssets 22.915ms
			SyncVS.PostprocessSyncProject 6.215ms
			SpeedTree9Postprocessor.OnPostprocessAllAssets 2.889ms
			WindowAssetPostprocessingWatcher.OnPostprocessAllAssets 2.784ms
			RenderPipelineGlobalSettingsPostprocessor.OnPostprocessAllAssets 1.583ms
			ProjectSettingsPostprocessor.OnPostprocessAllAssets 1.104ms
			TMPro_TexturePostProcessor.OnPostprocessAllAssets 0.966ms
			ShaderReflectionAssetPostProcessor.OnPostprocessAllAssets 0.565ms
			EditModeScopePostprocessor.OnPostprocessAllAssets 0.496ms
			InputActionAssetPostprocessor.OnPostprocessAllAssets 0.413ms
			ReferencedClipsPostProcessor.OnPostprocessAllAssets 0.407ms
			SpriteEditorTexturePostprocessor.OnPostprocessAllAssets 0.368ms
			SpriteShapeAssetPostProcessor.OnPostprocessAllAssets 0.355ms
			AssetChangedListener.OnPostprocessAllAssets 0.290ms
			AssetDatabaseCallbacks.OnPostprocessAllAssets 0.223ms
			TerrainToolbarOverlayPostProcessor.OnPostprocessAllAssets 0.220ms
			ShaderGraphAssetPostProcessor.OnPostprocessAllAssets 0.138ms
			AssetPostprocessor.OnPostprocessAllAssets 0.124ms
	GatherAllCurrentPrimaryImportResultRevisions: 0.595ms
	UnloadStreamsBegin: 0.486ms
	PersistCurrentRevisions: 0.285ms
	GenerateScriptTypeHashes: 7.399ms
	GenerateScriptTypeSerializationHashes: 12.560ms
	Untracked: 2196.445ms

Load Editor
UnityEngine.Debug:ExtractStackTraceNoAlloc (byte*,int,string)
UnityEngine.StackTraceUtility:ExtractStackTrace ()
UnityEngine.DebugLogHandler:Internal_Log (UnityEngine.LogType,UnityEngine.LogOption,string,UnityEngine.Object)
UnityEngine.DebugLogHandler:LogFormat (UnityEngine.LogType,UnityEngine.Object,string,object[])
UnityEngine.Logger:Log (UnityEngine.LogType,object)
UnityEngine.Debug:Log (object)
YG.YandexGame:Message (string) (at Assets/YandexGame/ScriptsYG/YandexGame.cs:133)
YG.YandexGame:LoadEditor () (at Assets/YandexGame/ScriptsYG/Storage/Storage_yg.cs:75)
YG.YandexGame:_LoadProgress () (at Assets/YandexGame/ScriptsYG/Storage/Storage_yg.cs:168)
YG.YandexGame:LoadProgress () (at Assets/YandexGame/ScriptsYG/Storage/Storage_yg.cs:173)
YG.YandexGame:InitCloudStorage () (at Assets/YandexGame/ScriptsYG/Storage/Storage_yg.cs:30)
System.Reflection.RuntimeMethodInfo:Invoke (object,System.Reflection.BindingFlags,System.Reflection.Binder,object[],System.Globalization.CultureInfo)
System.Reflection.MethodBase:Invoke (object,object[])
YG.YandexGame/<>c__DisplayClass37_1:<CallInitBaisYG>b__0 () (at Assets/YandexGame/ScriptsYG/Initialization/InitYGAttribute.cs:32)
YG.YandexGame:CallInitBaisYG () (at Assets/YandexGame/ScriptsYG/Initialization/InitYGAttribute.cs:37)
YG.YandexGame:Awake () (at Assets/YandexGame/ScriptsYG/YandexGame.cs:103)

(Filename: Assets/YandexGame/ScriptsYG/YandexGame.cs Line: 133)

Authorization - True
UnityEngine.Debug:ExtractStackTraceNoAlloc (byte*,int,string)
UnityEngine.StackTraceUtility:ExtractStackTrace ()
UnityEngine.DebugLogHandler:Internal_Log (UnityEngine.LogType,UnityEngine.LogOption,string,UnityEngine.Object)
UnityEngine.DebugLogHandler:LogFormat (UnityEngine.LogType,UnityEngine.Object,string,object[])
UnityEngine.Logger:Log (UnityEngine.LogType,object)
UnityEngine.Debug:Log (object)
YG.YandexGame:Message (string) (at Assets/YandexGame/ScriptsYG/YandexGame.cs:133)
YG.YandexGame:SetInitializationSDK (string) (at Assets/YandexGame/ScriptsYG/Authorization/Auth_yg.cs:113)
YG.YandexGame:InitPlayerForEditor () (at Assets/YandexGame/ScriptsYG/Authorization/Auth_yg.cs:62)
YG.YandexGame:InitializationGame () (at Assets/YandexGame/ScriptsYG/Authorization/Auth_yg.cs:31)
System.Reflection.RuntimeMethodInfo:Invoke (object,System.Reflection.BindingFlags,System.Reflection.Binder,object[],System.Globalization.CultureInfo)
System.Reflection.MethodBase:Invoke (object,object[])
YG.YandexGame/<>c__DisplayClass38_1:<CallInitYG>b__0 () (at Assets/YandexGame/ScriptsYG/Initialization/InitYGAttribute.cs:51)
YG.YandexGame:CallInitYG () (at Assets/YandexGame/ScriptsYG/Initialization/InitYGAttribute.cs:56)
YG.YandexGame:Awake () (at Assets/YandexGame/ScriptsYG/YandexGame.cs:104)

(Filename: Assets/YandexGame/ScriptsYG/YandexGame.cs Line: 133)

Get Payments
UnityEngine.Debug:ExtractStackTraceNoAlloc (byte*,int,string)
UnityEngine.StackTraceUtility:ExtractStackTrace ()
UnityEngine.DebugLogHandler:Internal_Log (UnityEngine.LogType,UnityEngine.LogOption,string,UnityEngine.Object)
UnityEngine.DebugLogHandler:LogFormat (UnityEngine.LogType,UnityEngine.Object,string,object[])
UnityEngine.Logger:Log (UnityEngine.LogType,object)
UnityEngine.Debug:Log (object)
YG.YandexGame:Message (string) (at Assets/YandexGame/ScriptsYG/YandexGame.cs:133)
YG.YandexGame:GetPayments () (at Assets/YandexGame/ScriptsYG/Payments/InternalScripts/Payments_yg.cs:49)
YG.YandexGame:Awake () (at Assets/YandexGame/ScriptsYG/YandexGame.cs:105)

(Filename: Assets/YandexGame/ScriptsYG/YandexGame.cs Line: 133)

Loaded scene 'Temp/__Backupscenes/0.backup'
	Deserialize:            16.358 ms
	Integration:            1312.569 ms
	Integration of assets:  0.019 ms
	Thread Wait Time:       0.012 ms
	Total Operation Time:   1328.958 ms
[Licensing::Client] Successfully resolved entitlement details
[Licensing::Client] Successfully resolved entitlement details
OnBeginDrag
UnityEngine.Debug:ExtractStackTraceNoAlloc (byte*,int,string)
UnityEngine.StackTraceUtility:ExtractStackTrace ()
UnityEngine.DebugLogHandler:Internal_Log (UnityEngine.LogType,UnityEngine.LogOption,string,UnityEngine.Object)
UnityEngine.DebugLogHandler:LogFormat (UnityEngine.LogType,UnityEngine.Object,string,object[])
UnityEngine.Logger:Log (UnityEngine.LogType,object)
UnityEngine.Debug:Log (object)
InventoryItem:OnBeginDrag (UnityEngine.EventSystems.PointerEventData) (at Assets/InventoryItem.cs:30)
UnityEngine.EventSystems.ExecuteEvents:Execute (UnityEngine.EventSystems.IBeginDragHandler,UnityEngine.EventSystems.BaseEventData) (at ./Library/PackageCache/com.unity.ugui@1c4864518158/Runtime/UGUI/EventSystem/ExecuteEvents.cs:71)
UnityEngine.EventSystems.ExecuteEvents:Execute<UnityEngine.EventSystems.IBeginDragHandler> (UnityEngine.GameObject,UnityEngine.EventSystems.BaseEventData,UnityEngine.EventSystems.ExecuteEvents/EventFunction`1<UnityEngine.EventSystems.IBeginDragHandler>) (at ./Library/PackageCache/com.unity.ugui@1c4864518158/Runtime/UGUI/EventSystem/ExecuteEvents.cs:272)
UnityEngine.InputSystem.UI.InputSystemUIInputModule:ProcessPointerButtonDrag (UnityEngine.InputSystem.UI.PointerModel/ButtonState&,UnityEngine.InputSystem.UI.ExtendedPointerEventData) (at ./Library/PackageCache/com.unity.inputsystem@7a4e1a2a8194/InputSystem/Runtime/Plugins/UI/InputSystemUIInputModule.cs:764)
UnityEngine.InputSystem.UI.InputSystemUIInputModule:ProcessPointer (UnityEngine.InputSystem.UI.PointerModel&) (at ./Library/PackageCache/com.unity.inputsystem@7a4e1a2a8194/InputSystem/Runtime/Plugins/UI/InputSystemUIInputModule.cs:487)
UnityEngine.InputSystem.UI.InputSystemUIInputModule:Process () (at ./Library/PackageCache/com.unity.inputsystem@7a4e1a2a8194/InputSystem/Runtime/Plugins/UI/InputSystemUIInputModule.cs:2405)
UnityEngine.EventSystems.EventSystem:Update () (at ./Library/PackageCache/com.unity.ugui@1c4864518158/Runtime/UGUI/EventSystem/EventSystem.cs:516)

(Filename: Assets/InventoryItem.cs Line: 30)

OnDrag
UnityEngine.Debug:ExtractStackTraceNoAlloc (byte*,int,string)
UnityEngine.StackTraceUtility:ExtractStackTrace ()
UnityEngine.DebugLogHandler:Internal_Log (UnityEngine.LogType,UnityEngine.LogOption,string,UnityEngine.Object)
UnityEngine.DebugLogHandler:LogFormat (UnityEngine.LogType,UnityEngine.Object,string,object[])
UnityEngine.Logger:Log (UnityEngine.LogType,object)
UnityEngine.Debug:Log (object)
InventoryItem:OnDrag (UnityEngine.EventSystems.PointerEventData) (at Assets/InventoryItem.cs:80)
UnityEngine.EventSystems.ExecuteEvents:Execute (UnityEngine.EventSystems.IDragHandler,UnityEngine.EventSystems.BaseEventData) (at ./Library/PackageCache/com.unity.ugui@1c4864518158/Runtime/UGUI/EventSystem/ExecuteEvents.cs:78)
UnityEngine.EventSystems.ExecuteEvents:Execute<UnityEngine.EventSystems.IDragHandler> (UnityEngine.GameObject,UnityEngine.EventSystems.BaseEventData,UnityEngine.EventSystems.ExecuteEvents/EventFunction`1<UnityEngine.EventSystems.IDragHandler>) (at ./Library/PackageCache/com.unity.ugui@1c4864518158/Runtime/UGUI/EventSystem/ExecuteEvents.cs:272)
UnityEngine.InputSystem.UI.InputSystemUIInputModule:ProcessPointerButtonDrag (UnityEngine.InputSystem.UI.PointerModel/ButtonState&,UnityEngine.InputSystem.UI.ExtendedPointerEventData) (at ./Library/PackageCache/com.unity.inputsystem@7a4e1a2a8194/InputSystem/Runtime/Plugins/UI/InputSystemUIInputModule.cs:781)
UnityEngine.InputSystem.UI.InputSystemUIInputModule:ProcessPointer (UnityEngine.InputSystem.UI.PointerModel&) (at ./Library/PackageCache/com.unity.inputsystem@7a4e1a2a8194/InputSystem/Runtime/Plugins/UI/InputSystemUIInputModule.cs:487)
UnityEngine.InputSystem.UI.InputSystemUIInputModule:Process () (at ./Library/PackageCache/com.unity.inputsystem@7a4e1a2a8194/InputSystem/Runtime/Plugins/UI/InputSystemUIInputModule.cs:2405)
UnityEngine.EventSystems.EventSystem:Update () (at ./Library/PackageCache/com.unity.ugui@1c4864518158/Runtime/UGUI/EventSystem/EventSystem.cs:516)

(Filename: Assets/InventoryItem.cs Line: 80)

OnDrag
UnityEngine.Debug:ExtractStackTraceNoAlloc (byte*,int,string)
UnityEngine.StackTraceUtility:ExtractStackTrace ()
UnityEngine.DebugLogHandler:Internal_Log (UnityEngine.LogType,UnityEngine.LogOption,string,UnityEngine.Object)
UnityEngine.DebugLogHandler:LogFormat (UnityEngine.LogType,UnityEngine.Object,string,object[])
UnityEngine.Logger:Log (UnityEngine.LogType,object)
UnityEngine.Debug:Log (object)
InventoryItem:OnDrag (UnityEngine.EventSystems.PointerEventData) (at Assets/InventoryItem.cs:80)
UnityEngine.EventSystems.ExecuteEvents:Execute (UnityEngine.EventSystems.IDragHandler,UnityEngine.EventSystems.BaseEventData) (at ./Library/PackageCache/com.unity.ugui@1c4864518158/Runtime/UGUI/EventSystem/ExecuteEvents.cs:78)
UnityEngine.EventSystems.ExecuteEvents:Execute<UnityEngine.EventSystems.IDragHandler> (UnityEngine.GameObject,UnityEngine.EventSystems.BaseEventData,UnityEngine.EventSystems.ExecuteEvents/EventFunction`1<UnityEngine.EventSystems.IDragHandler>) (at ./Library/PackageCache/com.unity.ugui@1c4864518158/Runtime/UGUI/EventSystem/ExecuteEvents.cs:272)
UnityEngine.InputSystem.UI.InputSystemUIInputModule:ProcessPointerButtonDrag (UnityEngine.InputSystem.UI.PointerModel/ButtonState&,UnityEngine.InputSystem.UI.ExtendedPointerEventData) (at ./Library/PackageCache/com.unity.inputsystem@7a4e1a2a8194/InputSystem/Runtime/Plugins/UI/InputSystemUIInputModule.cs:781)
UnityEngine.InputSystem.UI.InputSystemUIInputModule:ProcessPointer (UnityEngine.InputSystem.UI.PointerModel&) (at ./Library/PackageCache/com.unity.inputsystem@7a4e1a2a8194/InputSystem/Runtime/Plugins/UI/InputSystemUIInputModule.cs:487)
UnityEngine.InputSystem.UI.InputSystemUIInputModule:Process () (at ./Library/PackageCache/com.unity.inputsystem@7a4e1a2a8194/InputSystem/Runtime/Plugins/UI/InputSystemUIInputModule.cs:2405)
UnityEngine.EventSystems.EventSystem:Update () (at ./Library/PackageCache/com.unity.ugui@1c4864518158/Runtime/UGUI/EventSystem/EventSystem.cs:516)

(Filename: Assets/InventoryItem.cs Line: 80)

OnDrag
UnityEngine.Debug:ExtractStackTraceNoAlloc (byte*,int,string)
UnityEngine.StackTraceUtility:ExtractStackTrace ()
UnityEngine.DebugLogHandler:Internal_Log (UnityEngine.LogType,UnityEngine.LogOption,string,UnityEngine.Object)
UnityEngine.DebugLogHandler:LogFormat (UnityEngine.LogType,UnityEngine.Object,string,object[])
UnityEngine.Logger:Log (UnityEngine.LogType,object)
UnityEngine.Debug:Log (object)
InventoryItem:OnDrag (UnityEngine.EventSystems.PointerEventData) (at Assets/InventoryItem.cs:80)
UnityEngine.EventSystems.ExecuteEvents:Execute (UnityEngine.EventSystems.IDragHandler,UnityEngine.EventSystems.BaseEventData) (at ./Library/PackageCache/com.unity.ugui@1c4864518158/Runtime/UGUI/EventSystem/ExecuteEvents.cs:78)
UnityEngine.EventSystems.ExecuteEvents:Execute<UnityEngine.EventSystems.IDragHandler> (UnityEngine.GameObject,UnityEngine.EventSystems.BaseEventData,UnityEngine.EventSystems.ExecuteEvents/EventFunction`1<UnityEngine.EventSystems.IDragHandler>) (at ./Library/PackageCache/com.unity.ugui@1c4864518158/Runtime/UGUI/EventSystem/ExecuteEvents.cs:272)
UnityEngine.InputSystem.UI.InputSystemUIInputModule:ProcessPointerButtonDrag (UnityEngine.InputSystem.UI.PointerModel/ButtonState&,UnityEngine.InputSystem.UI.ExtendedPointerEventData) (at ./Library/PackageCache/com.unity.inputsystem@7a4e1a2a8194/InputSystem/Runtime/Plugins/UI/InputSystemUIInputModule.cs:781)
UnityEngine.InputSystem.UI.InputSystemUIInputModule:ProcessPointer (UnityEngine.InputSystem.UI.PointerModel&) (at ./Library/PackageCache/com.unity.inputsystem@7a4e1a2a8194/InputSystem/Runtime/Plugins/UI/InputSystemUIInputModule.cs:487)
UnityEngine.InputSystem.UI.InputSystemUIInputModule:Process () (at ./Library/PackageCache/com.unity.inputsystem@7a4e1a2a8194/InputSystem/Runtime/Plugins/UI/InputSystemUIInputModule.cs:2405)
UnityEngine.EventSystems.EventSystem:Update () (at ./Library/PackageCache/com.unity.ugui@1c4864518158/Runtime/UGUI/EventSystem/EventSystem.cs:516)

(Filename: Assets/InventoryItem.cs Line: 80)

OnDrag
UnityEngine.Debug:ExtractStackTraceNoAlloc (byte*,int,string)
UnityEngine.StackTraceUtility:ExtractStackTrace ()
UnityEngine.DebugLogHandler:Internal_Log (UnityEngine.LogType,UnityEngine.LogOption,string,UnityEngine.Object)
UnityEngine.DebugLogHandler:LogFormat (UnityEngine.LogType,UnityEngine.Object,string,object[])
UnityEngine.Logger:Log (UnityEngine.LogType,object)
UnityEngine.Debug:Log (object)
InventoryItem:OnDrag (UnityEngine.EventSystems.PointerEventData) (at Assets/InventoryItem.cs:80)
UnityEngine.EventSystems.ExecuteEvents:Execute (UnityEngine.EventSystems.IDragHandler,UnityEngine.EventSystems.BaseEventData) (at ./Library/PackageCache/com.unity.ugui@1c4864518158/Runtime/UGUI/EventSystem/ExecuteEvents.cs:78)
UnityEngine.EventSystems.ExecuteEvents:Execute<UnityEngine.EventSystems.IDragHandler> (UnityEngine.GameObject,UnityEngine.EventSystems.BaseEventData,UnityEngine.EventSystems.ExecuteEvents/EventFunction`1<UnityEngine.EventSystems.IDragHandler>) (at ./Library/PackageCache/com.unity.ugui@1c4864518158/Runtime/UGUI/EventSystem/ExecuteEvents.cs:272)
UnityEngine.InputSystem.UI.InputSystemUIInputModule:ProcessPointerButtonDrag (UnityEngine.InputSystem.UI.PointerModel/ButtonState&,UnityEngine.InputSystem.UI.ExtendedPointerEventData) (at ./Library/PackageCache/com.unity.inputsystem@7a4e1a2a8194/InputSystem/Runtime/Plugins/UI/InputSystemUIInputModule.cs:781)
UnityEngine.InputSystem.UI.InputSystemUIInputModule:ProcessPointer (UnityEngine.InputSystem.UI.PointerModel&) (at ./Library/PackageCache/com.unity.inputsystem@7a4e1a2a8194/InputSystem/Runtime/Plugins/UI/InputSystemUIInputModule.cs:487)
UnityEngine.InputSystem.UI.InputSystemUIInputModule:Process () (at ./Library/PackageCache/com.unity.inputsystem@7a4e1a2a8194/InputSystem/Runtime/Plugins/UI/InputSystemUIInputModule.cs:2405)
UnityEngine.EventSystems.EventSystem:Update () (at ./Library/PackageCache/com.unity.ugui@1c4864518158/Runtime/UGUI/EventSystem/EventSystem.cs:516)

(Filename: Assets/InventoryItem.cs Line: 80)

OnDrag
UnityEngine.Debug:ExtractStackTraceNoAlloc (byte*,int,string)
UnityEngine.StackTraceUtility:ExtractStackTrace ()
UnityEngine.DebugLogHandler:Internal_Log (UnityEngine.LogType,UnityEngine.LogOption,string,UnityEngine.Object)
UnityEngine.DebugLogHandler:LogFormat (UnityEngine.LogType,UnityEngine.Object,string,object[])
UnityEngine.Logger:Log (UnityEngine.LogType,object)
UnityEngine.Debug:Log (object)
InventoryItem:OnDrag (UnityEngine.EventSystems.PointerEventData) (at Assets/InventoryItem.cs:80)
UnityEngine.EventSystems.ExecuteEvents:Execute (UnityEngine.EventSystems.IDragHandler,UnityEngine.EventSystems.BaseEventData) (at ./Library/PackageCache/com.unity.ugui@1c4864518158/Runtime/UGUI/EventSystem/ExecuteEvents.cs:78)
UnityEngine.EventSystems.ExecuteEvents:Execute<UnityEngine.EventSystems.IDragHandler> (UnityEngine.GameObject,UnityEngine.EventSystems.BaseEventData,UnityEngine.EventSystems.ExecuteEvents/EventFunction`1<UnityEngine.EventSystems.IDragHandler>) (at ./Library/PackageCache/com.unity.ugui@1c4864518158/Runtime/UGUI/EventSystem/ExecuteEvents.cs:272)
UnityEngine.InputSystem.UI.InputSystemUIInputModule:ProcessPointerButtonDrag (UnityEngine.InputSystem.UI.PointerModel/ButtonState&,UnityEngine.InputSystem.UI.ExtendedPointerEventData) (at ./Library/PackageCache/com.unity.inputsystem@7a4e1a2a8194/InputSystem/Runtime/Plugins/UI/InputSystemUIInputModule.cs:781)
UnityEngine.InputSystem.UI.InputSystemUIInputModule:ProcessPointer (UnityEngine.InputSystem.UI.PointerModel&) (at ./Library/PackageCache/com.unity.inputsystem@7a4e1a2a8194/InputSystem/Runtime/Plugins/UI/InputSystemUIInputModule.cs:487)
UnityEngine.InputSystem.UI.InputSystemUIInputModule:Process () (at ./Library/PackageCache/com.unity.inputsystem@7a4e1a2a8194/InputSystem/Runtime/Plugins/UI/InputSystemUIInputModule.cs:2405)
UnityEngine.EventSystems.EventSystem:Update () (at ./Library/PackageCache/com.unity.ugui@1c4864518158/Runtime/UGUI/EventSystem/EventSystem.cs:516)

(Filename: Assets/InventoryItem.cs Line: 80)

OnDrag
UnityEngine.Debug:ExtractStackTraceNoAlloc (byte*,int,string)
UnityEngine.StackTraceUtility:ExtractStackTrace ()
UnityEngine.DebugLogHandler:Internal_Log (UnityEngine.LogType,UnityEngine.LogOption,string,UnityEngine.Object)
UnityEngine.DebugLogHandler:LogFormat (UnityEngine.LogType,UnityEngine.Object,string,object[])
UnityEngine.Logger:Log (UnityEngine.LogType,object)
UnityEngine.Debug:Log (object)
InventoryItem:OnDrag (UnityEngine.EventSystems.PointerEventData) (at Assets/InventoryItem.cs:80)
UnityEngine.EventSystems.ExecuteEvents:Execute (UnityEngine.EventSystems.IDragHandler,UnityEngine.EventSystems.BaseEventData) (at ./Library/PackageCache/com.unity.ugui@1c4864518158/Runtime/UGUI/EventSystem/ExecuteEvents.cs:78)
UnityEngine.EventSystems.ExecuteEvents:Execute<UnityEngine.EventSystems.IDragHandler> (UnityEngine.GameObject,UnityEngine.EventSystems.BaseEventData,UnityEngine.EventSystems.ExecuteEvents/EventFunction`1<UnityEngine.EventSystems.IDragHandler>) (at ./Library/PackageCache/com.unity.ugui@1c4864518158/Runtime/UGUI/EventSystem/ExecuteEvents.cs:272)
UnityEngine.InputSystem.UI.InputSystemUIInputModule:ProcessPointerButtonDrag (UnityEngine.InputSystem.UI.PointerModel/ButtonState&,UnityEngine.InputSystem.UI.ExtendedPointerEventData) (at ./Library/PackageCache/com.unity.inputsystem@7a4e1a2a8194/InputSystem/Runtime/Plugins/UI/InputSystemUIInputModule.cs:781)
UnityEngine.InputSystem.UI.InputSystemUIInputModule:ProcessPointer (UnityEngine.InputSystem.UI.PointerModel&) (at ./Library/PackageCache/com.unity.inputsystem@7a4e1a2a8194/InputSystem/Runtime/Plugins/UI/InputSystemUIInputModule.cs:487)
UnityEngine.InputSystem.UI.InputSystemUIInputModule:Process () (at ./Library/PackageCache/com.unity.inputsystem@7a4e1a2a8194/InputSystem/Runtime/Plugins/UI/InputSystemUIInputModule.cs:2405)
UnityEngine.EventSystems.EventSystem:Update () (at ./Library/PackageCache/com.unity.ugui@1c4864518158/Runtime/UGUI/EventSystem/EventSystem.cs:516)

(Filename: Assets/InventoryItem.cs Line: 80)

OnDrag
UnityEngine.Debug:ExtractStackTraceNoAlloc (byte*,int,string)
UnityEngine.StackTraceUtility:ExtractStackTrace ()
UnityEngine.DebugLogHandler:Internal_Log (UnityEngine.LogType,UnityEngine.LogOption,string,UnityEngine.Object)
UnityEngine.DebugLogHandler:LogFormat (UnityEngine.LogType,UnityEngine.Object,string,object[])
UnityEngine.Logger:Log (UnityEngine.LogType,object)
UnityEngine.Debug:Log (object)
InventoryItem:OnDrag (UnityEngine.EventSystems.PointerEventData) (at Assets/InventoryItem.cs:80)
UnityEngine.EventSystems.ExecuteEvents:Execute (UnityEngine.EventSystems.IDragHandler,UnityEngine.EventSystems.BaseEventData) (at ./Library/PackageCache/com.unity.ugui@1c4864518158/Runtime/UGUI/EventSystem/ExecuteEvents.cs:78)
UnityEngine.EventSystems.ExecuteEvents:Execute<UnityEngine.EventSystems.IDragHandler> (UnityEngine.GameObject,UnityEngine.EventSystems.BaseEventData,UnityEngine.EventSystems.ExecuteEvents/EventFunction`1<UnityEngine.EventSystems.IDragHandler>) (at ./Library/PackageCache/com.unity.ugui@1c4864518158/Runtime/UGUI/EventSystem/ExecuteEvents.cs:272)
UnityEngine.InputSystem.UI.InputSystemUIInputModule:ProcessPointerButtonDrag (UnityEngine.InputSystem.UI.PointerModel/ButtonState&,UnityEngine.InputSystem.UI.ExtendedPointerEventData) (at ./Library/PackageCache/com.unity.inputsystem@7a4e1a2a8194/InputSystem/Runtime/Plugins/UI/InputSystemUIInputModule.cs:781)
UnityEngine.InputSystem.UI.InputSystemUIInputModule:ProcessPointer (UnityEngine.InputSystem.UI.PointerModel&) (at ./Library/PackageCache/com.unity.inputsystem@7a4e1a2a8194/InputSystem/Runtime/Plugins/UI/InputSystemUIInputModule.cs:487)
UnityEngine.InputSystem.UI.InputSystemUIInputModule:Process () (at ./Library/PackageCache/com.unity.inputsystem@7a4e1a2a8194/InputSystem/Runtime/Plugins/UI/InputSystemUIInputModule.cs:2405)
UnityEngine.EventSystems.EventSystem:Update () (at ./Library/PackageCache/com.unity.ugui@1c4864518158/Runtime/UGUI/EventSystem/EventSystem.cs:516)

(Filename: Assets/InventoryItem.cs Line: 80)

OnDrag
UnityEngine.Debug:ExtractStackTraceNoAlloc (byte*,int,string)
UnityEngine.StackTraceUtility:ExtractStackTrace ()
UnityEngine.DebugLogHandler:Internal_Log (UnityEngine.LogType,UnityEngine.LogOption,string,UnityEngine.Object)
UnityEngine.DebugLogHandler:LogFormat (UnityEngine.LogType,UnityEngine.Object,string,object[])
UnityEngine.Logger:Log (UnityEngine.LogType,object)
UnityEngine.Debug:Log (object)
InventoryItem:OnDrag (UnityEngine.EventSystems.PointerEventData) (at Assets/InventoryItem.cs:80)
UnityEngine.EventSystems.ExecuteEvents:Execute (UnityEngine.EventSystems.IDragHandler,UnityEngine.EventSystems.BaseEventData) (at ./Library/PackageCache/com.unity.ugui@1c4864518158/Runtime/UGUI/EventSystem/ExecuteEvents.cs:78)
UnityEngine.EventSystems.ExecuteEvents:Execute<UnityEngine.EventSystems.IDragHandler> (UnityEngine.GameObject,UnityEngine.EventSystems.BaseEventData,UnityEngine.EventSystems.ExecuteEvents/EventFunction`1<UnityEngine.EventSystems.IDragHandler>) (at ./Library/PackageCache/com.unity.ugui@1c4864518158/Runtime/UGUI/EventSystem/ExecuteEvents.cs:272)
UnityEngine.InputSystem.UI.InputSystemUIInputModule:ProcessPointerButtonDrag (UnityEngine.InputSystem.UI.PointerModel/ButtonState&,UnityEngine.InputSystem.UI.ExtendedPointerEventData) (at ./Library/PackageCache/com.unity.inputsystem@7a4e1a2a8194/InputSystem/Runtime/Plugins/UI/InputSystemUIInputModule.cs:781)
UnityEngine.InputSystem.UI.InputSystemUIInputModule:ProcessPointer (UnityEngine.InputSystem.UI.PointerModel&) (at ./Library/PackageCache/com.unity.inputsystem@7a4e1a2a8194/InputSystem/Runtime/Plugins/UI/InputSystemUIInputModule.cs:487)
UnityEngine.InputSystem.UI.InputSystemUIInputModule:Process () (at ./Library/PackageCache/com.unity.inputsystem@7a4e1a2a8194/InputSystem/Runtime/Plugins/UI/InputSystemUIInputModule.cs:2405)
UnityEngine.EventSystems.EventSystem:Update () (at ./Library/PackageCache/com.unity.ugui@1c4864518158/Runtime/UGUI/EventSystem/EventSystem.cs:516)

(Filename: Assets/InventoryItem.cs Line: 80)

OnDrag
UnityEngine.Debug:ExtractStackTraceNoAlloc (byte*,int,string)
UnityEngine.StackTraceUtility:ExtractStackTrace ()
UnityEngine.DebugLogHandler:Internal_Log (UnityEngine.LogType,UnityEngine.LogOption,string,UnityEngine.Object)
UnityEngine.DebugLogHandler:LogFormat (UnityEngine.LogType,UnityEngine.Object,string,object[])
UnityEngine.Logger:Log (UnityEngine.LogType,object)
UnityEngine.Debug:Log (object)
InventoryItem:OnDrag (UnityEngine.EventSystems.PointerEventData) (at Assets/InventoryItem.cs:80)
UnityEngine.EventSystems.ExecuteEvents:Execute (UnityEngine.EventSystems.IDragHandler,UnityEngine.EventSystems.BaseEventData) (at ./Library/PackageCache/com.unity.ugui@1c4864518158/Runtime/UGUI/EventSystem/ExecuteEvents.cs:78)
UnityEngine.EventSystems.ExecuteEvents:Execute<UnityEngine.EventSystems.IDragHandler> (UnityEngine.GameObject,UnityEngine.EventSystems.BaseEventData,UnityEngine.EventSystems.ExecuteEvents/EventFunction`1<UnityEngine.EventSystems.IDragHandler>) (at ./Library/PackageCache/com.unity.ugui@1c4864518158/Runtime/UGUI/EventSystem/ExecuteEvents.cs:272)
UnityEngine.InputSystem.UI.InputSystemUIInputModule:ProcessPointerButtonDrag (UnityEngine.InputSystem.UI.PointerModel/ButtonState&,UnityEngine.InputSystem.UI.ExtendedPointerEventData) (at ./Library/PackageCache/com.unity.inputsystem@7a4e1a2a8194/InputSystem/Runtime/Plugins/UI/InputSystemUIInputModule.cs:781)
UnityEngine.InputSystem.UI.InputSystemUIInputModule:ProcessPointer (UnityEngine.InputSystem.UI.PointerModel&) (at ./Library/PackageCache/com.unity.inputsystem@7a4e1a2a8194/InputSystem/Runtime/Plugins/UI/InputSystemUIInputModule.cs:487)
UnityEngine.InputSystem.UI.InputSystemUIInputModule:Process () (at ./Library/PackageCache/com.unity.inputsystem@7a4e1a2a8194/InputSystem/Runtime/Plugins/UI/InputSystemUIInputModule.cs:2405)
UnityEngine.EventSystems.EventSystem:Update () (at ./Library/PackageCache/com.unity.ugui@1c4864518158/Runtime/UGUI/EventSystem/EventSystem.cs:516)

(Filename: Assets/InventoryItem.cs Line: 80)

OnDrag
UnityEngine.Debug:ExtractStackTraceNoAlloc (byte*,int,string)
UnityEngine.StackTraceUtility:ExtractStackTrace ()
UnityEngine.DebugLogHandler:Internal_Log (UnityEngine.LogType,UnityEngine.LogOption,string,UnityEngine.Object)
UnityEngine.DebugLogHandler:LogFormat (UnityEngine.LogType,UnityEngine.Object,string,object[])
UnityEngine.Logger:Log (UnityEngine.LogType,object)
UnityEngine.Debug:Log (object)
InventoryItem:OnDrag (UnityEngine.EventSystems.PointerEventData) (at Assets/InventoryItem.cs:80)
UnityEngine.EventSystems.ExecuteEvents:Execute (UnityEngine.EventSystems.IDragHandler,UnityEngine.EventSystems.BaseEventData) (at ./Library/PackageCache/com.unity.ugui@1c4864518158/Runtime/UGUI/EventSystem/ExecuteEvents.cs:78)
UnityEngine.EventSystems.ExecuteEvents:Execute<UnityEngine.EventSystems.IDragHandler> (UnityEngine.GameObject,UnityEngine.EventSystems.BaseEventData,UnityEngine.EventSystems.ExecuteEvents/EventFunction`1<UnityEngine.EventSystems.IDragHandler>) (at ./Library/PackageCache/com.unity.ugui@1c4864518158/Runtime/UGUI/EventSystem/ExecuteEvents.cs:272)
UnityEngine.InputSystem.UI.InputSystemUIInputModule:ProcessPointerButtonDrag (UnityEngine.InputSystem.UI.PointerModel/ButtonState&,UnityEngine.InputSystem.UI.ExtendedPointerEventData) (at ./Library/PackageCache/com.unity.inputsystem@7a4e1a2a8194/InputSystem/Runtime/Plugins/UI/InputSystemUIInputModule.cs:781)
UnityEngine.InputSystem.UI.InputSystemUIInputModule:ProcessPointer (UnityEngine.InputSystem.UI.PointerModel&) (at ./Library/PackageCache/com.unity.inputsystem@7a4e1a2a8194/InputSystem/Runtime/Plugins/UI/InputSystemUIInputModule.cs:487)
UnityEngine.InputSystem.UI.InputSystemUIInputModule:Process () (at ./Library/PackageCache/com.unity.inputsystem@7a4e1a2a8194/InputSystem/Runtime/Plugins/UI/InputSystemUIInputModule.cs:2405)
UnityEngine.EventSystems.EventSystem:Update () (at ./Library/PackageCache/com.unity.ugui@1c4864518158/Runtime/UGUI/EventSystem/EventSystem.cs:516)

(Filename: Assets/InventoryItem.cs Line: 80)

OnDrag
UnityEngine.Debug:ExtractStackTraceNoAlloc (byte*,int,string)
UnityEngine.StackTraceUtility:ExtractStackTrace ()
UnityEngine.DebugLogHandler:Internal_Log (UnityEngine.LogType,UnityEngine.LogOption,string,UnityEngine.Object)
UnityEngine.DebugLogHandler:LogFormat (UnityEngine.LogType,UnityEngine.Object,string,object[])
UnityEngine.Logger:Log (UnityEngine.LogType,object)
UnityEngine.Debug:Log (object)
InventoryItem:OnDrag (UnityEngine.EventSystems.PointerEventData) (at Assets/InventoryItem.cs:80)
UnityEngine.EventSystems.ExecuteEvents:Execute (UnityEngine.EventSystems.IDragHandler,UnityEngine.EventSystems.BaseEventData) (at ./Library/PackageCache/com.unity.ugui@1c4864518158/Runtime/UGUI/EventSystem/ExecuteEvents.cs:78)
UnityEngine.EventSystems.ExecuteEvents:Execute<UnityEngine.EventSystems.IDragHandler> (UnityEngine.GameObject,UnityEngine.EventSystems.BaseEventData,UnityEngine.EventSystems.ExecuteEvents/EventFunction`1<UnityEngine.EventSystems.IDragHandler>) (at ./Library/PackageCache/com.unity.ugui@1c4864518158/Runtime/UGUI/EventSystem/ExecuteEvents.cs:272)
UnityEngine.InputSystem.UI.InputSystemUIInputModule:ProcessPointerButtonDrag (UnityEngine.InputSystem.UI.PointerModel/ButtonState&,UnityEngine.InputSystem.UI.ExtendedPointerEventData) (at ./Library/PackageCache/com.unity.inputsystem@7a4e1a2a8194/InputSystem/Runtime/Plugins/UI/InputSystemUIInputModule.cs:781)
UnityEngine.InputSystem.UI.InputSystemUIInputModule:ProcessPointer (UnityEngine.InputSystem.UI.PointerModel&) (at ./Library/PackageCache/com.unity.inputsystem@7a4e1a2a8194/InputSystem/Runtime/Plugins/UI/InputSystemUIInputModule.cs:487)
UnityEngine.InputSystem.UI.InputSystemUIInputModule:Process () (at ./Library/PackageCache/com.unity.inputsystem@7a4e1a2a8194/InputSystem/Runtime/Plugins/UI/InputSystemUIInputModule.cs:2405)
UnityEngine.EventSystems.EventSystem:Update () (at ./Library/PackageCache/com.unity.ugui@1c4864518158/Runtime/UGUI/EventSystem/EventSystem.cs:516)

(Filename: Assets/InventoryItem.cs Line: 80)

OnDrag
UnityEngine.Debug:ExtractStackTraceNoAlloc (byte*,int,string)
UnityEngine.StackTraceUtility:ExtractStackTrace ()
UnityEngine.DebugLogHandler:Internal_Log (UnityEngine.LogType,UnityEngine.LogOption,string,UnityEngine.Object)
UnityEngine.DebugLogHandler:LogFormat (UnityEngine.LogType,UnityEngine.Object,string,object[])
UnityEngine.Logger:Log (UnityEngine.LogType,object)
UnityEngine.Debug:Log (object)
InventoryItem:OnDrag (UnityEngine.EventSystems.PointerEventData) (at Assets/InventoryItem.cs:80)
UnityEngine.EventSystems.ExecuteEvents:Execute (UnityEngine.EventSystems.IDragHandler,UnityEngine.EventSystems.BaseEventData) (at ./Library/PackageCache/com.unity.ugui@1c4864518158/Runtime/UGUI/EventSystem/ExecuteEvents.cs:78)
UnityEngine.EventSystems.ExecuteEvents:Execute<UnityEngine.EventSystems.IDragHandler> (UnityEngine.GameObject,UnityEngine.EventSystems.BaseEventData,UnityEngine.EventSystems.ExecuteEvents/EventFunction`1<UnityEngine.EventSystems.IDragHandler>) (at ./Library/PackageCache/com.unity.ugui@1c4864518158/Runtime/UGUI/EventSystem/ExecuteEvents.cs:272)
UnityEngine.InputSystem.UI.InputSystemUIInputModule:ProcessPointerButtonDrag (UnityEngine.InputSystem.UI.PointerModel/ButtonState&,UnityEngine.InputSystem.UI.ExtendedPointerEventData) (at ./Library/PackageCache/com.unity.inputsystem@7a4e1a2a8194/InputSystem/Runtime/Plugins/UI/InputSystemUIInputModule.cs:781)
UnityEngine.InputSystem.UI.InputSystemUIInputModule:ProcessPointer (UnityEngine.InputSystem.UI.PointerModel&) (at ./Library/PackageCache/com.unity.inputsystem@7a4e1a2a8194/InputSystem/Runtime/Plugins/UI/InputSystemUIInputModule.cs:487)
UnityEngine.InputSystem.UI.InputSystemUIInputModule:Process () (at ./Library/PackageCache/com.unity.inputsystem@7a4e1a2a8194/InputSystem/Runtime/Plugins/UI/InputSystemUIInputModule.cs:2405)
UnityEngine.EventSystems.EventSystem:Update () (at ./Library/PackageCache/com.unity.ugui@1c4864518158/Runtime/UGUI/EventSystem/EventSystem.cs:516)

(Filename: Assets/InventoryItem.cs Line: 80)

OnDrag
UnityEngine.Debug:ExtractStackTraceNoAlloc (byte*,int,string)
UnityEngine.StackTraceUtility:ExtractStackTrace ()
UnityEngine.DebugLogHandler:Internal_Log (UnityEngine.LogType,UnityEngine.LogOption,string,UnityEngine.Object)
UnityEngine.DebugLogHandler:LogFormat (UnityEngine.LogType,UnityEngine.Object,string,object[])
UnityEngine.Logger:Log (UnityEngine.LogType,object)
UnityEngine.Debug:Log (object)
InventoryItem:OnDrag (UnityEngine.EventSystems.PointerEventData) (at Assets/InventoryItem.cs:80)
UnityEngine.EventSystems.ExecuteEvents:Execute (UnityEngine.EventSystems.IDragHandler,UnityEngine.EventSystems.BaseEventData) (at ./Library/PackageCache/com.unity.ugui@1c4864518158/Runtime/UGUI/EventSystem/ExecuteEvents.cs:78)
UnityEngine.EventSystems.ExecuteEvents:Execute<UnityEngine.EventSystems.IDragHandler> (UnityEngine.GameObject,UnityEngine.EventSystems.BaseEventData,UnityEngine.EventSystems.ExecuteEvents/EventFunction`1<UnityEngine.EventSystems.IDragHandler>) (at ./Library/PackageCache/com.unity.ugui@1c4864518158/Runtime/UGUI/EventSystem/ExecuteEvents.cs:272)
UnityEngine.InputSystem.UI.InputSystemUIInputModule:ProcessPointerButtonDrag (UnityEngine.InputSystem.UI.PointerModel/ButtonState&,UnityEngine.InputSystem.UI.ExtendedPointerEventData) (at ./Library/PackageCache/com.unity.inputsystem@7a4e1a2a8194/InputSystem/Runtime/Plugins/UI/InputSystemUIInputModule.cs:781)
UnityEngine.InputSystem.UI.InputSystemUIInputModule:ProcessPointer (UnityEngine.InputSystem.UI.PointerModel&) (at ./Library/PackageCache/com.unity.inputsystem@7a4e1a2a8194/InputSystem/Runtime/Plugins/UI/InputSystemUIInputModule.cs:487)
UnityEngine.InputSystem.UI.InputSystemUIInputModule:Process () (at ./Library/PackageCache/com.unity.inputsystem@7a4e1a2a8194/InputSystem/Runtime/Plugins/UI/InputSystemUIInputModule.cs:2405)
UnityEngine.EventSystems.EventSystem:Update () (at ./Library/PackageCache/com.unity.ugui@1c4864518158/Runtime/UGUI/EventSystem/EventSystem.cs:516)

(Filename: Assets/InventoryItem.cs Line: 80)

OnDrag
UnityEngine.Debug:ExtractStackTraceNoAlloc (byte*,int,string)
UnityEngine.StackTraceUtility:ExtractStackTrace ()
UnityEngine.DebugLogHandler:Internal_Log (UnityEngine.LogType,UnityEngine.LogOption,string,UnityEngine.Object)
UnityEngine.DebugLogHandler:LogFormat (UnityEngine.LogType,UnityEngine.Object,string,object[])
UnityEngine.Logger:Log (UnityEngine.LogType,object)
UnityEngine.Debug:Log (object)
InventoryItem:OnDrag (UnityEngine.EventSystems.PointerEventData) (at Assets/InventoryItem.cs:80)
UnityEngine.EventSystems.ExecuteEvents:Execute (UnityEngine.EventSystems.IDragHandler,UnityEngine.EventSystems.BaseEventData) (at ./Library/PackageCache/com.unity.ugui@1c4864518158/Runtime/UGUI/EventSystem/ExecuteEvents.cs:78)
UnityEngine.EventSystems.ExecuteEvents:Execute<UnityEngine.EventSystems.IDragHandler> (UnityEngine.GameObject,UnityEngine.EventSystems.BaseEventData,UnityEngine.EventSystems.ExecuteEvents/EventFunction`1<UnityEngine.EventSystems.IDragHandler>) (at ./Library/PackageCache/com.unity.ugui@1c4864518158/Runtime/UGUI/EventSystem/ExecuteEvents.cs:272)
UnityEngine.InputSystem.UI.InputSystemUIInputModule:ProcessPointerButtonDrag (UnityEngine.InputSystem.UI.PointerModel/ButtonState&,UnityEngine.InputSystem.UI.ExtendedPointerEventData) (at ./Library/PackageCache/com.unity.inputsystem@7a4e1a2a8194/InputSystem/Runtime/Plugins/UI/InputSystemUIInputModule.cs:781)
UnityEngine.InputSystem.UI.InputSystemUIInputModule:ProcessPointer (UnityEngine.InputSystem.UI.PointerModel&) (at ./Library/PackageCache/com.unity.inputsystem@7a4e1a2a8194/InputSystem/Runtime/Plugins/UI/InputSystemUIInputModule.cs:487)
UnityEngine.InputSystem.UI.InputSystemUIInputModule:Process () (at ./Library/PackageCache/com.unity.inputsystem@7a4e1a2a8194/InputSystem/Runtime/Plugins/UI/InputSystemUIInputModule.cs:2405)
UnityEngine.EventSystems.EventSystem:Update () (at ./Library/PackageCache/com.unity.ugui@1c4864518158/Runtime/UGUI/EventSystem/EventSystem.cs:516)

(Filename: Assets/InventoryItem.cs Line: 80)

OnDrag
UnityEngine.Debug:ExtractStackTraceNoAlloc (byte*,int,string)
UnityEngine.StackTraceUtility:ExtractStackTrace ()
UnityEngine.DebugLogHandler:Internal_Log (UnityEngine.LogType,UnityEngine.LogOption,string,UnityEngine.Object)
UnityEngine.DebugLogHandler:LogFormat (UnityEngine.LogType,UnityEngine.Object,string,object[])
UnityEngine.Logger:Log (UnityEngine.LogType,object)
UnityEngine.Debug:Log (object)
InventoryItem:OnDrag (UnityEngine.EventSystems.PointerEventData) (at Assets/InventoryItem.cs:80)
UnityEngine.EventSystems.ExecuteEvents:Execute (UnityEngine.EventSystems.IDragHandler,UnityEngine.EventSystems.BaseEventData) (at ./Library/PackageCache/com.unity.ugui@1c4864518158/Runtime/UGUI/EventSystem/ExecuteEvents.cs:78)
UnityEngine.EventSystems.ExecuteEvents:Execute<UnityEngine.EventSystems.IDragHandler> (UnityEngine.GameObject,UnityEngine.EventSystems.BaseEventData,UnityEngine.EventSystems.ExecuteEvents/EventFunction`1<UnityEngine.EventSystems.IDragHandler>) (at ./Library/PackageCache/com.unity.ugui@1c4864518158/Runtime/UGUI/EventSystem/ExecuteEvents.cs:272)
UnityEngine.InputSystem.UI.InputSystemUIInputModule:ProcessPointerButtonDrag (UnityEngine.InputSystem.UI.PointerModel/ButtonState&,UnityEngine.InputSystem.UI.ExtendedPointerEventData) (at ./Library/PackageCache/com.unity.inputsystem@7a4e1a2a8194/InputSystem/Runtime/Plugins/UI/InputSystemUIInputModule.cs:781)
UnityEngine.InputSystem.UI.InputSystemUIInputModule:ProcessPointer (UnityEngine.InputSystem.UI.PointerModel&) (at ./Library/PackageCache/com.unity.inputsystem@7a4e1a2a8194/InputSystem/Runtime/Plugins/UI/InputSystemUIInputModule.cs:487)
UnityEngine.InputSystem.UI.InputSystemUIInputModule:Process () (at ./Library/PackageCache/com.unity.inputsystem@7a4e1a2a8194/InputSystem/Runtime/Plugins/UI/InputSystemUIInputModule.cs:2405)
UnityEngine.EventSystems.EventSystem:Update () (at ./Library/PackageCache/com.unity.ugui@1c4864518158/Runtime/UGUI/EventSystem/EventSystem.cs:516)

(Filename: Assets/InventoryItem.cs Line: 80)

OnDrag
UnityEngine.Debug:ExtractStackTraceNoAlloc (byte*,int,string)
UnityEngine.StackTraceUtility:ExtractStackTrace ()
UnityEngine.DebugLogHandler:Internal_Log (UnityEngine.LogType,UnityEngine.LogOption,string,UnityEngine.Object)
UnityEngine.DebugLogHandler:LogFormat (UnityEngine.LogType,UnityEngine.Object,string,object[])
UnityEngine.Logger:Log (UnityEngine.LogType,object)
UnityEngine.Debug:Log (object)
InventoryItem:OnDrag (UnityEngine.EventSystems.PointerEventData) (at Assets/InventoryItem.cs:80)
UnityEngine.EventSystems.ExecuteEvents:Execute (UnityEngine.EventSystems.IDragHandler,UnityEngine.EventSystems.BaseEventData) (at ./Library/PackageCache/com.unity.ugui@1c4864518158/Runtime/UGUI/EventSystem/ExecuteEvents.cs:78)
UnityEngine.EventSystems.ExecuteEvents:Execute<UnityEngine.EventSystems.IDragHandler> (UnityEngine.GameObject,UnityEngine.EventSystems.BaseEventData,UnityEngine.EventSystems.ExecuteEvents/EventFunction`1<UnityEngine.EventSystems.IDragHandler>) (at ./Library/PackageCache/com.unity.ugui@1c4864518158/Runtime/UGUI/EventSystem/ExecuteEvents.cs:272)
UnityEngine.InputSystem.UI.InputSystemUIInputModule:ProcessPointerButtonDrag (UnityEngine.InputSystem.UI.PointerModel/ButtonState&,UnityEngine.InputSystem.UI.ExtendedPointerEventData) (at ./Library/PackageCache/com.unity.inputsystem@7a4e1a2a8194/InputSystem/Runtime/Plugins/UI/InputSystemUIInputModule.cs:781)
UnityEngine.InputSystem.UI.InputSystemUIInputModule:ProcessPointer (UnityEngine.InputSystem.UI.PointerModel&) (at ./Library/PackageCache/com.unity.inputsystem@7a4e1a2a8194/InputSystem/Runtime/Plugins/UI/InputSystemUIInputModule.cs:487)
UnityEngine.InputSystem.UI.InputSystemUIInputModule:Process () (at ./Library/PackageCache/com.unity.inputsystem@7a4e1a2a8194/InputSystem/Runtime/Plugins/UI/InputSystemUIInputModule.cs:2405)
UnityEngine.EventSystems.EventSystem:Update () (at ./Library/PackageCache/com.unity.ugui@1c4864518158/Runtime/UGUI/EventSystem/EventSystem.cs:516)

(Filename: Assets/InventoryItem.cs Line: 80)

OnDrag
UnityEngine.Debug:ExtractStackTraceNoAlloc (byte*,int,string)
UnityEngine.StackTraceUtility:ExtractStackTrace ()
UnityEngine.DebugLogHandler:Internal_Log (UnityEngine.LogType,UnityEngine.LogOption,string,UnityEngine.Object)
UnityEngine.DebugLogHandler:LogFormat (UnityEngine.LogType,UnityEngine.Object,string,object[])
UnityEngine.Logger:Log (UnityEngine.LogType,object)
UnityEngine.Debug:Log (object)
InventoryItem:OnDrag (UnityEngine.EventSystems.PointerEventData) (at Assets/InventoryItem.cs:80)
UnityEngine.EventSystems.ExecuteEvents:Execute (UnityEngine.EventSystems.IDragHandler,UnityEngine.EventSystems.BaseEventData) (at ./Library/PackageCache/com.unity.ugui@1c4864518158/Runtime/UGUI/EventSystem/ExecuteEvents.cs:78)
UnityEngine.EventSystems.ExecuteEvents:Execute<UnityEngine.EventSystems.IDragHandler> (UnityEngine.GameObject,UnityEngine.EventSystems.BaseEventData,UnityEngine.EventSystems.ExecuteEvents/EventFunction`1<UnityEngine.EventSystems.IDragHandler>) (at ./Library/PackageCache/com.unity.ugui@1c4864518158/Runtime/UGUI/EventSystem/ExecuteEvents.cs:272)
UnityEngine.InputSystem.UI.InputSystemUIInputModule:ProcessPointerButtonDrag (UnityEngine.InputSystem.UI.PointerModel/ButtonState&,UnityEngine.InputSystem.UI.ExtendedPointerEventData) (at ./Library/PackageCache/com.unity.inputsystem@7a4e1a2a8194/InputSystem/Runtime/Plugins/UI/InputSystemUIInputModule.cs:781)
UnityEngine.InputSystem.UI.InputSystemUIInputModule:ProcessPointer (UnityEngine.InputSystem.UI.PointerModel&) (at ./Library/PackageCache/com.unity.inputsystem@7a4e1a2a8194/InputSystem/Runtime/Plugins/UI/InputSystemUIInputModule.cs:487)
UnityEngine.InputSystem.UI.InputSystemUIInputModule:Process () (at ./Library/PackageCache/com.unity.inputsystem@7a4e1a2a8194/InputSystem/Runtime/Plugins/UI/InputSystemUIInputModule.cs:2405)
UnityEngine.EventSystems.EventSystem:Update () (at ./Library/PackageCache/com.unity.ugui@1c4864518158/Runtime/UGUI/EventSystem/EventSystem.cs:516)

(Filename: Assets/InventoryItem.cs Line: 80)

OnDrag
UnityEngine.Debug:ExtractStackTraceNoAlloc (byte*,int,string)
UnityEngine.StackTraceUtility:ExtractStackTrace ()
UnityEngine.DebugLogHandler:Internal_Log (UnityEngine.LogType,UnityEngine.LogOption,string,UnityEngine.Object)
UnityEngine.DebugLogHandler:LogFormat (UnityEngine.LogType,UnityEngine.Object,string,object[])
UnityEngine.Logger:Log (UnityEngine.LogType,object)
UnityEngine.Debug:Log (object)
InventoryItem:OnDrag (UnityEngine.EventSystems.PointerEventData) (at Assets/InventoryItem.cs:80)
UnityEngine.EventSystems.ExecuteEvents:Execute (UnityEngine.EventSystems.IDragHandler,UnityEngine.EventSystems.BaseEventData) (at ./Library/PackageCache/com.unity.ugui@1c4864518158/Runtime/UGUI/EventSystem/ExecuteEvents.cs:78)
UnityEngine.EventSystems.ExecuteEvents:Execute<UnityEngine.EventSystems.IDragHandler> (UnityEngine.GameObject,UnityEngine.EventSystems.BaseEventData,UnityEngine.EventSystems.ExecuteEvents/EventFunction`1<UnityEngine.EventSystems.IDragHandler>) (at ./Library/PackageCache/com.unity.ugui@1c4864518158/Runtime/UGUI/EventSystem/ExecuteEvents.cs:272)
UnityEngine.InputSystem.UI.InputSystemUIInputModule:ProcessPointerButtonDrag (UnityEngine.InputSystem.UI.PointerModel/ButtonState&,UnityEngine.InputSystem.UI.ExtendedPointerEventData) (at ./Library/PackageCache/com.unity.inputsystem@7a4e1a2a8194/InputSystem/Runtime/Plugins/UI/InputSystemUIInputModule.cs:781)
UnityEngine.InputSystem.UI.InputSystemUIInputModule:ProcessPointer (UnityEngine.InputSystem.UI.PointerModel&) (at ./Library/PackageCache/com.unity.inputsystem@7a4e1a2a8194/InputSystem/Runtime/Plugins/UI/InputSystemUIInputModule.cs:487)
UnityEngine.InputSystem.UI.InputSystemUIInputModule:Process () (at ./Library/PackageCache/com.unity.inputsystem@7a4e1a2a8194/InputSystem/Runtime/Plugins/UI/InputSystemUIInputModule.cs:2405)
UnityEngine.EventSystems.EventSystem:Update () (at ./Library/PackageCache/com.unity.ugui@1c4864518158/Runtime/UGUI/EventSystem/EventSystem.cs:516)

(Filename: Assets/InventoryItem.cs Line: 80)

OnDrag
UnityEngine.Debug:ExtractStackTraceNoAlloc (byte*,int,string)
UnityEngine.StackTraceUtility:ExtractStackTrace ()
UnityEngine.DebugLogHandler:Internal_Log (UnityEngine.LogType,UnityEngine.LogOption,string,UnityEngine.Object)
UnityEngine.DebugLogHandler:LogFormat (UnityEngine.LogType,UnityEngine.Object,string,object[])
UnityEngine.Logger:Log (UnityEngine.LogType,object)
UnityEngine.Debug:Log (object)
InventoryItem:OnDrag (UnityEngine.EventSystems.PointerEventData) (at Assets/InventoryItem.cs:80)
UnityEngine.EventSystems.ExecuteEvents:Execute (UnityEngine.EventSystems.IDragHandler,UnityEngine.EventSystems.BaseEventData) (at ./Library/PackageCache/com.unity.ugui@1c4864518158/Runtime/UGUI/EventSystem/ExecuteEvents.cs:78)
UnityEngine.EventSystems.ExecuteEvents:Execute<UnityEngine.EventSystems.IDragHandler> (UnityEngine.GameObject,UnityEngine.EventSystems.BaseEventData,UnityEngine.EventSystems.ExecuteEvents/EventFunction`1<UnityEngine.EventSystems.IDragHandler>) (at ./Library/PackageCache/com.unity.ugui@1c4864518158/Runtime/UGUI/EventSystem/ExecuteEvents.cs:272)
UnityEngine.InputSystem.UI.InputSystemUIInputModule:ProcessPointerButtonDrag (UnityEngine.InputSystem.UI.PointerModel/ButtonState&,UnityEngine.InputSystem.UI.ExtendedPointerEventData) (at ./Library/PackageCache/com.unity.inputsystem@7a4e1a2a8194/InputSystem/Runtime/Plugins/UI/InputSystemUIInputModule.cs:781)
UnityEngine.InputSystem.UI.InputSystemUIInputModule:ProcessPointer (UnityEngine.InputSystem.UI.PointerModel&) (at ./Library/PackageCache/com.unity.inputsystem@7a4e1a2a8194/InputSystem/Runtime/Plugins/UI/InputSystemUIInputModule.cs:487)
UnityEngine.InputSystem.UI.InputSystemUIInputModule:Process () (at ./Library/PackageCache/com.unity.inputsystem@7a4e1a2a8194/InputSystem/Runtime/Plugins/UI/InputSystemUIInputModule.cs:2405)
UnityEngine.EventSystems.EventSystem:Update () (at ./Library/PackageCache/com.unity.ugui@1c4864518158/Runtime/UGUI/EventSystem/EventSystem.cs:516)

(Filename: Assets/InventoryItem.cs Line: 80)

OnDrag
UnityEngine.Debug:ExtractStackTraceNoAlloc (byte*,int,string)
UnityEngine.StackTraceUtility:ExtractStackTrace ()
UnityEngine.DebugLogHandler:Internal_Log (UnityEngine.LogType,UnityEngine.LogOption,string,UnityEngine.Object)
UnityEngine.DebugLogHandler:LogFormat (UnityEngine.LogType,UnityEngine.Object,string,object[])
UnityEngine.Logger:Log (UnityEngine.LogType,object)
UnityEngine.Debug:Log (object)
InventoryItem:OnDrag (UnityEngine.EventSystems.PointerEventData) (at Assets/InventoryItem.cs:80)
UnityEngine.EventSystems.ExecuteEvents:Execute (UnityEngine.EventSystems.IDragHandler,UnityEngine.EventSystems.BaseEventData) (at ./Library/PackageCache/com.unity.ugui@1c4864518158/Runtime/UGUI/EventSystem/ExecuteEvents.cs:78)
UnityEngine.EventSystems.ExecuteEvents:Execute<UnityEngine.EventSystems.IDragHandler> (UnityEngine.GameObject,UnityEngine.EventSystems.BaseEventData,UnityEngine.EventSystems.ExecuteEvents/EventFunction`1<UnityEngine.EventSystems.IDragHandler>) (at ./Library/PackageCache/com.unity.ugui@1c4864518158/Runtime/UGUI/EventSystem/ExecuteEvents.cs:272)
UnityEngine.InputSystem.UI.InputSystemUIInputModule:ProcessPointerButtonDrag (UnityEngine.InputSystem.UI.PointerModel/ButtonState&,UnityEngine.InputSystem.UI.ExtendedPointerEventData) (at ./Library/PackageCache/com.unity.inputsystem@7a4e1a2a8194/InputSystem/Runtime/Plugins/UI/InputSystemUIInputModule.cs:781)
UnityEngine.InputSystem.UI.InputSystemUIInputModule:ProcessPointer (UnityEngine.InputSystem.UI.PointerModel&) (at ./Library/PackageCache/com.unity.inputsystem@7a4e1a2a8194/InputSystem/Runtime/Plugins/UI/InputSystemUIInputModule.cs:487)
UnityEngine.InputSystem.UI.InputSystemUIInputModule:Process () (at ./Library/PackageCache/com.unity.inputsystem@7a4e1a2a8194/InputSystem/Runtime/Plugins/UI/InputSystemUIInputModule.cs:2405)
UnityEngine.EventSystems.EventSystem:Update () (at ./Library/PackageCache/com.unity.ugui@1c4864518158/Runtime/UGUI/EventSystem/EventSystem.cs:516)

(Filename: Assets/InventoryItem.cs Line: 80)

OnDrag
UnityEngine.Debug:ExtractStackTraceNoAlloc (byte*,int,string)
UnityEngine.StackTraceUtility:ExtractStackTrace ()
UnityEngine.DebugLogHandler:Internal_Log (UnityEngine.LogType,UnityEngine.LogOption,string,UnityEngine.Object)
UnityEngine.DebugLogHandler:LogFormat (UnityEngine.LogType,UnityEngine.Object,string,object[])
UnityEngine.Logger:Log (UnityEngine.LogType,object)
UnityEngine.Debug:Log (object)
InventoryItem:OnDrag (UnityEngine.EventSystems.PointerEventData) (at Assets/InventoryItem.cs:80)
UnityEngine.EventSystems.ExecuteEvents:Execute (UnityEngine.EventSystems.IDragHandler,UnityEngine.EventSystems.BaseEventData) (at ./Library/PackageCache/com.unity.ugui@1c4864518158/Runtime/UGUI/EventSystem/ExecuteEvents.cs:78)
UnityEngine.EventSystems.ExecuteEvents:Execute<UnityEngine.EventSystems.IDragHandler> (UnityEngine.GameObject,UnityEngine.EventSystems.BaseEventData,UnityEngine.EventSystems.ExecuteEvents/EventFunction`1<UnityEngine.EventSystems.IDragHandler>) (at ./Library/PackageCache/com.unity.ugui@1c4864518158/Runtime/UGUI/EventSystem/ExecuteEvents.cs:272)
UnityEngine.InputSystem.UI.InputSystemUIInputModule:ProcessPointerButtonDrag (UnityEngine.InputSystem.UI.PointerModel/ButtonState&,UnityEngine.InputSystem.UI.ExtendedPointerEventData) (at ./Library/PackageCache/com.unity.inputsystem@7a4e1a2a8194/InputSystem/Runtime/Plugins/UI/InputSystemUIInputModule.cs:781)
UnityEngine.InputSystem.UI.InputSystemUIInputModule:ProcessPointer (UnityEngine.InputSystem.UI.PointerModel&) (at ./Library/PackageCache/com.unity.inputsystem@7a4e1a2a8194/InputSystem/Runtime/Plugins/UI/InputSystemUIInputModule.cs:487)
UnityEngine.InputSystem.UI.InputSystemUIInputModule:Process () (at ./Library/PackageCache/com.unity.inputsystem@7a4e1a2a8194/InputSystem/Runtime/Plugins/UI/InputSystemUIInputModule.cs:2405)
UnityEngine.EventSystems.EventSystem:Update () (at ./Library/PackageCache/com.unity.ugui@1c4864518158/Runtime/UGUI/EventSystem/EventSystem.cs:516)

(Filename: Assets/InventoryItem.cs Line: 80)

OnDrag
UnityEngine.Debug:ExtractStackTraceNoAlloc (byte*,int,string)
UnityEngine.StackTraceUtility:ExtractStackTrace ()
UnityEngine.DebugLogHandler:Internal_Log (UnityEngine.LogType,UnityEngine.LogOption,string,UnityEngine.Object)
UnityEngine.DebugLogHandler:LogFormat (UnityEngine.LogType,UnityEngine.Object,string,object[])
UnityEngine.Logger:Log (UnityEngine.LogType,object)
UnityEngine.Debug:Log (object)
InventoryItem:OnDrag (UnityEngine.EventSystems.PointerEventData) (at Assets/InventoryItem.cs:80)
UnityEngine.EventSystems.ExecuteEvents:Execute (UnityEngine.EventSystems.IDragHandler,UnityEngine.EventSystems.BaseEventData) (at ./Library/PackageCache/com.unity.ugui@1c4864518158/Runtime/UGUI/EventSystem/ExecuteEvents.cs:78)
UnityEngine.EventSystems.ExecuteEvents:Execute<UnityEngine.EventSystems.IDragHandler> (UnityEngine.GameObject,UnityEngine.EventSystems.BaseEventData,UnityEngine.EventSystems.ExecuteEvents/EventFunction`1<UnityEngine.EventSystems.IDragHandler>) (at ./Library/PackageCache/com.unity.ugui@1c4864518158/Runtime/UGUI/EventSystem/ExecuteEvents.cs:272)
UnityEngine.InputSystem.UI.InputSystemUIInputModule:ProcessPointerButtonDrag (UnityEngine.InputSystem.UI.PointerModel/ButtonState&,UnityEngine.InputSystem.UI.ExtendedPointerEventData) (at ./Library/PackageCache/com.unity.inputsystem@7a4e1a2a8194/InputSystem/Runtime/Plugins/UI/InputSystemUIInputModule.cs:781)
UnityEngine.InputSystem.UI.InputSystemUIInputModule:ProcessPointer (UnityEngine.InputSystem.UI.PointerModel&) (at ./Library/PackageCache/com.unity.inputsystem@7a4e1a2a8194/InputSystem/Runtime/Plugins/UI/InputSystemUIInputModule.cs:487)
UnityEngine.InputSystem.UI.InputSystemUIInputModule:Process () (at ./Library/PackageCache/com.unity.inputsystem@7a4e1a2a8194/InputSystem/Runtime/Plugins/UI/InputSystemUIInputModule.cs:2405)
UnityEngine.EventSystems.EventSystem:Update () (at ./Library/PackageCache/com.unity.ugui@1c4864518158/Runtime/UGUI/EventSystem/EventSystem.cs:516)

(Filename: Assets/InventoryItem.cs Line: 80)

OnDrag
UnityEngine.Debug:ExtractStackTraceNoAlloc (byte*,int,string)
UnityEngine.StackTraceUtility:ExtractStackTrace ()
UnityEngine.DebugLogHandler:Internal_Log (UnityEngine.LogType,UnityEngine.LogOption,string,UnityEngine.Object)
UnityEngine.DebugLogHandler:LogFormat (UnityEngine.LogType,UnityEngine.Object,string,object[])
UnityEngine.Logger:Log (UnityEngine.LogType,object)
UnityEngine.Debug:Log (object)
InventoryItem:OnDrag (UnityEngine.EventSystems.PointerEventData) (at Assets/InventoryItem.cs:80)
UnityEngine.EventSystems.ExecuteEvents:Execute (UnityEngine.EventSystems.IDragHandler,UnityEngine.EventSystems.BaseEventData) (at ./Library/PackageCache/com.unity.ugui@1c4864518158/Runtime/UGUI/EventSystem/ExecuteEvents.cs:78)
UnityEngine.EventSystems.ExecuteEvents:Execute<UnityEngine.EventSystems.IDragHandler> (UnityEngine.GameObject,UnityEngine.EventSystems.BaseEventData,UnityEngine.EventSystems.ExecuteEvents/EventFunction`1<UnityEngine.EventSystems.IDragHandler>) (at ./Library/PackageCache/com.unity.ugui@1c4864518158/Runtime/UGUI/EventSystem/ExecuteEvents.cs:272)
UnityEngine.InputSystem.UI.InputSystemUIInputModule:ProcessPointerButtonDrag (UnityEngine.InputSystem.UI.PointerModel/ButtonState&,UnityEngine.InputSystem.UI.ExtendedPointerEventData) (at ./Library/PackageCache/com.unity.inputsystem@7a4e1a2a8194/InputSystem/Runtime/Plugins/UI/InputSystemUIInputModule.cs:781)
UnityEngine.InputSystem.UI.InputSystemUIInputModule:ProcessPointer (UnityEngine.InputSystem.UI.PointerModel&) (at ./Library/PackageCache/com.unity.inputsystem@7a4e1a2a8194/InputSystem/Runtime/Plugins/UI/InputSystemUIInputModule.cs:487)
UnityEngine.InputSystem.UI.InputSystemUIInputModule:Process () (at ./Library/PackageCache/com.unity.inputsystem@7a4e1a2a8194/InputSystem/Runtime/Plugins/UI/InputSystemUIInputModule.cs:2405)
UnityEngine.EventSystems.EventSystem:Update () (at ./Library/PackageCache/com.unity.ugui@1c4864518158/Runtime/UGUI/EventSystem/EventSystem.cs:516)

(Filename: Assets/InventoryItem.cs Line: 80)

OnDrag
UnityEngine.Debug:ExtractStackTraceNoAlloc (byte*,int,string)
UnityEngine.StackTraceUtility:ExtractStackTrace ()
UnityEngine.DebugLogHandler:Internal_Log (UnityEngine.LogType,UnityEngine.LogOption,string,UnityEngine.Object)
UnityEngine.DebugLogHandler:LogFormat (UnityEngine.LogType,UnityEngine.Object,string,object[])
UnityEngine.Logger:Log (UnityEngine.LogType,object)
UnityEngine.Debug:Log (object)
InventoryItem:OnDrag (UnityEngine.EventSystems.PointerEventData) (at Assets/InventoryItem.cs:80)
UnityEngine.EventSystems.ExecuteEvents:Execute (UnityEngine.EventSystems.IDragHandler,UnityEngine.EventSystems.BaseEventData) (at ./Library/PackageCache/com.unity.ugui@1c4864518158/Runtime/UGUI/EventSystem/ExecuteEvents.cs:78)
UnityEngine.EventSystems.ExecuteEvents:Execute<UnityEngine.EventSystems.IDragHandler> (UnityEngine.GameObject,UnityEngine.EventSystems.BaseEventData,UnityEngine.EventSystems.ExecuteEvents/EventFunction`1<UnityEngine.EventSystems.IDragHandler>) (at ./Library/PackageCache/com.unity.ugui@1c4864518158/Runtime/UGUI/EventSystem/ExecuteEvents.cs:272)
UnityEngine.InputSystem.UI.InputSystemUIInputModule:ProcessPointerButtonDrag (UnityEngine.InputSystem.UI.PointerModel/ButtonState&,UnityEngine.InputSystem.UI.ExtendedPointerEventData) (at ./Library/PackageCache/com.unity.inputsystem@7a4e1a2a8194/InputSystem/Runtime/Plugins/UI/InputSystemUIInputModule.cs:781)
UnityEngine.InputSystem.UI.InputSystemUIInputModule:ProcessPointer (UnityEngine.InputSystem.UI.PointerModel&) (at ./Library/PackageCache/com.unity.inputsystem@7a4e1a2a8194/InputSystem/Runtime/Plugins/UI/InputSystemUIInputModule.cs:487)
UnityEngine.InputSystem.UI.InputSystemUIInputModule:Process () (at ./Library/PackageCache/com.unity.inputsystem@7a4e1a2a8194/InputSystem/Runtime/Plugins/UI/InputSystemUIInputModule.cs:2405)
UnityEngine.EventSystems.EventSystem:Update () (at ./Library/PackageCache/com.unity.ugui@1c4864518158/Runtime/UGUI/EventSystem/EventSystem.cs:516)

(Filename: Assets/InventoryItem.cs Line: 80)

OnDrag
UnityEngine.Debug:ExtractStackTraceNoAlloc (byte*,int,string)
UnityEngine.StackTraceUtility:ExtractStackTrace ()
UnityEngine.DebugLogHandler:Internal_Log (UnityEngine.LogType,UnityEngine.LogOption,string,UnityEngine.Object)
UnityEngine.DebugLogHandler:LogFormat (UnityEngine.LogType,UnityEngine.Object,string,object[])
UnityEngine.Logger:Log (UnityEngine.LogType,object)
UnityEngine.Debug:Log (object)
InventoryItem:OnDrag (UnityEngine.EventSystems.PointerEventData) (at Assets/InventoryItem.cs:80)
UnityEngine.EventSystems.ExecuteEvents:Execute (UnityEngine.EventSystems.IDragHandler,UnityEngine.EventSystems.BaseEventData) (at ./Library/PackageCache/com.unity.ugui@1c4864518158/Runtime/UGUI/EventSystem/ExecuteEvents.cs:78)
UnityEngine.EventSystems.ExecuteEvents:Execute<UnityEngine.EventSystems.IDragHandler> (UnityEngine.GameObject,UnityEngine.EventSystems.BaseEventData,UnityEngine.EventSystems.ExecuteEvents/EventFunction`1<UnityEngine.EventSystems.IDragHandler>) (at ./Library/PackageCache/com.unity.ugui@1c4864518158/Runtime/UGUI/EventSystem/ExecuteEvents.cs:272)
UnityEngine.InputSystem.UI.InputSystemUIInputModule:ProcessPointerButtonDrag (UnityEngine.InputSystem.UI.PointerModel/ButtonState&,UnityEngine.InputSystem.UI.ExtendedPointerEventData) (at ./Library/PackageCache/com.unity.inputsystem@7a4e1a2a8194/InputSystem/Runtime/Plugins/UI/InputSystemUIInputModule.cs:781)
UnityEngine.InputSystem.UI.InputSystemUIInputModule:ProcessPointer (UnityEngine.InputSystem.UI.PointerModel&) (at ./Library/PackageCache/com.unity.inputsystem@7a4e1a2a8194/InputSystem/Runtime/Plugins/UI/InputSystemUIInputModule.cs:487)
UnityEngine.InputSystem.UI.InputSystemUIInputModule:Process () (at ./Library/PackageCache/com.unity.inputsystem@7a4e1a2a8194/InputSystem/Runtime/Plugins/UI/InputSystemUIInputModule.cs:2405)
UnityEngine.EventSystems.EventSystem:Update () (at ./Library/PackageCache/com.unity.ugui@1c4864518158/Runtime/UGUI/EventSystem/EventSystem.cs:516)

(Filename: Assets/InventoryItem.cs Line: 80)

OnDrag
UnityEngine.Debug:ExtractStackTraceNoAlloc (byte*,int,string)
UnityEngine.StackTraceUtility:ExtractStackTrace ()
UnityEngine.DebugLogHandler:Internal_Log (UnityEngine.LogType,UnityEngine.LogOption,string,UnityEngine.Object)
UnityEngine.DebugLogHandler:LogFormat (UnityEngine.LogType,UnityEngine.Object,string,object[])
UnityEngine.Logger:Log (UnityEngine.LogType,object)
UnityEngine.Debug:Log (object)
InventoryItem:OnDrag (UnityEngine.EventSystems.PointerEventData) (at Assets/InventoryItem.cs:80)
UnityEngine.EventSystems.ExecuteEvents:Execute (UnityEngine.EventSystems.IDragHandler,UnityEngine.EventSystems.BaseEventData) (at ./Library/PackageCache/com.unity.ugui@1c4864518158/Runtime/UGUI/EventSystem/ExecuteEvents.cs:78)
UnityEngine.EventSystems.ExecuteEvents:Execute<UnityEngine.EventSystems.IDragHandler> (UnityEngine.GameObject,UnityEngine.EventSystems.BaseEventData,UnityEngine.EventSystems.ExecuteEvents/EventFunction`1<UnityEngine.EventSystems.IDragHandler>) (at ./Library/PackageCache/com.unity.ugui@1c4864518158/Runtime/UGUI/EventSystem/ExecuteEvents.cs:272)
UnityEngine.InputSystem.UI.InputSystemUIInputModule:ProcessPointerButtonDrag (UnityEngine.InputSystem.UI.PointerModel/ButtonState&,UnityEngine.InputSystem.UI.ExtendedPointerEventData) (at ./Library/PackageCache/com.unity.inputsystem@7a4e1a2a8194/InputSystem/Runtime/Plugins/UI/InputSystemUIInputModule.cs:781)
UnityEngine.InputSystem.UI.InputSystemUIInputModule:ProcessPointer (UnityEngine.InputSystem.UI.PointerModel&) (at ./Library/PackageCache/com.unity.inputsystem@7a4e1a2a8194/InputSystem/Runtime/Plugins/UI/InputSystemUIInputModule.cs:487)
UnityEngine.InputSystem.UI.InputSystemUIInputModule:Process () (at ./Library/PackageCache/com.unity.inputsystem@7a4e1a2a8194/InputSystem/Runtime/Plugins/UI/InputSystemUIInputModule.cs:2405)
UnityEngine.EventSystems.EventSystem:Update () (at ./Library/PackageCache/com.unity.ugui@1c4864518158/Runtime/UGUI/EventSystem/EventSystem.cs:516)

(Filename: Assets/InventoryItem.cs Line: 80)

OnDrag
UnityEngine.Debug:ExtractStackTraceNoAlloc (byte*,int,string)
UnityEngine.StackTraceUtility:ExtractStackTrace ()
UnityEngine.DebugLogHandler:Internal_Log (UnityEngine.LogType,UnityEngine.LogOption,string,UnityEngine.Object)
UnityEngine.DebugLogHandler:LogFormat (UnityEngine.LogType,UnityEngine.Object,string,object[])
UnityEngine.Logger:Log (UnityEngine.LogType,object)
UnityEngine.Debug:Log (object)
InventoryItem:OnDrag (UnityEngine.EventSystems.PointerEventData) (at Assets/InventoryItem.cs:80)
UnityEngine.EventSystems.ExecuteEvents:Execute (UnityEngine.EventSystems.IDragHandler,UnityEngine.EventSystems.BaseEventData) (at ./Library/PackageCache/com.unity.ugui@1c4864518158/Runtime/UGUI/EventSystem/ExecuteEvents.cs:78)
UnityEngine.EventSystems.ExecuteEvents:Execute<UnityEngine.EventSystems.IDragHandler> (UnityEngine.GameObject,UnityEngine.EventSystems.BaseEventData,UnityEngine.EventSystems.ExecuteEvents/EventFunction`1<UnityEngine.EventSystems.IDragHandler>) (at ./Library/PackageCache/com.unity.ugui@1c4864518158/Runtime/UGUI/EventSystem/ExecuteEvents.cs:272)
UnityEngine.InputSystem.UI.InputSystemUIInputModule:ProcessPointerButtonDrag (UnityEngine.InputSystem.UI.PointerModel/ButtonState&,UnityEngine.InputSystem.UI.ExtendedPointerEventData) (at ./Library/PackageCache/com.unity.inputsystem@7a4e1a2a8194/InputSystem/Runtime/Plugins/UI/InputSystemUIInputModule.cs:781)
UnityEngine.InputSystem.UI.InputSystemUIInputModule:ProcessPointer (UnityEngine.InputSystem.UI.PointerModel&) (at ./Library/PackageCache/com.unity.inputsystem@7a4e1a2a8194/InputSystem/Runtime/Plugins/UI/InputSystemUIInputModule.cs:487)
UnityEngine.InputSystem.UI.InputSystemUIInputModule:Process () (at ./Library/PackageCache/com.unity.inputsystem@7a4e1a2a8194/InputSystem/Runtime/Plugins/UI/InputSystemUIInputModule.cs:2405)
UnityEngine.EventSystems.EventSystem:Update () (at ./Library/PackageCache/com.unity.ugui@1c4864518158/Runtime/UGUI/EventSystem/EventSystem.cs:516)

(Filename: Assets/InventoryItem.cs Line: 80)

OnDrag
UnityEngine.Debug:ExtractStackTraceNoAlloc (byte*,int,string)
UnityEngine.StackTraceUtility:ExtractStackTrace ()
UnityEngine.DebugLogHandler:Internal_Log (UnityEngine.LogType,UnityEngine.LogOption,string,UnityEngine.Object)
UnityEngine.DebugLogHandler:LogFormat (UnityEngine.LogType,UnityEngine.Object,string,object[])
UnityEngine.Logger:Log (UnityEngine.LogType,object)
UnityEngine.Debug:Log (object)
InventoryItem:OnDrag (UnityEngine.EventSystems.PointerEventData) (at Assets/InventoryItem.cs:80)
UnityEngine.EventSystems.ExecuteEvents:Execute (UnityEngine.EventSystems.IDragHandler,UnityEngine.EventSystems.BaseEventData) (at ./Library/PackageCache/com.unity.ugui@1c4864518158/Runtime/UGUI/EventSystem/ExecuteEvents.cs:78)
UnityEngine.EventSystems.ExecuteEvents:Execute<UnityEngine.EventSystems.IDragHandler> (UnityEngine.GameObject,UnityEngine.EventSystems.BaseEventData,UnityEngine.EventSystems.ExecuteEvents/EventFunction`1<UnityEngine.EventSystems.IDragHandler>) (at ./Library/PackageCache/com.unity.ugui@1c4864518158/Runtime/UGUI/EventSystem/ExecuteEvents.cs:272)
UnityEngine.InputSystem.UI.InputSystemUIInputModule:ProcessPointerButtonDrag (UnityEngine.InputSystem.UI.PointerModel/ButtonState&,UnityEngine.InputSystem.UI.ExtendedPointerEventData) (at ./Library/PackageCache/com.unity.inputsystem@7a4e1a2a8194/InputSystem/Runtime/Plugins/UI/InputSystemUIInputModule.cs:781)
UnityEngine.InputSystem.UI.InputSystemUIInputModule:ProcessPointer (UnityEngine.InputSystem.UI.PointerModel&) (at ./Library/PackageCache/com.unity.inputsystem@7a4e1a2a8194/InputSystem/Runtime/Plugins/UI/InputSystemUIInputModule.cs:487)
UnityEngine.InputSystem.UI.InputSystemUIInputModule:Process () (at ./Library/PackageCache/com.unity.inputsystem@7a4e1a2a8194/InputSystem/Runtime/Plugins/UI/InputSystemUIInputModule.cs:2405)
UnityEngine.EventSystems.EventSystem:Update () (at ./Library/PackageCache/com.unity.ugui@1c4864518158/Runtime/UGUI/EventSystem/EventSystem.cs:516)

(Filename: Assets/InventoryItem.cs Line: 80)

OnDrag
UnityEngine.Debug:ExtractStackTraceNoAlloc (byte*,int,string)
UnityEngine.StackTraceUtility:ExtractStackTrace ()
UnityEngine.DebugLogHandler:Internal_Log (UnityEngine.LogType,UnityEngine.LogOption,string,UnityEngine.Object)
UnityEngine.DebugLogHandler:LogFormat (UnityEngine.LogType,UnityEngine.Object,string,object[])
UnityEngine.Logger:Log (UnityEngine.LogType,object)
UnityEngine.Debug:Log (object)
InventoryItem:OnDrag (UnityEngine.EventSystems.PointerEventData) (at Assets/InventoryItem.cs:80)
UnityEngine.EventSystems.ExecuteEvents:Execute (UnityEngine.EventSystems.IDragHandler,UnityEngine.EventSystems.BaseEventData) (at ./Library/PackageCache/com.unity.ugui@1c4864518158/Runtime/UGUI/EventSystem/ExecuteEvents.cs:78)
UnityEngine.EventSystems.ExecuteEvents:Execute<UnityEngine.EventSystems.IDragHandler> (UnityEngine.GameObject,UnityEngine.EventSystems.BaseEventData,UnityEngine.EventSystems.ExecuteEvents/EventFunction`1<UnityEngine.EventSystems.IDragHandler>) (at ./Library/PackageCache/com.unity.ugui@1c4864518158/Runtime/UGUI/EventSystem/ExecuteEvents.cs:272)
UnityEngine.InputSystem.UI.InputSystemUIInputModule:ProcessPointerButtonDrag (UnityEngine.InputSystem.UI.PointerModel/ButtonState&,UnityEngine.InputSystem.UI.ExtendedPointerEventData) (at ./Library/PackageCache/com.unity.inputsystem@7a4e1a2a8194/InputSystem/Runtime/Plugins/UI/InputSystemUIInputModule.cs:781)
UnityEngine.InputSystem.UI.InputSystemUIInputModule:ProcessPointer (UnityEngine.InputSystem.UI.PointerModel&) (at ./Library/PackageCache/com.unity.inputsystem@7a4e1a2a8194/InputSystem/Runtime/Plugins/UI/InputSystemUIInputModule.cs:487)
UnityEngine.InputSystem.UI.InputSystemUIInputModule:Process () (at ./Library/PackageCache/com.unity.inputsystem@7a4e1a2a8194/InputSystem/Runtime/Plugins/UI/InputSystemUIInputModule.cs:2405)
UnityEngine.EventSystems.EventSystem:Update () (at ./Library/PackageCache/com.unity.ugui@1c4864518158/Runtime/UGUI/EventSystem/EventSystem.cs:516)

(Filename: Assets/InventoryItem.cs Line: 80)

OnDrag
UnityEngine.Debug:ExtractStackTraceNoAlloc (byte*,int,string)
UnityEngine.StackTraceUtility:ExtractStackTrace ()
UnityEngine.DebugLogHandler:Internal_Log (UnityEngine.LogType,UnityEngine.LogOption,string,UnityEngine.Object)
UnityEngine.DebugLogHandler:LogFormat (UnityEngine.LogType,UnityEngine.Object,string,object[])
UnityEngine.Logger:Log (UnityEngine.LogType,object)
UnityEngine.Debug:Log (object)
InventoryItem:OnDrag (UnityEngine.EventSystems.PointerEventData) (at Assets/InventoryItem.cs:80)
UnityEngine.EventSystems.ExecuteEvents:Execute (UnityEngine.EventSystems.IDragHandler,UnityEngine.EventSystems.BaseEventData) (at ./Library/PackageCache/com.unity.ugui@1c4864518158/Runtime/UGUI/EventSystem/ExecuteEvents.cs:78)
UnityEngine.EventSystems.ExecuteEvents:Execute<UnityEngine.EventSystems.IDragHandler> (UnityEngine.GameObject,UnityEngine.EventSystems.BaseEventData,UnityEngine.EventSystems.ExecuteEvents/EventFunction`1<UnityEngine.EventSystems.IDragHandler>) (at ./Library/PackageCache/com.unity.ugui@1c4864518158/Runtime/UGUI/EventSystem/ExecuteEvents.cs:272)
UnityEngine.InputSystem.UI.InputSystemUIInputModule:ProcessPointerButtonDrag (UnityEngine.InputSystem.UI.PointerModel/ButtonState&,UnityEngine.InputSystem.UI.ExtendedPointerEventData) (at ./Library/PackageCache/com.unity.inputsystem@7a4e1a2a8194/InputSystem/Runtime/Plugins/UI/InputSystemUIInputModule.cs:781)
UnityEngine.InputSystem.UI.InputSystemUIInputModule:ProcessPointer (UnityEngine.InputSystem.UI.PointerModel&) (at ./Library/PackageCache/com.unity.inputsystem@7a4e1a2a8194/InputSystem/Runtime/Plugins/UI/InputSystemUIInputModule.cs:487)
UnityEngine.InputSystem.UI.InputSystemUIInputModule:Process () (at ./Library/PackageCache/com.unity.inputsystem@7a4e1a2a8194/InputSystem/Runtime/Plugins/UI/InputSystemUIInputModule.cs:2405)
UnityEngine.EventSystems.EventSystem:Update () (at ./Library/PackageCache/com.unity.ugui@1c4864518158/Runtime/UGUI/EventSystem/EventSystem.cs:516)

(Filename: Assets/InventoryItem.cs Line: 80)

OnDrag
UnityEngine.Debug:ExtractStackTraceNoAlloc (byte*,int,string)
UnityEngine.StackTraceUtility:ExtractStackTrace ()
UnityEngine.DebugLogHandler:Internal_Log (UnityEngine.LogType,UnityEngine.LogOption,string,UnityEngine.Object)
UnityEngine.DebugLogHandler:LogFormat (UnityEngine.LogType,UnityEngine.Object,string,object[])
UnityEngine.Logger:Log (UnityEngine.LogType,object)
UnityEngine.Debug:Log (object)
InventoryItem:OnDrag (UnityEngine.EventSystems.PointerEventData) (at Assets/InventoryItem.cs:80)
UnityEngine.EventSystems.ExecuteEvents:Execute (UnityEngine.EventSystems.IDragHandler,UnityEngine.EventSystems.BaseEventData) (at ./Library/PackageCache/com.unity.ugui@1c4864518158/Runtime/UGUI/EventSystem/ExecuteEvents.cs:78)
UnityEngine.EventSystems.ExecuteEvents:Execute<UnityEngine.EventSystems.IDragHandler> (UnityEngine.GameObject,UnityEngine.EventSystems.BaseEventData,UnityEngine.EventSystems.ExecuteEvents/EventFunction`1<UnityEngine.EventSystems.IDragHandler>) (at ./Library/PackageCache/com.unity.ugui@1c4864518158/Runtime/UGUI/EventSystem/ExecuteEvents.cs:272)
UnityEngine.InputSystem.UI.InputSystemUIInputModule:ProcessPointerButtonDrag (UnityEngine.InputSystem.UI.PointerModel/ButtonState&,UnityEngine.InputSystem.UI.ExtendedPointerEventData) (at ./Library/PackageCache/com.unity.inputsystem@7a4e1a2a8194/InputSystem/Runtime/Plugins/UI/InputSystemUIInputModule.cs:781)
UnityEngine.InputSystem.UI.InputSystemUIInputModule:ProcessPointer (UnityEngine.InputSystem.UI.PointerModel&) (at ./Library/PackageCache/com.unity.inputsystem@7a4e1a2a8194/InputSystem/Runtime/Plugins/UI/InputSystemUIInputModule.cs:487)
UnityEngine.InputSystem.UI.InputSystemUIInputModule:Process () (at ./Library/PackageCache/com.unity.inputsystem@7a4e1a2a8194/InputSystem/Runtime/Plugins/UI/InputSystemUIInputModule.cs:2405)
UnityEngine.EventSystems.EventSystem:Update () (at ./Library/PackageCache/com.unity.ugui@1c4864518158/Runtime/UGUI/EventSystem/EventSystem.cs:516)

(Filename: Assets/InventoryItem.cs Line: 80)

OnDrag
UnityEngine.Debug:ExtractStackTraceNoAlloc (byte*,int,string)
UnityEngine.StackTraceUtility:ExtractStackTrace ()
UnityEngine.DebugLogHandler:Internal_Log (UnityEngine.LogType,UnityEngine.LogOption,string,UnityEngine.Object)
UnityEngine.DebugLogHandler:LogFormat (UnityEngine.LogType,UnityEngine.Object,string,object[])
UnityEngine.Logger:Log (UnityEngine.LogType,object)
UnityEngine.Debug:Log (object)
InventoryItem:OnDrag (UnityEngine.EventSystems.PointerEventData) (at Assets/InventoryItem.cs:80)
UnityEngine.EventSystems.ExecuteEvents:Execute (UnityEngine.EventSystems.IDragHandler,UnityEngine.EventSystems.BaseEventData) (at ./Library/PackageCache/com.unity.ugui@1c4864518158/Runtime/UGUI/EventSystem/ExecuteEvents.cs:78)
UnityEngine.EventSystems.ExecuteEvents:Execute<UnityEngine.EventSystems.IDragHandler> (UnityEngine.GameObject,UnityEngine.EventSystems.BaseEventData,UnityEngine.EventSystems.ExecuteEvents/EventFunction`1<UnityEngine.EventSystems.IDragHandler>) (at ./Library/PackageCache/com.unity.ugui@1c4864518158/Runtime/UGUI/EventSystem/ExecuteEvents.cs:272)
UnityEngine.InputSystem.UI.InputSystemUIInputModule:ProcessPointerButtonDrag (UnityEngine.InputSystem.UI.PointerModel/ButtonState&,UnityEngine.InputSystem.UI.ExtendedPointerEventData) (at ./Library/PackageCache/com.unity.inputsystem@7a4e1a2a8194/InputSystem/Runtime/Plugins/UI/InputSystemUIInputModule.cs:781)
UnityEngine.InputSystem.UI.InputSystemUIInputModule:ProcessPointer (UnityEngine.InputSystem.UI.PointerModel&) (at ./Library/PackageCache/com.unity.inputsystem@7a4e1a2a8194/InputSystem/Runtime/Plugins/UI/InputSystemUIInputModule.cs:487)
UnityEngine.InputSystem.UI.InputSystemUIInputModule:Process () (at ./Library/PackageCache/com.unity.inputsystem@7a4e1a2a8194/InputSystem/Runtime/Plugins/UI/InputSystemUIInputModule.cs:2405)
UnityEngine.EventSystems.EventSystem:Update () (at ./Library/PackageCache/com.unity.ugui@1c4864518158/Runtime/UGUI/EventSystem/EventSystem.cs:516)

(Filename: Assets/InventoryItem.cs Line: 80)

OnDrag
UnityEngine.Debug:ExtractStackTraceNoAlloc (byte*,int,string)
UnityEngine.StackTraceUtility:ExtractStackTrace ()
UnityEngine.DebugLogHandler:Internal_Log (UnityEngine.LogType,UnityEngine.LogOption,string,UnityEngine.Object)
UnityEngine.DebugLogHandler:LogFormat (UnityEngine.LogType,UnityEngine.Object,string,object[])
UnityEngine.Logger:Log (UnityEngine.LogType,object)
UnityEngine.Debug:Log (object)
InventoryItem:OnDrag (UnityEngine.EventSystems.PointerEventData) (at Assets/InventoryItem.cs:80)
UnityEngine.EventSystems.ExecuteEvents:Execute (UnityEngine.EventSystems.IDragHandler,UnityEngine.EventSystems.BaseEventData) (at ./Library/PackageCache/com.unity.ugui@1c4864518158/Runtime/UGUI/EventSystem/ExecuteEvents.cs:78)
UnityEngine.EventSystems.ExecuteEvents:Execute<UnityEngine.EventSystems.IDragHandler> (UnityEngine.GameObject,UnityEngine.EventSystems.BaseEventData,UnityEngine.EventSystems.ExecuteEvents/EventFunction`1<UnityEngine.EventSystems.IDragHandler>) (at ./Library/PackageCache/com.unity.ugui@1c4864518158/Runtime/UGUI/EventSystem/ExecuteEvents.cs:272)
UnityEngine.InputSystem.UI.InputSystemUIInputModule:ProcessPointerButtonDrag (UnityEngine.InputSystem.UI.PointerModel/ButtonState&,UnityEngine.InputSystem.UI.ExtendedPointerEventData) (at ./Library/PackageCache/com.unity.inputsystem@7a4e1a2a8194/InputSystem/Runtime/Plugins/UI/InputSystemUIInputModule.cs:781)
UnityEngine.InputSystem.UI.InputSystemUIInputModule:ProcessPointer (UnityEngine.InputSystem.UI.PointerModel&) (at ./Library/PackageCache/com.unity.inputsystem@7a4e1a2a8194/InputSystem/Runtime/Plugins/UI/InputSystemUIInputModule.cs:487)
UnityEngine.InputSystem.UI.InputSystemUIInputModule:Process () (at ./Library/PackageCache/com.unity.inputsystem@7a4e1a2a8194/InputSystem/Runtime/Plugins/UI/InputSystemUIInputModule.cs:2405)
UnityEngine.EventSystems.EventSystem:Update () (at ./Library/PackageCache/com.unity.ugui@1c4864518158/Runtime/UGUI/EventSystem/EventSystem.cs:516)

(Filename: Assets/InventoryItem.cs Line: 80)

OnDrag
UnityEngine.Debug:ExtractStackTraceNoAlloc (byte*,int,string)
UnityEngine.StackTraceUtility:ExtractStackTrace ()
UnityEngine.DebugLogHandler:Internal_Log (UnityEngine.LogType,UnityEngine.LogOption,string,UnityEngine.Object)
UnityEngine.DebugLogHandler:LogFormat (UnityEngine.LogType,UnityEngine.Object,string,object[])
UnityEngine.Logger:Log (UnityEngine.LogType,object)
UnityEngine.Debug:Log (object)
InventoryItem:OnDrag (UnityEngine.EventSystems.PointerEventData) (at Assets/InventoryItem.cs:80)
UnityEngine.EventSystems.ExecuteEvents:Execute (UnityEngine.EventSystems.IDragHandler,UnityEngine.EventSystems.BaseEventData) (at ./Library/PackageCache/com.unity.ugui@1c4864518158/Runtime/UGUI/EventSystem/ExecuteEvents.cs:78)
UnityEngine.EventSystems.ExecuteEvents:Execute<UnityEngine.EventSystems.IDragHandler> (UnityEngine.GameObject,UnityEngine.EventSystems.BaseEventData,UnityEngine.EventSystems.ExecuteEvents/EventFunction`1<UnityEngine.EventSystems.IDragHandler>) (at ./Library/PackageCache/com.unity.ugui@1c4864518158/Runtime/UGUI/EventSystem/ExecuteEvents.cs:272)
UnityEngine.InputSystem.UI.InputSystemUIInputModule:ProcessPointerButtonDrag (UnityEngine.InputSystem.UI.PointerModel/ButtonState&,UnityEngine.InputSystem.UI.ExtendedPointerEventData) (at ./Library/PackageCache/com.unity.inputsystem@7a4e1a2a8194/InputSystem/Runtime/Plugins/UI/InputSystemUIInputModule.cs:781)
UnityEngine.InputSystem.UI.InputSystemUIInputModule:ProcessPointer (UnityEngine.InputSystem.UI.PointerModel&) (at ./Library/PackageCache/com.unity.inputsystem@7a4e1a2a8194/InputSystem/Runtime/Plugins/UI/InputSystemUIInputModule.cs:487)
UnityEngine.InputSystem.UI.InputSystemUIInputModule:Process () (at ./Library/PackageCache/com.unity.inputsystem@7a4e1a2a8194/InputSystem/Runtime/Plugins/UI/InputSystemUIInputModule.cs:2405)
UnityEngine.EventSystems.EventSystem:Update () (at ./Library/PackageCache/com.unity.ugui@1c4864518158/Runtime/UGUI/EventSystem/EventSystem.cs:516)

(Filename: Assets/InventoryItem.cs Line: 80)

OnDrag
UnityEngine.Debug:ExtractStackTraceNoAlloc (byte*,int,string)
UnityEngine.StackTraceUtility:ExtractStackTrace ()
UnityEngine.DebugLogHandler:Internal_Log (UnityEngine.LogType,UnityEngine.LogOption,string,UnityEngine.Object)
UnityEngine.DebugLogHandler:LogFormat (UnityEngine.LogType,UnityEngine.Object,string,object[])
UnityEngine.Logger:Log (UnityEngine.LogType,object)
UnityEngine.Debug:Log (object)
InventoryItem:OnDrag (UnityEngine.EventSystems.PointerEventData) (at Assets/InventoryItem.cs:80)
UnityEngine.EventSystems.ExecuteEvents:Execute (UnityEngine.EventSystems.IDragHandler,UnityEngine.EventSystems.BaseEventData) (at ./Library/PackageCache/com.unity.ugui@1c4864518158/Runtime/UGUI/EventSystem/ExecuteEvents.cs:78)
UnityEngine.EventSystems.ExecuteEvents:Execute<UnityEngine.EventSystems.IDragHandler> (UnityEngine.GameObject,UnityEngine.EventSystems.BaseEventData,UnityEngine.EventSystems.ExecuteEvents/EventFunction`1<UnityEngine.EventSystems.IDragHandler>) (at ./Library/PackageCache/com.unity.ugui@1c4864518158/Runtime/UGUI/EventSystem/ExecuteEvents.cs:272)
UnityEngine.InputSystem.UI.InputSystemUIInputModule:ProcessPointerButtonDrag (UnityEngine.InputSystem.UI.PointerModel/ButtonState&,UnityEngine.InputSystem.UI.ExtendedPointerEventData) (at ./Library/PackageCache/com.unity.inputsystem@7a4e1a2a8194/InputSystem/Runtime/Plugins/UI/InputSystemUIInputModule.cs:781)
UnityEngine.InputSystem.UI.InputSystemUIInputModule:ProcessPointer (UnityEngine.InputSystem.UI.PointerModel&) (at ./Library/PackageCache/com.unity.inputsystem@7a4e1a2a8194/InputSystem/Runtime/Plugins/UI/InputSystemUIInputModule.cs:487)
UnityEngine.InputSystem.UI.InputSystemUIInputModule:Process () (at ./Library/PackageCache/com.unity.inputsystem@7a4e1a2a8194/InputSystem/Runtime/Plugins/UI/InputSystemUIInputModule.cs:2405)
UnityEngine.EventSystems.EventSystem:Update () (at ./Library/PackageCache/com.unity.ugui@1c4864518158/Runtime/UGUI/EventSystem/EventSystem.cs:516)

(Filename: Assets/InventoryItem.cs Line: 80)

OnDrag
UnityEngine.Debug:ExtractStackTraceNoAlloc (byte*,int,string)
UnityEngine.StackTraceUtility:ExtractStackTrace ()
UnityEngine.DebugLogHandler:Internal_Log (UnityEngine.LogType,UnityEngine.LogOption,string,UnityEngine.Object)
UnityEngine.DebugLogHandler:LogFormat (UnityEngine.LogType,UnityEngine.Object,string,object[])
UnityEngine.Logger:Log (UnityEngine.LogType,object)
UnityEngine.Debug:Log (object)
InventoryItem:OnDrag (UnityEngine.EventSystems.PointerEventData) (at Assets/InventoryItem.cs:80)
UnityEngine.EventSystems.ExecuteEvents:Execute (UnityEngine.EventSystems.IDragHandler,UnityEngine.EventSystems.BaseEventData) (at ./Library/PackageCache/com.unity.ugui@1c4864518158/Runtime/UGUI/EventSystem/ExecuteEvents.cs:78)
UnityEngine.EventSystems.ExecuteEvents:Execute<UnityEngine.EventSystems.IDragHandler> (UnityEngine.GameObject,UnityEngine.EventSystems.BaseEventData,UnityEngine.EventSystems.ExecuteEvents/EventFunction`1<UnityEngine.EventSystems.IDragHandler>) (at ./Library/PackageCache/com.unity.ugui@1c4864518158/Runtime/UGUI/EventSystem/ExecuteEvents.cs:272)
UnityEngine.InputSystem.UI.InputSystemUIInputModule:ProcessPointerButtonDrag (UnityEngine.InputSystem.UI.PointerModel/ButtonState&,UnityEngine.InputSystem.UI.ExtendedPointerEventData) (at ./Library/PackageCache/com.unity.inputsystem@7a4e1a2a8194/InputSystem/Runtime/Plugins/UI/InputSystemUIInputModule.cs:781)
UnityEngine.InputSystem.UI.InputSystemUIInputModule:ProcessPointer (UnityEngine.InputSystem.UI.PointerModel&) (at ./Library/PackageCache/com.unity.inputsystem@7a4e1a2a8194/InputSystem/Runtime/Plugins/UI/InputSystemUIInputModule.cs:487)
UnityEngine.InputSystem.UI.InputSystemUIInputModule:Process () (at ./Library/PackageCache/com.unity.inputsystem@7a4e1a2a8194/InputSystem/Runtime/Plugins/UI/InputSystemUIInputModule.cs:2405)
UnityEngine.EventSystems.EventSystem:Update () (at ./Library/PackageCache/com.unity.ugui@1c4864518158/Runtime/UGUI/EventSystem/EventSystem.cs:516)

(Filename: Assets/InventoryItem.cs Line: 80)

OnDrag
UnityEngine.Debug:ExtractStackTraceNoAlloc (byte*,int,string)
UnityEngine.StackTraceUtility:ExtractStackTrace ()
UnityEngine.DebugLogHandler:Internal_Log (UnityEngine.LogType,UnityEngine.LogOption,string,UnityEngine.Object)
UnityEngine.DebugLogHandler:LogFormat (UnityEngine.LogType,UnityEngine.Object,string,object[])
UnityEngine.Logger:Log (UnityEngine.LogType,object)
UnityEngine.Debug:Log (object)
InventoryItem:OnDrag (UnityEngine.EventSystems.PointerEventData) (at Assets/InventoryItem.cs:80)
UnityEngine.EventSystems.ExecuteEvents:Execute (UnityEngine.EventSystems.IDragHandler,UnityEngine.EventSystems.BaseEventData) (at ./Library/PackageCache/com.unity.ugui@1c4864518158/Runtime/UGUI/EventSystem/ExecuteEvents.cs:78)
UnityEngine.EventSystems.ExecuteEvents:Execute<UnityEngine.EventSystems.IDragHandler> (UnityEngine.GameObject,UnityEngine.EventSystems.BaseEventData,UnityEngine.EventSystems.ExecuteEvents/EventFunction`1<UnityEngine.EventSystems.IDragHandler>) (at ./Library/PackageCache/com.unity.ugui@1c4864518158/Runtime/UGUI/EventSystem/ExecuteEvents.cs:272)
UnityEngine.InputSystem.UI.InputSystemUIInputModule:ProcessPointerButtonDrag (UnityEngine.InputSystem.UI.PointerModel/ButtonState&,UnityEngine.InputSystem.UI.ExtendedPointerEventData) (at ./Library/PackageCache/com.unity.inputsystem@7a4e1a2a8194/InputSystem/Runtime/Plugins/UI/InputSystemUIInputModule.cs:781)
UnityEngine.InputSystem.UI.InputSystemUIInputModule:ProcessPointer (UnityEngine.InputSystem.UI.PointerModel&) (at ./Library/PackageCache/com.unity.inputsystem@7a4e1a2a8194/InputSystem/Runtime/Plugins/UI/InputSystemUIInputModule.cs:487)
UnityEngine.InputSystem.UI.InputSystemUIInputModule:Process () (at ./Library/PackageCache/com.unity.inputsystem@7a4e1a2a8194/InputSystem/Runtime/Plugins/UI/InputSystemUIInputModule.cs:2405)
UnityEngine.EventSystems.EventSystem:Update () (at ./Library/PackageCache/com.unity.ugui@1c4864518158/Runtime/UGUI/EventSystem/EventSystem.cs:516)

(Filename: Assets/InventoryItem.cs Line: 80)

OnDrag
UnityEngine.Debug:ExtractStackTraceNoAlloc (byte*,int,string)
UnityEngine.StackTraceUtility:ExtractStackTrace ()
UnityEngine.DebugLogHandler:Internal_Log (UnityEngine.LogType,UnityEngine.LogOption,string,UnityEngine.Object)
UnityEngine.DebugLogHandler:LogFormat (UnityEngine.LogType,UnityEngine.Object,string,object[])
UnityEngine.Logger:Log (UnityEngine.LogType,object)
UnityEngine.Debug:Log (object)
InventoryItem:OnDrag (UnityEngine.EventSystems.PointerEventData) (at Assets/InventoryItem.cs:80)
UnityEngine.EventSystems.ExecuteEvents:Execute (UnityEngine.EventSystems.IDragHandler,UnityEngine.EventSystems.BaseEventData) (at ./Library/PackageCache/com.unity.ugui@1c4864518158/Runtime/UGUI/EventSystem/ExecuteEvents.cs:78)
UnityEngine.EventSystems.ExecuteEvents:Execute<UnityEngine.EventSystems.IDragHandler> (UnityEngine.GameObject,UnityEngine.EventSystems.BaseEventData,UnityEngine.EventSystems.ExecuteEvents/EventFunction`1<UnityEngine.EventSystems.IDragHandler>) (at ./Library/PackageCache/com.unity.ugui@1c4864518158/Runtime/UGUI/EventSystem/ExecuteEvents.cs:272)
UnityEngine.InputSystem.UI.InputSystemUIInputModule:ProcessPointerButtonDrag (UnityEngine.InputSystem.UI.PointerModel/ButtonState&,UnityEngine.InputSystem.UI.ExtendedPointerEventData) (at ./Library/PackageCache/com.unity.inputsystem@7a4e1a2a8194/InputSystem/Runtime/Plugins/UI/InputSystemUIInputModule.cs:781)
UnityEngine.InputSystem.UI.InputSystemUIInputModule:ProcessPointer (UnityEngine.InputSystem.UI.PointerModel&) (at ./Library/PackageCache/com.unity.inputsystem@7a4e1a2a8194/InputSystem/Runtime/Plugins/UI/InputSystemUIInputModule.cs:487)
UnityEngine.InputSystem.UI.InputSystemUIInputModule:Process () (at ./Library/PackageCache/com.unity.inputsystem@7a4e1a2a8194/InputSystem/Runtime/Plugins/UI/InputSystemUIInputModule.cs:2405)
UnityEngine.EventSystems.EventSystem:Update () (at ./Library/PackageCache/com.unity.ugui@1c4864518158/Runtime/UGUI/EventSystem/EventSystem.cs:516)

(Filename: Assets/InventoryItem.cs Line: 80)

OnDrag
UnityEngine.Debug:ExtractStackTraceNoAlloc (byte*,int,string)
UnityEngine.StackTraceUtility:ExtractStackTrace ()
UnityEngine.DebugLogHandler:Internal_Log (UnityEngine.LogType,UnityEngine.LogOption,string,UnityEngine.Object)
UnityEngine.DebugLogHandler:LogFormat (UnityEngine.LogType,UnityEngine.Object,string,object[])
UnityEngine.Logger:Log (UnityEngine.LogType,object)
UnityEngine.Debug:Log (object)
InventoryItem:OnDrag (UnityEngine.EventSystems.PointerEventData) (at Assets/InventoryItem.cs:80)
UnityEngine.EventSystems.ExecuteEvents:Execute (UnityEngine.EventSystems.IDragHandler,UnityEngine.EventSystems.BaseEventData) (at ./Library/PackageCache/com.unity.ugui@1c4864518158/Runtime/UGUI/EventSystem/ExecuteEvents.cs:78)
UnityEngine.EventSystems.ExecuteEvents:Execute<UnityEngine.EventSystems.IDragHandler> (UnityEngine.GameObject,UnityEngine.EventSystems.BaseEventData,UnityEngine.EventSystems.ExecuteEvents/EventFunction`1<UnityEngine.EventSystems.IDragHandler>) (at ./Library/PackageCache/com.unity.ugui@1c4864518158/Runtime/UGUI/EventSystem/ExecuteEvents.cs:272)
UnityEngine.InputSystem.UI.InputSystemUIInputModule:ProcessPointerButtonDrag (UnityEngine.InputSystem.UI.PointerModel/ButtonState&,UnityEngine.InputSystem.UI.ExtendedPointerEventData) (at ./Library/PackageCache/com.unity.inputsystem@7a4e1a2a8194/InputSystem/Runtime/Plugins/UI/InputSystemUIInputModule.cs:781)
UnityEngine.InputSystem.UI.InputSystemUIInputModule:ProcessPointer (UnityEngine.InputSystem.UI.PointerModel&) (at ./Library/PackageCache/com.unity.inputsystem@7a4e1a2a8194/InputSystem/Runtime/Plugins/UI/InputSystemUIInputModule.cs:487)
UnityEngine.InputSystem.UI.InputSystemUIInputModule:Process () (at ./Library/PackageCache/com.unity.inputsystem@7a4e1a2a8194/InputSystem/Runtime/Plugins/UI/InputSystemUIInputModule.cs:2405)
UnityEngine.EventSystems.EventSystem:Update () (at ./Library/PackageCache/com.unity.ugui@1c4864518158/Runtime/UGUI/EventSystem/EventSystem.cs:516)

(Filename: Assets/InventoryItem.cs Line: 80)

OnDrag
UnityEngine.Debug:ExtractStackTraceNoAlloc (byte*,int,string)
UnityEngine.StackTraceUtility:ExtractStackTrace ()
UnityEngine.DebugLogHandler:Internal_Log (UnityEngine.LogType,UnityEngine.LogOption,string,UnityEngine.Object)
UnityEngine.DebugLogHandler:LogFormat (UnityEngine.LogType,UnityEngine.Object,string,object[])
UnityEngine.Logger:Log (UnityEngine.LogType,object)
UnityEngine.Debug:Log (object)
InventoryItem:OnDrag (UnityEngine.EventSystems.PointerEventData) (at Assets/InventoryItem.cs:80)
UnityEngine.EventSystems.ExecuteEvents:Execute (UnityEngine.EventSystems.IDragHandler,UnityEngine.EventSystems.BaseEventData) (at ./Library/PackageCache/com.unity.ugui@1c4864518158/Runtime/UGUI/EventSystem/ExecuteEvents.cs:78)
UnityEngine.EventSystems.ExecuteEvents:Execute<UnityEngine.EventSystems.IDragHandler> (UnityEngine.GameObject,UnityEngine.EventSystems.BaseEventData,UnityEngine.EventSystems.ExecuteEvents/EventFunction`1<UnityEngine.EventSystems.IDragHandler>) (at ./Library/PackageCache/com.unity.ugui@1c4864518158/Runtime/UGUI/EventSystem/ExecuteEvents.cs:272)
UnityEngine.InputSystem.UI.InputSystemUIInputModule:ProcessPointerButtonDrag (UnityEngine.InputSystem.UI.PointerModel/ButtonState&,UnityEngine.InputSystem.UI.ExtendedPointerEventData) (at ./Library/PackageCache/com.unity.inputsystem@7a4e1a2a8194/InputSystem/Runtime/Plugins/UI/InputSystemUIInputModule.cs:781)
UnityEngine.InputSystem.UI.InputSystemUIInputModule:ProcessPointer (UnityEngine.InputSystem.UI.PointerModel&) (at ./Library/PackageCache/com.unity.inputsystem@7a4e1a2a8194/InputSystem/Runtime/Plugins/UI/InputSystemUIInputModule.cs:487)
UnityEngine.InputSystem.UI.InputSystemUIInputModule:Process () (at ./Library/PackageCache/com.unity.inputsystem@7a4e1a2a8194/InputSystem/Runtime/Plugins/UI/InputSystemUIInputModule.cs:2405)
UnityEngine.EventSystems.EventSystem:Update () (at ./Library/PackageCache/com.unity.ugui@1c4864518158/Runtime/UGUI/EventSystem/EventSystem.cs:516)

(Filename: Assets/InventoryItem.cs Line: 80)

OnDrag
UnityEngine.Debug:ExtractStackTraceNoAlloc (byte*,int,string)
UnityEngine.StackTraceUtility:ExtractStackTrace ()
UnityEngine.DebugLogHandler:Internal_Log (UnityEngine.LogType,UnityEngine.LogOption,string,UnityEngine.Object)
UnityEngine.DebugLogHandler:LogFormat (UnityEngine.LogType,UnityEngine.Object,string,object[])
UnityEngine.Logger:Log (UnityEngine.LogType,object)
UnityEngine.Debug:Log (object)
InventoryItem:OnDrag (UnityEngine.EventSystems.PointerEventData) (at Assets/InventoryItem.cs:80)
UnityEngine.EventSystems.ExecuteEvents:Execute (UnityEngine.EventSystems.IDragHandler,UnityEngine.EventSystems.BaseEventData) (at ./Library/PackageCache/com.unity.ugui@1c4864518158/Runtime/UGUI/EventSystem/ExecuteEvents.cs:78)
UnityEngine.EventSystems.ExecuteEvents:Execute<UnityEngine.EventSystems.IDragHandler> (UnityEngine.GameObject,UnityEngine.EventSystems.BaseEventData,UnityEngine.EventSystems.ExecuteEvents/EventFunction`1<UnityEngine.EventSystems.IDragHandler>) (at ./Library/PackageCache/com.unity.ugui@1c4864518158/Runtime/UGUI/EventSystem/ExecuteEvents.cs:272)
UnityEngine.InputSystem.UI.InputSystemUIInputModule:ProcessPointerButtonDrag (UnityEngine.InputSystem.UI.PointerModel/ButtonState&,UnityEngine.InputSystem.UI.ExtendedPointerEventData) (at ./Library/PackageCache/com.unity.inputsystem@7a4e1a2a8194/InputSystem/Runtime/Plugins/UI/InputSystemUIInputModule.cs:781)
UnityEngine.InputSystem.UI.InputSystemUIInputModule:ProcessPointer (UnityEngine.InputSystem.UI.PointerModel&) (at ./Library/PackageCache/com.unity.inputsystem@7a4e1a2a8194/InputSystem/Runtime/Plugins/UI/InputSystemUIInputModule.cs:487)
UnityEngine.InputSystem.UI.InputSystemUIInputModule:Process () (at ./Library/PackageCache/com.unity.inputsystem@7a4e1a2a8194/InputSystem/Runtime/Plugins/UI/InputSystemUIInputModule.cs:2405)
UnityEngine.EventSystems.EventSystem:Update () (at ./Library/PackageCache/com.unity.ugui@1c4864518158/Runtime/UGUI/EventSystem/EventSystem.cs:516)

(Filename: Assets/InventoryItem.cs Line: 80)

OnDrag
UnityEngine.Debug:ExtractStackTraceNoAlloc (byte*,int,string)
UnityEngine.StackTraceUtility:ExtractStackTrace ()
UnityEngine.DebugLogHandler:Internal_Log (UnityEngine.LogType,UnityEngine.LogOption,string,UnityEngine.Object)
UnityEngine.DebugLogHandler:LogFormat (UnityEngine.LogType,UnityEngine.Object,string,object[])
UnityEngine.Logger:Log (UnityEngine.LogType,object)
UnityEngine.Debug:Log (object)
InventoryItem:OnDrag (UnityEngine.EventSystems.PointerEventData) (at Assets/InventoryItem.cs:80)
UnityEngine.EventSystems.ExecuteEvents:Execute (UnityEngine.EventSystems.IDragHandler,UnityEngine.EventSystems.BaseEventData) (at ./Library/PackageCache/com.unity.ugui@1c4864518158/Runtime/UGUI/EventSystem/ExecuteEvents.cs:78)
UnityEngine.EventSystems.ExecuteEvents:Execute<UnityEngine.EventSystems.IDragHandler> (UnityEngine.GameObject,UnityEngine.EventSystems.BaseEventData,UnityEngine.EventSystems.ExecuteEvents/EventFunction`1<UnityEngine.EventSystems.IDragHandler>) (at ./Library/PackageCache/com.unity.ugui@1c4864518158/Runtime/UGUI/EventSystem/ExecuteEvents.cs:272)
UnityEngine.InputSystem.UI.InputSystemUIInputModule:ProcessPointerButtonDrag (UnityEngine.InputSystem.UI.PointerModel/ButtonState&,UnityEngine.InputSystem.UI.ExtendedPointerEventData) (at ./Library/PackageCache/com.unity.inputsystem@7a4e1a2a8194/InputSystem/Runtime/Plugins/UI/InputSystemUIInputModule.cs:781)
UnityEngine.InputSystem.UI.InputSystemUIInputModule:ProcessPointer (UnityEngine.InputSystem.UI.PointerModel&) (at ./Library/PackageCache/com.unity.inputsystem@7a4e1a2a8194/InputSystem/Runtime/Plugins/UI/InputSystemUIInputModule.cs:487)
UnityEngine.InputSystem.UI.InputSystemUIInputModule:Process () (at ./Library/PackageCache/com.unity.inputsystem@7a4e1a2a8194/InputSystem/Runtime/Plugins/UI/InputSystemUIInputModule.cs:2405)
UnityEngine.EventSystems.EventSystem:Update () (at ./Library/PackageCache/com.unity.ugui@1c4864518158/Runtime/UGUI/EventSystem/EventSystem.cs:516)

(Filename: Assets/InventoryItem.cs Line: 80)

OnDrag
UnityEngine.Debug:ExtractStackTraceNoAlloc (byte*,int,string)
UnityEngine.StackTraceUtility:ExtractStackTrace ()
UnityEngine.DebugLogHandler:Internal_Log (UnityEngine.LogType,UnityEngine.LogOption,string,UnityEngine.Object)
UnityEngine.DebugLogHandler:LogFormat (UnityEngine.LogType,UnityEngine.Object,string,object[])
UnityEngine.Logger:Log (UnityEngine.LogType,object)
UnityEngine.Debug:Log (object)
InventoryItem:OnDrag (UnityEngine.EventSystems.PointerEventData) (at Assets/InventoryItem.cs:80)
UnityEngine.EventSystems.ExecuteEvents:Execute (UnityEngine.EventSystems.IDragHandler,UnityEngine.EventSystems.BaseEventData) (at ./Library/PackageCache/com.unity.ugui@1c4864518158/Runtime/UGUI/EventSystem/ExecuteEvents.cs:78)
UnityEngine.EventSystems.ExecuteEvents:Execute<UnityEngine.EventSystems.IDragHandler> (UnityEngine.GameObject,UnityEngine.EventSystems.BaseEventData,UnityEngine.EventSystems.ExecuteEvents/EventFunction`1<UnityEngine.EventSystems.IDragHandler>) (at ./Library/PackageCache/com.unity.ugui@1c4864518158/Runtime/UGUI/EventSystem/ExecuteEvents.cs:272)
UnityEngine.InputSystem.UI.InputSystemUIInputModule:ProcessPointerButtonDrag (UnityEngine.InputSystem.UI.PointerModel/ButtonState&,UnityEngine.InputSystem.UI.ExtendedPointerEventData) (at ./Library/PackageCache/com.unity.inputsystem@7a4e1a2a8194/InputSystem/Runtime/Plugins/UI/InputSystemUIInputModule.cs:781)
UnityEngine.InputSystem.UI.InputSystemUIInputModule:ProcessPointer (UnityEngine.InputSystem.UI.PointerModel&) (at ./Library/PackageCache/com.unity.inputsystem@7a4e1a2a8194/InputSystem/Runtime/Plugins/UI/InputSystemUIInputModule.cs:487)
UnityEngine.InputSystem.UI.InputSystemUIInputModule:Process () (at ./Library/PackageCache/com.unity.inputsystem@7a4e1a2a8194/InputSystem/Runtime/Plugins/UI/InputSystemUIInputModule.cs:2405)
UnityEngine.EventSystems.EventSystem:Update () (at ./Library/PackageCache/com.unity.ugui@1c4864518158/Runtime/UGUI/EventSystem/EventSystem.cs:516)

(Filename: Assets/InventoryItem.cs Line: 80)

OnDrag
UnityEngine.Debug:ExtractStackTraceNoAlloc (byte*,int,string)
UnityEngine.StackTraceUtility:ExtractStackTrace ()
UnityEngine.DebugLogHandler:Internal_Log (UnityEngine.LogType,UnityEngine.LogOption,string,UnityEngine.Object)
UnityEngine.DebugLogHandler:LogFormat (UnityEngine.LogType,UnityEngine.Object,string,object[])
UnityEngine.Logger:Log (UnityEngine.LogType,object)
UnityEngine.Debug:Log (object)
InventoryItem:OnDrag (UnityEngine.EventSystems.PointerEventData) (at Assets/InventoryItem.cs:80)
UnityEngine.EventSystems.ExecuteEvents:Execute (UnityEngine.EventSystems.IDragHandler,UnityEngine.EventSystems.BaseEventData) (at ./Library/PackageCache/com.unity.ugui@1c4864518158/Runtime/UGUI/EventSystem/ExecuteEvents.cs:78)
UnityEngine.EventSystems.ExecuteEvents:Execute<UnityEngine.EventSystems.IDragHandler> (UnityEngine.GameObject,UnityEngine.EventSystems.BaseEventData,UnityEngine.EventSystems.ExecuteEvents/EventFunction`1<UnityEngine.EventSystems.IDragHandler>) (at ./Library/PackageCache/com.unity.ugui@1c4864518158/Runtime/UGUI/EventSystem/ExecuteEvents.cs:272)
UnityEngine.InputSystem.UI.InputSystemUIInputModule:ProcessPointerButtonDrag (UnityEngine.InputSystem.UI.PointerModel/ButtonState&,UnityEngine.InputSystem.UI.ExtendedPointerEventData) (at ./Library/PackageCache/com.unity.inputsystem@7a4e1a2a8194/InputSystem/Runtime/Plugins/UI/InputSystemUIInputModule.cs:781)
UnityEngine.InputSystem.UI.InputSystemUIInputModule:ProcessPointer (UnityEngine.InputSystem.UI.PointerModel&) (at ./Library/PackageCache/com.unity.inputsystem@7a4e1a2a8194/InputSystem/Runtime/Plugins/UI/InputSystemUIInputModule.cs:487)
UnityEngine.InputSystem.UI.InputSystemUIInputModule:Process () (at ./Library/PackageCache/com.unity.inputsystem@7a4e1a2a8194/InputSystem/Runtime/Plugins/UI/InputSystemUIInputModule.cs:2405)
UnityEngine.EventSystems.EventSystem:Update () (at ./Library/PackageCache/com.unity.ugui@1c4864518158/Runtime/UGUI/EventSystem/EventSystem.cs:516)

(Filename: Assets/InventoryItem.cs Line: 80)

OnDrag
UnityEngine.Debug:ExtractStackTraceNoAlloc (byte*,int,string)
UnityEngine.StackTraceUtility:ExtractStackTrace ()
UnityEngine.DebugLogHandler:Internal_Log (UnityEngine.LogType,UnityEngine.LogOption,string,UnityEngine.Object)
UnityEngine.DebugLogHandler:LogFormat (UnityEngine.LogType,UnityEngine.Object,string,object[])
UnityEngine.Logger:Log (UnityEngine.LogType,object)
UnityEngine.Debug:Log (object)
InventoryItem:OnDrag (UnityEngine.EventSystems.PointerEventData) (at Assets/InventoryItem.cs:80)
UnityEngine.EventSystems.ExecuteEvents:Execute (UnityEngine.EventSystems.IDragHandler,UnityEngine.EventSystems.BaseEventData) (at ./Library/PackageCache/com.unity.ugui@1c4864518158/Runtime/UGUI/EventSystem/ExecuteEvents.cs:78)
UnityEngine.EventSystems.ExecuteEvents:Execute<UnityEngine.EventSystems.IDragHandler> (UnityEngine.GameObject,UnityEngine.EventSystems.BaseEventData,UnityEngine.EventSystems.ExecuteEvents/EventFunction`1<UnityEngine.EventSystems.IDragHandler>) (at ./Library/PackageCache/com.unity.ugui@1c4864518158/Runtime/UGUI/EventSystem/ExecuteEvents.cs:272)
UnityEngine.InputSystem.UI.InputSystemUIInputModule:ProcessPointerButtonDrag (UnityEngine.InputSystem.UI.PointerModel/ButtonState&,UnityEngine.InputSystem.UI.ExtendedPointerEventData) (at ./Library/PackageCache/com.unity.inputsystem@7a4e1a2a8194/InputSystem/Runtime/Plugins/UI/InputSystemUIInputModule.cs:781)
UnityEngine.InputSystem.UI.InputSystemUIInputModule:ProcessPointer (UnityEngine.InputSystem.UI.PointerModel&) (at ./Library/PackageCache/com.unity.inputsystem@7a4e1a2a8194/InputSystem/Runtime/Plugins/UI/InputSystemUIInputModule.cs:487)
UnityEngine.InputSystem.UI.InputSystemUIInputModule:Process () (at ./Library/PackageCache/com.unity.inputsystem@7a4e1a2a8194/InputSystem/Runtime/Plugins/UI/InputSystemUIInputModule.cs:2405)
UnityEngine.EventSystems.EventSystem:Update () (at ./Library/PackageCache/com.unity.ugui@1c4864518158/Runtime/UGUI/EventSystem/EventSystem.cs:516)

(Filename: Assets/InventoryItem.cs Line: 80)

OnDrag
UnityEngine.Debug:ExtractStackTraceNoAlloc (byte*,int,string)
UnityEngine.StackTraceUtility:ExtractStackTrace ()
UnityEngine.DebugLogHandler:Internal_Log (UnityEngine.LogType,UnityEngine.LogOption,string,UnityEngine.Object)
UnityEngine.DebugLogHandler:LogFormat (UnityEngine.LogType,UnityEngine.Object,string,object[])
UnityEngine.Logger:Log (UnityEngine.LogType,object)
UnityEngine.Debug:Log (object)
InventoryItem:OnDrag (UnityEngine.EventSystems.PointerEventData) (at Assets/InventoryItem.cs:80)
UnityEngine.EventSystems.ExecuteEvents:Execute (UnityEngine.EventSystems.IDragHandler,UnityEngine.EventSystems.BaseEventData) (at ./Library/PackageCache/com.unity.ugui@1c4864518158/Runtime/UGUI/EventSystem/ExecuteEvents.cs:78)
UnityEngine.EventSystems.ExecuteEvents:Execute<UnityEngine.EventSystems.IDragHandler> (UnityEngine.GameObject,UnityEngine.EventSystems.BaseEventData,UnityEngine.EventSystems.ExecuteEvents/EventFunction`1<UnityEngine.EventSystems.IDragHandler>) (at ./Library/PackageCache/com.unity.ugui@1c4864518158/Runtime/UGUI/EventSystem/ExecuteEvents.cs:272)
UnityEngine.InputSystem.UI.InputSystemUIInputModule:ProcessPointerButtonDrag (UnityEngine.InputSystem.UI.PointerModel/ButtonState&,UnityEngine.InputSystem.UI.ExtendedPointerEventData) (at ./Library/PackageCache/com.unity.inputsystem@7a4e1a2a8194/InputSystem/Runtime/Plugins/UI/InputSystemUIInputModule.cs:781)
UnityEngine.InputSystem.UI.InputSystemUIInputModule:ProcessPointer (UnityEngine.InputSystem.UI.PointerModel&) (at ./Library/PackageCache/com.unity.inputsystem@7a4e1a2a8194/InputSystem/Runtime/Plugins/UI/InputSystemUIInputModule.cs:487)
UnityEngine.InputSystem.UI.InputSystemUIInputModule:Process () (at ./Library/PackageCache/com.unity.inputsystem@7a4e1a2a8194/InputSystem/Runtime/Plugins/UI/InputSystemUIInputModule.cs:2405)
UnityEngine.EventSystems.EventSystem:Update () (at ./Library/PackageCache/com.unity.ugui@1c4864518158/Runtime/UGUI/EventSystem/EventSystem.cs:516)

(Filename: Assets/InventoryItem.cs Line: 80)

OnDrag
UnityEngine.Debug:ExtractStackTraceNoAlloc (byte*,int,string)
UnityEngine.StackTraceUtility:ExtractStackTrace ()
UnityEngine.DebugLogHandler:Internal_Log (UnityEngine.LogType,UnityEngine.LogOption,string,UnityEngine.Object)
UnityEngine.DebugLogHandler:LogFormat (UnityEngine.LogType,UnityEngine.Object,string,object[])
UnityEngine.Logger:Log (UnityEngine.LogType,object)
UnityEngine.Debug:Log (object)
InventoryItem:OnDrag (UnityEngine.EventSystems.PointerEventData) (at Assets/InventoryItem.cs:80)
UnityEngine.EventSystems.ExecuteEvents:Execute (UnityEngine.EventSystems.IDragHandler,UnityEngine.EventSystems.BaseEventData) (at ./Library/PackageCache/com.unity.ugui@1c4864518158/Runtime/UGUI/EventSystem/ExecuteEvents.cs:78)
UnityEngine.EventSystems.ExecuteEvents:Execute<UnityEngine.EventSystems.IDragHandler> (UnityEngine.GameObject,UnityEngine.EventSystems.BaseEventData,UnityEngine.EventSystems.ExecuteEvents/EventFunction`1<UnityEngine.EventSystems.IDragHandler>) (at ./Library/PackageCache/com.unity.ugui@1c4864518158/Runtime/UGUI/EventSystem/ExecuteEvents.cs:272)
UnityEngine.InputSystem.UI.InputSystemUIInputModule:ProcessPointerButtonDrag (UnityEngine.InputSystem.UI.PointerModel/ButtonState&,UnityEngine.InputSystem.UI.ExtendedPointerEventData) (at ./Library/PackageCache/com.unity.inputsystem@7a4e1a2a8194/InputSystem/Runtime/Plugins/UI/InputSystemUIInputModule.cs:781)
UnityEngine.InputSystem.UI.InputSystemUIInputModule:ProcessPointer (UnityEngine.InputSystem.UI.PointerModel&) (at ./Library/PackageCache/com.unity.inputsystem@7a4e1a2a8194/InputSystem/Runtime/Plugins/UI/InputSystemUIInputModule.cs:487)
UnityEngine.InputSystem.UI.InputSystemUIInputModule:Process () (at ./Library/PackageCache/com.unity.inputsystem@7a4e1a2a8194/InputSystem/Runtime/Plugins/UI/InputSystemUIInputModule.cs:2405)
UnityEngine.EventSystems.EventSystem:Update () (at ./Library/PackageCache/com.unity.ugui@1c4864518158/Runtime/UGUI/EventSystem/EventSystem.cs:516)

(Filename: Assets/InventoryItem.cs Line: 80)

OnDrop
UnityEngine.Debug:ExtractStackTraceNoAlloc (byte*,int,string)
UnityEngine.StackTraceUtility:ExtractStackTrace ()
UnityEngine.DebugLogHandler:Internal_Log (UnityEngine.LogType,UnityEngine.LogOption,string,UnityEngine.Object)
UnityEngine.DebugLogHandler:LogFormat (UnityEngine.LogType,UnityEngine.Object,string,object[])
UnityEngine.Logger:Log (UnityEngine.LogType,object)
UnityEngine.Debug:Log (object)
InventoryItem:OnDrop (UnityEngine.EventSystems.PointerEventData) (at Assets/InventoryItem.cs:85)
UnityEngine.EventSystems.ExecuteEvents:Execute (UnityEngine.EventSystems.IDropHandler,UnityEngine.EventSystems.BaseEventData) (at ./Library/PackageCache/com.unity.ugui@1c4864518158/Runtime/UGUI/EventSystem/ExecuteEvents.cs:92)
UnityEngine.EventSystems.ExecuteEvents:Execute<UnityEngine.EventSystems.IDropHandler> (UnityEngine.GameObject,UnityEngine.EventSystems.BaseEventData,UnityEngine.EventSystems.ExecuteEvents/EventFunction`1<UnityEngine.EventSystems.IDropHandler>) (at ./Library/PackageCache/com.unity.ugui@1c4864518158/Runtime/UGUI/EventSystem/ExecuteEvents.cs:272)
UnityEngine.EventSystems.ExecuteEvents:ExecuteHierarchy<UnityEngine.EventSystems.IDropHandler> (UnityEngine.GameObject,UnityEngine.EventSystems.BaseEventData,UnityEngine.EventSystems.ExecuteEvents/EventFunction`1<UnityEngine.EventSystems.IDropHandler>) (at ./Library/PackageCache/com.unity.ugui@1c4864518158/Runtime/UGUI/EventSystem/ExecuteEvents.cs:298)
UnityEngine.InputSystem.UI.InputSystemUIInputModule:ProcessPointerButton (UnityEngine.InputSystem.UI.PointerModel/ButtonState&,UnityEngine.EventSystems.PointerEventData) (at ./Library/PackageCache/com.unity.inputsystem@7a4e1a2a8194/InputSystem/Runtime/Plugins/UI/InputSystemUIInputModule.cs:730)
UnityEngine.InputSystem.UI.InputSystemUIInputModule:ProcessPointer (UnityEngine.InputSystem.UI.PointerModel&) (at ./Library/PackageCache/com.unity.inputsystem@7a4e1a2a8194/InputSystem/Runtime/Plugins/UI/InputSystemUIInputModule.cs:486)
UnityEngine.InputSystem.UI.InputSystemUIInputModule:Process () (at ./Library/PackageCache/com.unity.inputsystem@7a4e1a2a8194/InputSystem/Runtime/Plugins/UI/InputSystemUIInputModule.cs:2405)
UnityEngine.EventSystems.EventSystem:Update () (at ./Library/PackageCache/com.unity.ugui@1c4864518158/Runtime/UGUI/EventSystem/EventSystem.cs:516)

(Filename: Assets/InventoryItem.cs Line: 85)

Дроп успешно!
UnityEngine.Debug:ExtractStackTraceNoAlloc (byte*,int,string)
UnityEngine.StackTraceUtility:ExtractStackTrace ()
UnityEngine.DebugLogHandler:Internal_Log (UnityEngine.LogType,UnityEngine.LogOption,string,UnityEngine.Object)
UnityEngine.DebugLogHandler:LogFormat (UnityEngine.LogType,UnityEngine.Object,string,object[])
UnityEngine.Logger:Log (UnityEngine.LogType,object)
UnityEngine.Debug:Log (object)
DropManager:Drop (UnityEngine.Vector2) (at Assets/DropManager.cs:39)
InventoryItem:OnEndDrag (UnityEngine.EventSystems.PointerEventData) (at Assets/InventoryItem.cs:50)
UnityEngine.EventSystems.ExecuteEvents:Execute (UnityEngine.EventSystems.IEndDragHandler,UnityEngine.EventSystems.BaseEventData) (at ./Library/PackageCache/com.unity.ugui@1c4864518158/Runtime/UGUI/EventSystem/ExecuteEvents.cs:85)
UnityEngine.EventSystems.ExecuteEvents:Execute<UnityEngine.EventSystems.IEndDragHandler> (UnityEngine.GameObject,UnityEngine.EventSystems.BaseEventData,UnityEngine.EventSystems.ExecuteEvents/EventFunction`1<UnityEngine.EventSystems.IEndDragHandler>) (at ./Library/PackageCache/com.unity.ugui@1c4864518158/Runtime/UGUI/EventSystem/ExecuteEvents.cs:272)
UnityEngine.InputSystem.UI.InputSystemUIInputModule:ProcessPointerButton (UnityEngine.InputSystem.UI.PointerModel/ButtonState&,UnityEngine.EventSystems.PointerEventData) (at ./Library/PackageCache/com.unity.inputsystem@7a4e1a2a8194/InputSystem/Runtime/Plugins/UI/InputSystemUIInputModule.cs:737)
UnityEngine.InputSystem.UI.InputSystemUIInputModule:ProcessPointer (UnityEngine.InputSystem.UI.PointerModel&) (at ./Library/PackageCache/com.unity.inputsystem@7a4e1a2a8194/InputSystem/Runtime/Plugins/UI/InputSystemUIInputModule.cs:486)
UnityEngine.InputSystem.UI.InputSystemUIInputModule:Process () (at ./Library/PackageCache/com.unity.inputsystem@7a4e1a2a8194/InputSystem/Runtime/Plugins/UI/InputSystemUIInputModule.cs:2405)
UnityEngine.EventSystems.EventSystem:Update () (at ./Library/PackageCache/com.unity.ugui@1c4864518158/Runtime/UGUI/EventSystem/EventSystem.cs:516)

(Filename: Assets/DropManager.cs Line: 39)

NullReferenceException: Object reference not set to an instance of an object
  at DropManager.Drop (UnityEngine.Vector2 screenPos) [0x00047] in C:\Users\sdziu\my_documents\0_repositories\whoops\Assets\DropManager.cs:41 
  at InventoryItem.OnEndDrag (UnityEngine.EventSystems.PointerEventData eventData) [0x00026] in C:\Users\sdziu\my_documents\0_repositories\whoops\Assets\InventoryItem.cs:50 
  at UnityEngine.EventSystems.ExecuteEvents.Execute (UnityEngine.EventSystems.IEndDragHandler handler, UnityEngine.EventSystems.BaseEventData eventData) [0x00000] in .\Library\PackageCache\com.unity.ugui@1c4864518158\Runtime\UGUI\EventSystem\ExecuteEvents.cs:85 
  at UnityEngine.EventSystems.ExecuteEvents.Execute[T] (UnityEngine.GameObject target, UnityEngine.EventSystems.BaseEventData eventData, UnityEngine.EventSystems.ExecuteEvents+EventFunction`1[T1] functor) [0x00067] in .\Library\PackageCache\com.unity.ugui@1c4864518158\Runtime\UGUI\EventSystem\ExecuteEvents.cs:272 
UnityEngine.DebugLogHandler:Internal_LogException_Injected(Exception, IntPtr)
UnityEngine.DebugLogHandler:Internal_LogException(Exception, Object)
UnityEngine.DebugLogHandler:LogException(Exception, Object)
UnityEngine.Logger:LogException(Exception, Object)
UnityEngine.Debug:LogException(Exception)
UnityEngine.EventSystems.ExecuteEvents:Execute(GameObject, BaseEventData, EventFunction`1) (at .\Library\PackageCache\com.unity.ugui@1c4864518158\Runtime\UGUI\EventSystem\ExecuteEvents.cs:276)
UnityEngine.InputSystem.UI.InputSystemUIInputModule:ProcessPointerButton(ButtonState&, PointerEventData) (at .\Library\PackageCache\com.unity.inputsystem@7a4e1a2a8194\InputSystem\Runtime\Plugins\UI\InputSystemUIInputModule.cs:737)
UnityEngine.InputSystem.UI.InputSystemUIInputModule:ProcessPointer(PointerModel&) (at .\Library\PackageCache\com.unity.inputsystem@7a4e1a2a8194\InputSystem\Runtime\Plugins\UI\InputSystemUIInputModule.cs:486)
UnityEngine.InputSystem.UI.InputSystemUIInputModule:Process() (at .\Library\PackageCache\com.unity.inputsystem@7a4e1a2a8194\InputSystem\Runtime\Plugins\UI\InputSystemUIInputModule.cs:2405)
UnityEngine.EventSystems.EventSystem:Update() (at .\Library\PackageCache\com.unity.ugui@1c4864518158\Runtime\UGUI\EventSystem\EventSystem.cs:516)

(Filename: Assets/DropManager.cs Line: 41)

Asset Pipeline Refresh (id=1e62bac4b0e4ae849a0e70d76708efc8): Total: 0.027 seconds - Initiated by RefreshV2(NoUpdateAssetOptions)
Unloading 0 Unused Serialized files (Serialized files now loaded: 0)
Loaded scene 'Temp/__Backupscenes/0.backup'
	Deserialize:            12.089 ms
	Integration:            407.228 ms
	Integration of assets:  0.014 ms
	Thread Wait Time:       0.097 ms
	Total Operation Time:   419.428 ms
Unloading 28 unused Assets / (371.7 KB). Loaded Objects now: 10497.
Memory consumption went from 0.67 GB to 0.67 GB.
Total: 62.021200 ms (FindLiveObjects: 1.391600 ms CreateObjectMapping: 3.121100 ms MarkObjects: 57.324400 ms  DeleteObjects: 0.181000 ms)

# C# Debugger Attached

You are trying to attach a debugger, but Debug Mode is switched off in your project.

When Unity is in Debug Mode, C# performance is reduced, but you can attach a debugger. Switching to Debug Mode also recompiles and reloads all scripts.

You can enable Debug Mode temporarily for this Editor session, switch it on for all projects until further notice, or cancel attaching the debugger.

If you switch it on for all projects, you can change it later in the "Code Optimization on Startup" setting in the Preferences window.

| Enable debugging for this session | Enable debugging for all projects | Cancel |
[ScriptCompilation] Requested script compilation because: Recompiling scripts with debug information.
info: Microsoft.AspNetCore.Hosting.Diagnostics[1]
      Request starting HTTP/2 POST http://ilpp/UnityILPP.PostProcessing/Ping - application/grpc -
info: Microsoft.AspNetCore.Routing.EndpointMiddleware[0]
      Executing endpoint 'gRPC - /UnityILPP.PostProcessing/Ping'
info: Microsoft.AspNetCore.Routing.EndpointMiddleware[1]
      Executed endpoint 'gRPC - /UnityILPP.PostProcessing/Ping'
info: Microsoft.AspNetCore.Hosting.Diagnostics[2]
      Request finished HTTP/2 POST http://ilpp/UnityILPP.PostProcessing/Ping - 200 - application/grpc 0.7253ms
Starting: C:\Program Files\Unity\Hub\Editor\6000.5.8f1\Editor\Data\Tools\BuildPipeline\bee_backend.exe --ipc --defer-dag-verification --dagfile="Library/Bee/1900b0aEDbg.dag" --continue-on-failure --profile="Library/Bee/backend1.traceevents" ScriptAssemblies
WorkingDir: C:/Users/sdziu/my_documents/0_repositories/whoops
info: Microsoft.AspNetCore.Hosting.Diagnostics[1]
      Request starting HTTP/2 POST http://ilpp/UnityILPP.PostProcessing/ConfigurePostProcessors - application/grpc -
info: Microsoft.AspNetCore.Routing.EndpointMiddleware[0]
      Executing endpoint 'gRPC - /UnityILPP.PostProcessing/ConfigurePostProcessors'
info: Unity.ILPP.Runner.PostProcessingAssemblyLoadContext[0]
      ALC ILPP context 1 is unloading
warn: Unity.ILPP.Runner.PostProcessingAssemblyLoadContext[0]
      Assembly system.runtime.interopservices.windowsruntime has duplicate hint path. Ignoring "C:\Program Files\Unity\Hub\Editor\6000.5.8f1\Editor\Data\UnityReferenceAssemblies\unity-4.8-api\Facades\System.Runtime.InteropServices.WindowsRuntime.dll" in favor of "C:\Program Files\Unity\Hub\Editor\6000.5.8f1\Editor\Data\NetStandard\Extensions\2.0.0\System.Runtime.InteropServices.WindowsRuntime.dll"
warn: Unity.ILPP.Runner.PostProcessingAssemblyLoadContext[0]
      Assembly system.componentmodel.composition has duplicate hint path. Ignoring "C:\Program Files\Unity\Hub\Editor\6000.5.8f1\Editor\Data\UnityReferenceAssemblies\unity-4.8-api\System.ComponentModel.Composition.dll" in favor of "C:\Program Files\Unity\Hub\Editor\6000.5.8f1\Editor\Data\NetStandard\compat\2.1.0\shims\netfx\System.ComponentModel.Composition.dll"
info: Unity.ILPP.Runner.PostProcessingAssemblyLoadContext[0]
      Resolved Unity.Burst.Cecil, Version=0.11.6.0, Culture=neutral, PublicKeyToken=50cebf1cceb9d05e with Library\PackageCache\com.unity.burst@2f3d916873ea\Unity.Burst.CodeGen\Unity.Burst.Cecil.dll
info: Unity.ILPP.Runner.PostProcessingAssemblyLoadContext[0]
      Resolved Mono.Cecil, Version=0.11.5.0, Culture=neutral, PublicKeyToken=50cebf1cceb9d05e with Library\PackageCache\com.unity.nuget.mono-cecil@ecb9724e46ff\Mono.Cecil.dll
info: Microsoft.AspNetCore.Routing.EndpointMiddleware[1]
      Executed endpoint 'gRPC - /UnityILPP.PostProcessing/ConfigurePostProcessors'
info: Microsoft.AspNetCore.Hosting.Diagnostics[2]
      Request finished HTTP/2 POST http://ilpp/UnityILPP.PostProcessing/ConfigurePostProcessors - 200 - application/grpc 1167.9963ms
ExitCode: 4 Duration: 4s413ms
[ 355/1154  0s] WriteResponseFile Library/Bee/artifacts/rsp/4747638433968585886.rsp
[ 626/1154  0s] CopyFiles Library/ScriptAssemblies/UnityEngine.TestRunner.dll
[ 627/1154  0s] CopyFiles Library/ScriptAssemblies/UnityEngine.TestRunner.pdb
[ 638/1154  0s] CopyFiles Library/ScriptAssemblies/UnityEditor.TestRunner.pdb
[ 653/1154  0s] CopyFiles Library/ScriptAssemblies/UnityEditor.TestRunner.dll
[ 751/1154  0s] CopyFiles Library/ScriptAssemblies/Unity.VisualStudio.Editor.pdb
[ 764/1154  0s] CopyFiles Library/ScriptAssemblies/Unity.VisualStudio.Editor.dll
[ 770/1154  0s] CopyFiles Library/ScriptAssemblies/Unity.Rider.Editor.pdb
[ 774/1154  0s] CopyFiles Library/ScriptAssemblies/Unity.Rider.Editor.dll
[ 795/1154  0s] CopyFiles Library/ScriptAssemblies/Unity.Burst.CodeGen.dll
[ 800/1154  0s] CopyFiles Library/ScriptAssemblies/Unity.Collections.CodeGen.dll
[ 804/1154  0s] CopyFiles Library/ScriptAssemblies/Unity.Burst.CodeGen.pdb
[ 805/1154  0s] CopyFiles Library/ScriptAssemblies/Unity.Collections.CodeGen.pdb
Rebuilding DAG because FileSignature timestamp changed: Library/Bee/1900b0aEDbg-inputdata.json
[ 893/1154  1s] ILPP-Configuration Library/ilpp-configuration.nevergeneratedoutput
[ 894/1154  3s] Csc Library/Bee/artifacts/1900b0aEDbg.dag/Assembly-CSharp.dll (+2 others)
Assets\PickupItem.cs(13,21): warning CS0618: 'Object.FindFirstObjectByType<T>()' is obsolete: 'FindFirstObjectByType has been deprecated because it relies on instance ID ordering. Use FindAnyObjectByType instead, which does not depend on ordering.'

Assets\Portal.cs(34,60): warning CS0618: 'FindObjectsSortMode' is obsolete: 'FindObjectsSortMode has been deprecated. Use the FindObjectsByType overloads that do not take a FindObjectsSortMode parameter.'

Assets\Portal.cs(34,32): warning CS0618: 'Object.FindObjectsByType<T>(FindObjectsSortMode)' is obsolete: 'FindObjectsByType with FindObjectsSortMode parameter has been deprecated. Use FindObjectsByType<T>() or FindObjectsByType<T>(FindObjectsInactive) instead. InstanceID will be replaced in the future with EntityId and previous sort order cannot be maintained.'

Assets\SaveSystem.cs(59,70): warning CS0618: 'FindObjectsSortMode' is obsolete: 'FindObjectsSortMode has been deprecated. Use the FindObjectsByType overloads that do not take a FindObjectsSortMode parameter.'

Assets\SaveSystem.cs(59,33): warning CS0618: 'Object.FindObjectsByType<T>(FindObjectsSortMode)' is obsolete: 'FindObjectsByType with FindObjectsSortMode parameter has been deprecated. Use FindObjectsByType<T>() or FindObjectsByType<T>(FindObjectsInactive) instead. InstanceID will be replaced in the future with EntityId and previous sort order cannot be maintained.'

Assets\SaveSystem.cs(16,36): warning UAC1009: Field 'levelDictinonary' uses an unsupported type 'System.Collections.Generic.Dictionary<int, string>'. Refer to the Serialization rules analyzer reference. (https://docs.unity3d.com/6000.5/Documentation/Manual/script-serialization-analyzer.html#uac1009)

Assets\YandexGame\ScriptsYG\Leaderboards\LBPlayerDataYG.cs(45,21): warning UAC1001: Field 'data' type 'YG.LBPlayerDataYG.Data' is skipped by serialization (missing the [Serializable] attribute). Refer to the Serialization rules analyzer reference. (https://docs.unity3d.com/6000.5/Documentation/Manual/script-serialization-analyzer.html#uac1001)
*** Tundra requires additional run (4.34 seconds), 15 items updated, 892 evaluated
Starting: C:\Program Files\Unity\Hub\Editor\6000.5.8f1\Editor\Data\netcorerun\netcorerun.exe "C:\Program Files\Unity\Hub\Editor\6000.5.8f1\Editor\Data\Tools\BuildPipeline\ScriptCompilationBuildProgram.exe" "Library/Bee/1900b0aEDbg.dag.json" "Library/Bee/1900b0aEDbg-inputdata.json" "Library\Bee\buildprogram0.traceevents"
WorkingDir: C:/Users/sdziu/my_documents/0_repositories/whoops
ExitCode: 0 Duration: 2s362ms
Starting: C:\Program Files\Unity\Hub\Editor\6000.5.8f1\Editor\Data\Tools\BuildPipeline\bee_backend.exe --ipc --defer-dag-verification --dagfile="Library/Bee/1900b0aEDbg.dag" --continue-on-failure --dagfilejson="Library\Bee\1900b0aEDbg.dag.json" --profile="Library/Bee/backend2.traceevents" ScriptAssemblies
WorkingDir: C:/Users/sdziu/my_documents/0_repositories/whoops
info: Microsoft.AspNetCore.Hosting.Diagnostics[1]
      Request starting HTTP/2 POST http://ilpp/UnityILPP.PostProcessing/ConfigurePostProcessors - application/grpc -
info: Microsoft.AspNetCore.Routing.EndpointMiddleware[0]
      Executing endpoint 'gRPC - /UnityILPP.PostProcessing/ConfigurePostProcessors'
info: Unity.ILPP.Runner.PostProcessingAssemblyLoadContext[0]
      Current configuration matches the requested one, skipping
info: Microsoft.AspNetCore.Routing.EndpointMiddleware[1]
      Executed endpoint 'gRPC - /UnityILPP.PostProcessing/ConfigurePostProcessors'
info: Microsoft.AspNetCore.Hosting.Diagnostics[2]
      Request finished HTTP/2 POST http://ilpp/UnityILPP.PostProcessing/ConfigurePostProcessors - 200 - application/grpc 1.0582ms
info: Microsoft.AspNetCore.Hosting.Diagnostics[1]
      Request starting HTTP/2 POST http://ilpp/UnityILPP.PostProcessing/PostProcessAssembly - application/grpc -
info: Microsoft.AspNetCore.Routing.EndpointMiddleware[0]
      Executing endpoint 'gRPC - /UnityILPP.PostProcessing/PostProcessAssembly'
info: Unity.ILPP.Runner.PostProcessingPipeline[0]
      Processing assembly Library/Bee/artifacts/1900b0aEDbg.dag/Assembly-CSharp.dll, with 143 defines and 358 references
info: Unity.ILPP.Runner.PostProcessingPipeline[0]
      processors: Unity.Jobs.CodeGen.JobsILPostProcessor, zzzUnity.Burst.CodeGen.BurstILPostProcessor
info: Unity.ILPP.Runner.PostProcessingPipeline[0]
      running Unity.Jobs.CodeGen.JobsILPostProcessor
info: Unity.ILPP.Runner.PostProcessingAssemblyLoadContext[0]
      Resolved Unity.Collections, Version=0.0.0.0, Culture=neutral, PublicKeyToken=null with Library\Bee\artifacts\1900b0aEDbg.dag\Unity.Collections.dll
info: Unity.ILPP.Runner.PostProcessingAssemblyLoadContext[0]
      Resolved UnityEditor.CoreModule, Version=0.0.0.0, Culture=neutral, PublicKeyToken=null with C:\Program Files\Unity\Hub\Editor\6000.5.8f1\Editor\Data\Managed\UnityEngine\UnityEditor.CoreModule.dll
info: Unity.ILPP.Runner.PostProcessingAssemblyLoadContext[0]
      Resolved UnityEngine.CoreModule, Version=0.0.0.0, Culture=neutral, PublicKeyToken=null with C:\Program Files\Unity\Hub\Editor\6000.5.8f1\Editor\Data\Managed\UnityEngine\UnityEngine.CoreModule.dll
info: Unity.ILPP.Runner.PostProcessingAssemblyLoadContext[0]
      Resolved Unity.Scripting, Version=0.0.0.0, Culture=neutral, PublicKeyToken=null with C:\Program Files\Unity\Hub\Editor\6000.5.8f1\Editor\Data\Managed\UnityEngine\Unity.Scripting.dll
info: Microsoft.AspNetCore.Hosting.Diagnostics[1]
      Request starting HTTP/2 POST http://ilpp/UnityILPP.PostProcessing/PostProcessAssembly - application/grpc -
info: Microsoft.AspNetCore.Routing.EndpointMiddleware[0]
      Executing endpoint 'gRPC - /UnityILPP.PostProcessing/PostProcessAssembly'
info: Unity.ILPP.Runner.PostProcessingPipeline[0]
      Processing assembly Library/Bee/artifacts/1900b0aEDbg.dag/Assembly-CSharp-Editor.dll, with 141 defines and 380 references
info: Unity.ILPP.Runner.PostProcessingPipeline[0]
      processors: Unity.Jobs.CodeGen.JobsILPostProcessor, zzzUnity.Burst.CodeGen.BurstILPostProcessor
info: Unity.ILPP.Runner.PostProcessingPipeline[0]
      running Unity.Jobs.CodeGen.JobsILPostProcessor
info: Unity.ILPP.Runner.PostProcessingPipeline[0]
      running zzzUnity.Burst.CodeGen.BurstILPostProcessor
info: Unity.ILPP.Runner.PostProcessingAssemblyLoadContext[0]
      Resolved Unity.Burst.Cecil.Rocks, Version=0.11.6.0, Culture=neutral, PublicKeyToken=50cebf1cceb9d05e with Library\PackageCache\com.unity.burst@2f3d916873ea\Unity.Burst.CodeGen\Unity.Burst.Cecil.Rocks.dll
info: Unity.ILPP.Runner.PostProcessingPipeline[0]
      running zzzUnity.Burst.CodeGen.BurstILPostProcessor
info: Microsoft.AspNetCore.Routing.EndpointMiddleware[1]
      Executed endpoint 'gRPC - /UnityILPP.PostProcessing/PostProcessAssembly'
info: Microsoft.AspNetCore.Hosting.Diagnostics[2]
      Request finished HTTP/2 POST http://ilpp/UnityILPP.PostProcessing/PostProcessAssembly - 200 - application/grpc 617.1207ms
info: Microsoft.AspNetCore.Routing.EndpointMiddleware[1]
      Executed endpoint 'gRPC - /UnityILPP.PostProcessing/PostProcessAssembly'
info: Microsoft.AspNetCore.Hosting.Diagnostics[2]
      Request finished HTTP/2 POST http://ilpp/UnityILPP.PostProcessing/PostProcessAssembly - 200 - application/grpc 1509.6262ms
ExitCode: 0 Duration: 5s948ms
Finished compiling graph: 1158 nodes, 23567 flattened edges (19389 ToBuild, 184 ToUse), maximum node priority 1349
[ 627/1154  0s] WriteText Library/Bee/artifacts/1900b0aEDbg.dag/Assembly-CSharp.rsp
[ 893/1154  0s] ILPP-Configuration Library/ilpp-configuration.nevergeneratedoutput
[ 978/1154  0s] CopyFiles Library/ScriptAssemblies/Unity.InputSystem.TestFramework.dll
[ 979/1154  0s] CopyFiles Library/ScriptAssemblies/Unity.VisualScripting.DocCodeExamples.dll
[ 980/1154  0s] CopyFiles Library/ScriptAssemblies/Unity.RenderPipelines.Core.ShaderLibrary.dll
[ 981/1154  0s] CopyFiles Library/ScriptAssemblies/Unity.SurfaceCache.Runtime.dll
[ 982/1154  0s] CopyFiles Library/ScriptAssemblies/Unity.RenderPipelines.GPUDriven.Runtime.dll
[ 983/1154  0s] CopyFiles Library/ScriptAssemblies/Unity.VisualScripting.Core.dll
[ 984/1154  0s] CopyFiles Library/ScriptAssemblies/Unity.RenderPipelines.Core.Runtime.dll
[ 985/1154  0s] CopyFiles Library/ScriptAssemblies/Unity.RenderPipelines.Universal.2D.Runtime.dll
[ 986/1154  0s] CopyFiles Library/ScriptAssemblies/Unity.2D.PixelPerfect.dll
[ 987/1154  0s] CopyFiles Library/ScriptAssemblies/Unity.InternalAPIEngineBridge.004.dll
[ 988/1154  0s] CopyFiles Library/ScriptAssemblies/Unity.RenderPipelines.Universal.Config.Runtime.dll
[ 989/1154  0s] CopyFiles Library/ScriptAssemblies/Unity.RenderPipelines.ShaderGraph.ShaderGraphLibrary.dll
[ 990/1154  0s] CopyFiles Library/ScriptAssemblies/Unity.TextMeshPro.dll
[ 991/1154  0s] CopyFiles Library/ScriptAssemblies/UnityEngine.UI.dll
[ 992/1154  0s] CopyFiles Library/ScriptAssemblies/Unity.InternalAPIEngineBridge.RenderPipelines.Core.Runtime.Shared.dll
[ 993/1154  0s] CopyFiles Library/ScriptAssemblies/Unity.PathTracing.Runtime.dll
[ 994/1154  0s] CopyFiles Library/ScriptAssemblies/Unity.2D.IK.Runtime.dll
[ 995/1154  0s] CopyFiles Library/ScriptAssemblies/Unity.UnifiedRayTracing.Runtime.dll
[ 996/1154  0s] CopyFiles Library/ScriptAssemblies/Unity.InputSystem.ForUI.dll
[ 997/1154  0s] CopyFiles Library/ScriptAssemblies/Unity.RenderPipelines.Universal.Runtime.dll
[ 998/1154  0s] CopyFiles Library/ScriptAssemblies/Unity.RenderPipeline.Universal.ShaderLibrary.dll
[ 999/1154  0s] CopyFiles Library/ScriptAssemblies/Unity.RenderPipelines.Universal.Shaders.dll
[1000/1154  0s] CopyFiles Library/ScriptAssemblies/Unity.2D.Animation.Runtime.dll
[1001/1154  0s] CopyFiles Library/ScriptAssemblies/Unity.InternalAPIEngineBridge.001.dll
[1002/1154  0s] CopyFiles Library/ScriptAssemblies/Unity.2D.Common.Runtime.dll
[1003/1154  0s] CopyFiles Library/ScriptAssemblies/Unity.2D.Tilemap.Extras.dll
[1004/1154  0s] CopyFiles Library/ScriptAssemblies/Unity.VisualScripting.State.dll
[1005/1154  0s] CopyFiles Library/ScriptAssemblies/Unity.Mathematics.dll
[1006/1154  0s] CopyFiles Library/ScriptAssemblies/Unity.PerformanceTesting.dll
[1007/1154  0s] CopyFiles Library/ScriptAssemblies/Unity.2D.SpriteShape.Runtime.dll
[1008/1154  0s] CopyFiles Library/ScriptAssemblies/Unity.RenderPipelines.Core.Runtime.Shared.dll
[1009/1154  0s] CopyFiles Library/ScriptAssemblies/Unity.Collections.dll
[1010/1154  0s] CopyFiles Library/ScriptAssemblies/Unity.Timeline.dll
[1011/1154  0s] CopyFiles Library/ScriptAssemblies/Unity.VisualScripting.Flow.dll
[1012/1154  0s] CopyFiles Library/ScriptAssemblies/Unity.Multiplayer.Center.Common.dll
[1013/1154  0s] CopyFiles Library/ScriptAssemblies/Unity.Burst.dll
[1014/1154  0s] CopyFiles Library/ScriptAssemblies/UnityEditor.UI.pdb
[1015/1154  0s] CopyFiles Library/ScriptAssemblies/Unity.VisualScripting.Shared.Editor.pdb
[1016/1154  0s] CopyFiles Library/ScriptAssemblies/UnityEditor.UI.dll
[1017/1154  0s] CopyFiles Library/ScriptAssemblies/Unity.InputSystem.dll
[1018/1154  0s] CopyFiles Library/ScriptAssemblies/Unity.InputSystem.ForUI.Editor.pdb
[1019/1154  0s] CopyFiles Library/ScriptAssemblies/Unity.2D.Psdimporter.Editor.pdb
[1020/1154  0s] CopyFiles Library/ScriptAssemblies/Unity.InternalAPIEditorBridge.001.dll
[1021/1154  0s] CopyFiles Library/ScriptAssemblies/Unity.Rendering.LightTransport.Editor.pdb
[1022/1154  0s] CopyFiles Library/ScriptAssemblies/Unity.InputSystem.ForUI.Editor.dll
[1023/1154  0s] CopyFiles Library/ScriptAssemblies/Unity.InternalAPIEditorBridge.001.pdb
[1024/1154  0s] CopyFiles Library/ScriptAssemblies/Unity.VisualScripting.Flow.Editor.pdb
[1025/1154  0s] CopyFiles Library/ScriptAssemblies/Unity.VisualScripting.Flow.Editor.dll
[1026/1154  0s] CopyFiles Library/ScriptAssemblies/Unity.Burst.Editor.pdb
[1027/1154  0s] CopyFiles Library/ScriptAssemblies/Unity.Burst.Editor.dll
[1028/1154  0s] CopyFiles Library/ScriptAssemblies/ScriptablePacker.dll
[1029/1154  0s] CopyFiles Library/ScriptAssemblies/Unity.InputSystem.DocCodeSamples.dll
[1030/1154  0s] CopyFiles Library/ScriptAssemblies/Unity.PlasticSCM.Editor.Entities.dll
[1031/1154  0s] CopyFiles Library/ScriptAssemblies/Unity.PlasticSCM.Editor.Entities.pdb
[1032/1154  0s] CopyFiles Library/ScriptAssemblies/Unity.Rendering.LightTransport.Editor.dll
[1033/1154  0s] CopyFiles Library/ScriptAssemblies/Unity.InputSystem.DocCodeSamples.pdb
[1034/1154  0s] CopyFiles Library/ScriptAssemblies/ScriptablePacker.pdb
[1035/1154  0s] CopyFiles Library/ScriptAssemblies/Unity.Timeline.Editor.dll
[1036/1154  0s] CopyFiles Library/ScriptAssemblies/Unity.2D.Common.Path.Editor.pdb
[1037/1154  0s] CopyFiles Library/ScriptAssemblies/Unity.2D.Common.Path.Editor.dll
[1038/1154  0s] CopyFiles Library/ScriptAssemblies/Unity.Timeline.Editor.pdb
[1039/1154  0s] CopyFiles Library/ScriptAssemblies/Unity.Searcher.Editor.pdb
[1040/1154  0s] CopyFiles Library/ScriptAssemblies/Unity.Searcher.Editor.dll
[1041/1154  0s] CopyFiles Library/ScriptAssemblies/Unity.RenderPipelines.Universal.Editor.pdb
[1042/1154  0s] CopyFiles Library/ScriptAssemblies/Unity.PathTracing.Editor.dll
[1043/1154  0s] CopyFiles Library/ScriptAssemblies/Unity.PathTracing.Editor.pdb
[1044/1154  0s] CopyFiles Library/ScriptAssemblies/Unity.RenderPipelines.Universal.Editor.dll
[1045/1154  0s] CopyFiles Library/ScriptAssemblies/Unity.2D.PixelPerfect.Editor.pdb
[1046/1154  0s] CopyFiles Library/ScriptAssemblies/Unity.RenderPipelines.Core.Editor.dll
[1047/1154  0s] CopyFiles Library/ScriptAssemblies/Unity.2D.Tooling.Editor.pdb
[1048/1154  0s] CopyFiles Library/ScriptAssemblies/Unity.2D.Tooling.Editor.dll
[1049/1154  0s] CopyFiles Library/ScriptAssemblies/Unity.2D.IK.Editor.dll
[1050/1154  0s] CopyFiles Library/ScriptAssemblies/Unity.2D.PixelPerfect.Editor.dll
[1051/1154  0s] CopyFiles Library/ScriptAssemblies/Unity.RenderPipelines.Core.Editor.pdb
[1052/1154  0s] CopyFiles Library/ScriptAssemblies/Unity.2D.IK.Editor.pdb
[1053/1154  0s] CopyFiles Library/ScriptAssemblies/Unity.2D.Tilemap.Extras.Editor.pdb
[1054/1154  0s] CopyFiles Library/ScriptAssemblies/Unity.PerformanceTesting.Editor.dll
[1055/1154  0s] CopyFiles Library/ScriptAssemblies/Unity.2D.Tilemap.Extras.Editor.dll
[1056/1154  0s] CopyFiles Library/ScriptAssemblies/Unity.PerformanceTesting.Editor.pdb
[1057/1154  0s] CopyFiles Library/ScriptAssemblies/Unity.Multiplayer.Center.Editor.dll
[1058/1154  0s] CopyFiles Library/ScriptAssemblies/Unity.2D.Triangulation.Runtime.dll
[1059/1154  0s] CopyFiles Library/ScriptAssemblies/Unity.Multiplayer.Center.Editor.pdb
[1060/1154  0s] CopyFiles Library/ScriptAssemblies/Unity.VisualScripting.Core.Editor.dll
[1061/1154  0s] CopyFiles Library/ScriptAssemblies/Unity.2D.Triangulation.Runtime.pdb
[1062/1154  0s] CopyFiles Library/ScriptAssemblies/Unity.TextMeshPro.Editor.pdb
[1063/1154  0s] CopyFiles Library/ScriptAssemblies/Unity.VisualScripting.Core.Editor.pdb
[1064/1154  0s] CopyFiles Library/ScriptAssemblies/Unity.VisualScripting.SettingsProvider.Editor.dll
[1065/1154  0s] CopyFiles Library/ScriptAssemblies/Unity.TextMeshPro.Editor.dll
[1066/1154  0s] CopyFiles Library/ScriptAssemblies/Unity.2D.Sprite.Editor.dll
[1067/1154  0s] CopyFiles Library/ScriptAssemblies/Unity.VisualScripting.SettingsProvider.Editor.pdb
[1068/1154  0s] CopyFiles Library/ScriptAssemblies/Unity.2D.Sprite.Editor.pdb
[1069/1154  0s] CopyFiles Library/ScriptAssemblies/Unity.InternalAPIEngineBridge.RenderPipelines.Core.Editor.dll
[1070/1154  0s] CopyFiles Library/ScriptAssemblies/Unity.InternalAPIEngineBridge.RenderPipelines.Core.Editor.pdb
[1071/1154  0s] CopyFiles Library/ScriptAssemblies/Unity.2D.Animation.Editor.dll
[1072/1154  0s] CopyFiles Library/ScriptAssemblies/Unity.2D.Tilemap.Editor.pdb
[1073/1154  0s] CopyFiles Library/ScriptAssemblies/Unity.2D.Common.Editor.dll
[1074/1154  0s] CopyFiles Library/ScriptAssemblies/Unity.2D.Animation.Editor.pdb
[1075/1154  0s] CopyFiles Library/ScriptAssemblies/Unity.2D.Tilemap.Editor.dll
[1076/1154  0s] CopyFiles Library/ScriptAssemblies/Unity.PlasticSCM.Editor.pdb
[1077/1154  0s] CopyFiles Library/ScriptAssemblies/Unity.2D.Common.Editor.pdb
[1078/1154  0s] CopyFiles Library/ScriptAssemblies/Unity.RenderPipelines.Universal.2D.Editor.Overrides.pdb
[1079/1154  0s] CopyFiles Library/ScriptAssemblies/Unity.RenderPipelines.Universal.2D.Editor.Overrides.dll
[1080/1154  0s] CopyFiles Library/ScriptAssemblies/Unity.PlasticSCM.Editor.dll
[1081/1154  0s] CopyFiles Library/ScriptAssemblies/Unity.CollabProxy.Editor.dll
[1082/1154  0s] CopyFiles Library/ScriptAssemblies/Unity.ShaderGraph.Editor.pdb
[1083/1154  0s] CopyFiles Library/ScriptAssemblies/Unity.ShaderGraph.Editor.dll
[1084/1154  0s] CopyFiles Library/ScriptAssemblies/Unity.CollabProxy.Editor.pdb
[1085/1154  0s] CopyFiles Library/ScriptAssemblies/Unity.Collections.Editor.pdb
[1086/1154  0s] CopyFiles Library/ScriptAssemblies/UnityEditor.UI.Analytics.pdb
[1087/1154  0s] CopyFiles Library/ScriptAssemblies/UnityEditor.UI.Analytics.dll
[1088/1154  0s] CopyFiles Library/ScriptAssemblies/Unity.Collections.Editor.dll
[1089/1154  0s] CopyFiles Library/ScriptAssemblies/Unity.2D.Aseprite.Common.dll
[1090/1154  0s] CopyFiles Library/ScriptAssemblies/Unity.2D.SpriteShape.Editor.pdb
[1091/1154  0s] CopyFiles Library/ScriptAssemblies/Unity.2D.Aseprite.Common.pdb
[1092/1154  0s] CopyFiles Library/ScriptAssemblies/Unity.2D.SpriteShape.Editor.dll
[1093/1154  0s] CopyFiles Library/ScriptAssemblies/Unity.InternalAPIEditorBridge.ShaderGraph.Editor.dll
[1094/1154  0s] CopyFiles Library/ScriptAssemblies/Unity.VisualScripting.State.Editor.pdb
[1095/1154  0s] CopyFiles Library/ScriptAssemblies/Unity.VisualScripting.State.Editor.dll
[1096/1154  0s] CopyFiles Library/ScriptAssemblies/Unity.InternalAPIEditorBridge.ShaderGraph.Editor.pdb
[1097/1154  0s] CopyFiles Library/ScriptAssemblies/Unity.ShaderGraph.Utilities.dll
[1098/1154  0s] CopyFiles Library/ScriptAssemblies/Unity.ShaderGraph.Utilities.pdb
[1099/1154  0s] CopyFiles Library/ScriptAssemblies/PsdPlugin.dll
[1100/1154  0s] CopyFiles Library/ScriptAssemblies/Unity.RenderPipelines.ShaderGraph.ShaderGraphLibrary.pdb
[1101/1154  0s] CopyFiles Library/ScriptAssemblies/PsdPlugin.pdb
[1102/1154  0s] CopyFiles Library/ScriptAssemblies/Unity.PlasticSCM.Editor.Assistant.dll
[1103/1154  0s] CopyFiles Library/ScriptAssemblies/Unity.PlasticSCM.Editor.Assistant.pdb
[1104/1154  0s] CopyFiles Library/ScriptAssemblies/Unity.PathTracing.Runtime.pdb
[1105/1154  0s] CopyFiles Library/ScriptAssemblies/Unity.InternalAPIEngineBridge.RenderPipelines.Core.Runtime.Shared.pdb
[1106/1154  0s] CopyFiles Library/ScriptAssemblies/Unity.RenderPipelines.Core.Editor.Shared.pdb
[1107/1154  0s] CopyFiles Library/ScriptAssemblies/Unity.RenderPipelines.Core.Editor.Shared.dll
[1108/1154  0s] CopyFiles Library/ScriptAssemblies/Unity.2D.Common.Runtime.pdb
[1109/1154  0s] CopyFiles Library/ScriptAssemblies/Unity.2D.Aseprite.Editor.pdb
[1110/1154  0s] CopyFiles Library/ScriptAssemblies/Unity.2D.Aseprite.Editor.dll
[1111/1154  0s] CopyFiles Library/ScriptAssemblies/Unity.RenderPipelines.Core.Runtime.pdb
[1112/1154  0s] CopyFiles Library/ScriptAssemblies/Unity.2D.Tilemap.Extras.pdb
[1113/1154  0s] CopyFiles Library/ScriptAssemblies/Unity.RenderPipeline.Universal.ShaderLibrary.pdb
[1114/1154  0s] CopyFiles Library/ScriptAssemblies/Unity.SurfaceCache.Runtime.pdb
[1115/1154  0s] CopyFiles Library/ScriptAssemblies/Unity.TextMeshPro.pdb
[1116/1154  0s] CopyFiles Library/ScriptAssemblies/Unity.RenderPipelines.Universal.Runtime.pdb
[1117/1154  0s] CopyFiles Library/ScriptAssemblies/Unity.InternalAPIEngineBridge.004.pdb
[1118/1154  0s] CopyFiles Library/ScriptAssemblies/Unity.RenderPipelines.Core.Runtime.Shared.pdb
[1119/1154  0s] CopyFiles Library/ScriptAssemblies/Unity.Burst.pdb
[1120/1154  0s] CopyFiles Library/ScriptAssemblies/Unity.PerformanceTesting.pdb
[1121/1154  0s] CopyFiles Library/ScriptAssemblies/Unity.2D.SpriteShape.Runtime.pdb
[1122/1154  0s] CopyFiles Library/ScriptAssemblies/Unity.RenderPipelines.Core.ShaderLibrary.pdb
[1123/1154  0s] CopyFiles Library/ScriptAssemblies/Unity.RenderPipelines.GPUDriven.Runtime.pdb
[1124/1154  0s] CopyFiles Library/ScriptAssemblies/Unity.InputSystem.pdb
[1125/1154  0s] CopyFiles Library/ScriptAssemblies/Unity.2D.Animation.Runtime.pdb
[1126/1154  0s] CopyFiles Library/ScriptAssemblies/Unity.UnifiedRayTracing.Runtime.pdb
[1127/1154  0s] CopyFiles Library/ScriptAssemblies/Unity.VisualScripting.Flow.pdb
[1128/1154  0s] CopyFiles Library/ScriptAssemblies/Unity.RenderPipelines.Universal.2D.Runtime.pdb
[1129/1154  0s] CopyFiles Library/ScriptAssemblies/Unity.VisualScripting.DocCodeExamples.pdb
[1130/1154  0s] CopyFiles Library/ScriptAssemblies/Unity.InputSystem.ForUI.pdb
[1131/1154  0s] CopyFiles Library/ScriptAssemblies/Unity.Mathematics.pdb
[1132/1154  0s] CopyFiles Library/ScriptAssemblies/Unity.Multiplayer.Center.Common.pdb
[1133/1154  0s] CopyFiles Library/ScriptAssemblies/Unity.Collections.pdb
[1134/1154  0s] CopyFiles Library/ScriptAssemblies/Unity.InputSystem.TestFramework.pdb
[1135/1154  0s] CopyFiles Library/ScriptAssemblies/Unity.VisualScripting.State.pdb
[1136/1154  0s] CopyFiles Library/ScriptAssemblies/Unity.RenderPipelines.Universal.Config.Runtime.pdb
[1137/1154  0s] CopyFiles Library/ScriptAssemblies/UnityEngine.UI.pdb
[1138/1154  0s] CopyFiles Library/ScriptAssemblies/Unity.InternalAPIEngineBridge.001.pdb
[1139/1154  0s] CopyFiles Library/ScriptAssemblies/Unity.RenderPipelines.Universal.Shaders.pdb
[1140/1154  0s] CopyFiles Library/ScriptAssemblies/Unity.VisualScripting.Core.pdb
[1141/1154  0s] CopyFiles Library/ScriptAssemblies/Unity.2D.PixelPerfect.pdb
[1142/1154  0s] CopyFiles Library/ScriptAssemblies/Unity.2D.IK.Runtime.pdb
[1143/1154  0s] CopyFiles Library/ScriptAssemblies/Unity.Timeline.pdb
[1144/1154  0s] CopyFiles Library/ScriptAssemblies/Unity.VisualScripting.Shared.Editor.dll
[1145/1154  0s] CopyFiles Library/ScriptAssemblies/Unity.2D.Psdimporter.Editor.dll
[1146/1154  0s] Csc Library/Bee/artifacts/1900b0aEDbg.dag/Assembly-CSharp.dll (+2 others)
Assets\PickupItem.cs(13,21): warning CS0618: 'Object.FindFirstObjectByType<T>()' is obsolete: 'FindFirstObjectByType has been deprecated because it relies on instance ID ordering. Use FindAnyObjectByType instead, which does not depend on ordering.'

Assets\Portal.cs(34,60): warning CS0618: 'FindObjectsSortMode' is obsolete: 'FindObjectsSortMode has been deprecated. Use the FindObjectsByType overloads that do not take a FindObjectsSortMode parameter.'

Assets\Portal.cs(34,32): warning CS0618: 'Object.FindObjectsByType<T>(FindObjectsSortMode)' is obsolete: 'FindObjectsByType with FindObjectsSortMode parameter has been deprecated. Use FindObjectsByType<T>() or FindObjectsByType<T>(FindObjectsInactive) instead. InstanceID will be replaced in the future with EntityId and previous sort order cannot be maintained.'

Assets\SaveSystem.cs(59,70): warning CS0618: 'FindObjectsSortMode' is obsolete: 'FindObjectsSortMode has been deprecated. Use the FindObjectsByType overloads that do not take a FindObjectsSortMode parameter.'

Assets\SaveSystem.cs(59,33): warning CS0618: 'Object.FindObjectsByType<T>(FindObjectsSortMode)' is obsolete: 'FindObjectsByType with FindObjectsSortMode parameter has been deprecated. Use FindObjectsByType<T>() or FindObjectsByType<T>(FindObjectsInactive) instead. InstanceID will be replaced in the future with EntityId and previous sort order cannot be maintained.'

Assets\SaveSystem.cs(16,36): warning UAC1009: Field 'levelDictinonary' uses an unsupported type 'System.Collections.Generic.Dictionary<int, string>'. Refer to the Serialization rules analyzer reference. (https://docs.unity3d.com/6000.5/Documentation/Manual/script-serialization-analyzer.html#uac1009)

Assets\YandexGame\ScriptsYG\Leaderboards\LBPlayerDataYG.cs(45,21): warning UAC1001: Field 'data' type 'YG.LBPlayerDataYG.Data' is skipped by serialization (missing the [Serializable] attribute). Refer to the Serialization rules analyzer reference. (https://docs.unity3d.com/6000.5/Documentation/Manual/script-serialization-analyzer.html#uac1001)
[1147/1154  2s] Csc Library/Bee/artifacts/1900b0aEDbg.dag/Assembly-CSharp-Editor.dll (+2 others)
Assets\YandexGame\ScriptsYG\Language\Editor\FontMasseInstallEditorWindow.cs(29,114): warning CS0618: 'FindObjectsSortMode' is obsolete: 'FindObjectsSortMode has been deprecated. Use the FindObjectsByType overloads that do not take a FindObjectsSortMode parameter.'

Assets\YandexGame\ScriptsYG\Language\Editor\FontMasseInstallEditorWindow.cs(29,44): warning CS0618: 'Object.FindObjectsByType<T>(FindObjectsInactive, FindObjectsSortMode)' is obsolete: 'FindObjectsByType with FindObjectsSortMode parameter has been deprecated. Use FindObjectsByType<T>() or FindObjectsByType<T>(FindObjectsInactive) instead. InstanceID will be replaced in the future with EntityId and previous sort order cannot be maintained.'

Assets\YandexGame\ScriptsYG\Language\Editor\CSVFileEditorWindow.cs(30,85): warning CS0618: 'FindObjectsSortMode' is obsolete: 'FindObjectsSortMode has been deprecated. Use the FindObjectsByType overloads that do not take a FindObjectsSortMode parameter.'

Assets\YandexGame\ScriptsYG\Language\Editor\CSVFileEditorWindow.cs(30,44): warning CS0618: 'Object.FindObjectsByType<T>(FindObjectsSortMode)' is obsolete: 'FindObjectsByType with FindObjectsSortMode parameter has been deprecated. Use FindObjectsByType<T>() or FindObjectsByType<T>(FindObjectsInactive) instead. InstanceID will be replaced in the future with EntityId and previous sort order cannot be maintained.'

Assets\YandexGame\ScriptsYG\Language\Editor\AutoLocalizationMasseWindow.cs(33,106): warning CS0618: 'FindObjectsSortMode' is obsolete: 'FindObjectsSortMode has been deprecated. Use the FindObjectsByType overloads that do not take a FindObjectsSortMode parameter.'

Assets\YandexGame\ScriptsYG\Language\Editor\AutoLocalizationMasseWindow.cs(33,42): warning CS0618: 'Object.FindObjectsByType<T>(FindObjectsInactive, FindObjectsSortMode)' is obsolete: 'FindObjectsByType with FindObjectsSortMode parameter has been deprecated. Use FindObjectsByType<T>() or FindObjectsByType<T>(FindObjectsInactive) instead. InstanceID will be replaced in the future with EntityId and previous sort order cannot be maintained.'

Assets\YandexGame\ScriptsYG\Language\Editor\AutoLocalizationMasseWindow.cs(53,118): warning CS0618: 'FindObjectsSortMode' is obsolete: 'FindObjectsSortMode has been deprecated. Use the FindObjectsByType overloads that do not take a FindObjectsSortMode parameter.'

Assets\YandexGame\ScriptsYG\Language\Editor\AutoLocalizationMasseWindow.cs(53,48): warning CS0618: 'Object.FindObjectsByType<T>(FindObjectsInactive, FindObjectsSortMode)' is obsolete: 'FindObjectsByType with FindObjectsSortMode parameter has been deprecated. Use FindObjectsByType<T>() or FindObjectsByType<T>(FindObjectsInactive) instead. InstanceID will be replaced in the future with EntityId and previous sort order cannot be maintained.'
[1148/1154  0s] ILPostProcess Library/Bee/artifacts/1900b0aEDbg.dag/post-processed/Assembly-CSharp-Editor.dll (+pdb)
Processing assembly Library/Bee/artifacts/1900b0aEDbg.dag/Assembly-CSharp-Editor.dll, with 141 defines and 380 references

processors: Unity.Jobs.CodeGen.JobsILPostProcessor, zzzUnity.Burst.CodeGen.BurstILPostProcessor

running Unity.Jobs.CodeGen.JobsILPostProcessor

running zzzUnity.Burst.CodeGen.BurstILPostProcessor
[1149/1154  2s] ILPostProcess Library/Bee/artifacts/1900b0aEDbg.dag/post-processed/Assembly-CSharp.dll (+pdb)
Processing assembly Library/Bee/artifacts/1900b0aEDbg.dag/Assembly-CSharp.dll, with 143 defines and 358 references

processors: Unity.Jobs.CodeGen.JobsILPostProcessor, zzzUnity.Burst.CodeGen.BurstILPostProcessor

running Unity.Jobs.CodeGen.JobsILPostProcessor

running zzzUnity.Burst.CodeGen.BurstILPostProcessor
[1150/1154  0s] CopyFiles Library/ScriptAssemblies/Assembly-CSharp-Editor.pdb
[1151/1154  0s] CopyFiles Library/ScriptAssemblies/Assembly-CSharp.pdb
[1152/1154  0s] CopyFiles Library/ScriptAssemblies/Assembly-CSharp.dll
[1153/1154  0s] CopyFiles Library/ScriptAssemblies/Assembly-CSharp-Editor.dll
*** Tundra build success (5.90 seconds), 178 items updated, 1154 evaluated
Assets\PickupItem.cs(13,21): warning CS0618: 'Object.FindFirstObjectByType<T>()' is obsolete: 'FindFirstObjectByType has been deprecated because it relies on instance ID ordering. Use FindAnyObjectByType instead, which does not depend on ordering.'
Assets\Portal.cs(34,60): warning CS0618: 'FindObjectsSortMode' is obsolete: 'FindObjectsSortMode has been deprecated. Use the FindObjectsByType overloads that do not take a FindObjectsSortMode parameter.'
Assets\Portal.cs(34,32): warning CS0618: 'Object.FindObjectsByType<T>(FindObjectsSortMode)' is obsolete: 'FindObjectsByType with FindObjectsSortMode parameter has been deprecated. Use FindObjectsByType<T>() or FindObjectsByType<T>(FindObjectsInactive) instead. InstanceID will be replaced in the future with EntityId and previous sort order cannot be maintained.'
Assets\SaveSystem.cs(59,70): warning CS0618: 'FindObjectsSortMode' is obsolete: 'FindObjectsSortMode has been deprecated. Use the FindObjectsByType overloads that do not take a FindObjectsSortMode parameter.'
Assets\SaveSystem.cs(59,33): warning CS0618: 'Object.FindObjectsByType<T>(FindObjectsSortMode)' is obsolete: 'FindObjectsByType with FindObjectsSortMode parameter has been deprecated. Use FindObjectsByType<T>() or FindObjectsByType<T>(FindObjectsInactive) instead. InstanceID will be replaced in the future with EntityId and previous sort order cannot be maintained.'
Assets\SaveSystem.cs(16,36): warning UAC1009: Field 'levelDictinonary' uses an unsupported type 'System.Collections.Generic.Dictionary<int, string>'. Refer to the Serialization rules analyzer reference. (https://docs.unity3d.com/6000.5/Documentation/Manual/script-serialization-analyzer.html#uac1009)
Assets\YandexGame\ScriptsYG\Leaderboards\LBPlayerDataYG.cs(45,21): warning UAC1001: Field 'data' type 'YG.LBPlayerDataYG.Data' is skipped by serialization (missing the [Serializable] attribute). Refer to the Serialization rules analyzer reference. (https://docs.unity3d.com/6000.5/Documentation/Manual/script-serialization-analyzer.html#uac1001)
Assets\PickupItem.cs(13,21): warning CS0618: 'Object.FindFirstObjectByType<T>()' is obsolete: 'FindFirstObjectByType has been deprecated because it relies on instance ID ordering. Use FindAnyObjectByType instead, which does not depend on ordering.'
Assets\Portal.cs(34,60): warning CS0618: 'FindObjectsSortMode' is obsolete: 'FindObjectsSortMode has been deprecated. Use the FindObjectsByType overloads that do not take a FindObjectsSortMode parameter.'
Assets\Portal.cs(34,32): warning CS0618: 'Object.FindObjectsByType<T>(FindObjectsSortMode)' is obsolete: 'FindObjectsByType with FindObjectsSortMode parameter has been deprecated. Use FindObjectsByType<T>() or FindObjectsByType<T>(FindObjectsInactive) instead. InstanceID will be replaced in the future with EntityId and previous sort order cannot be maintained.'
Assets\SaveSystem.cs(59,70): warning CS0618: 'FindObjectsSortMode' is obsolete: 'FindObjectsSortMode has been deprecated. Use the FindObjectsByType overloads that do not take a FindObjectsSortMode parameter.'
Assets\SaveSystem.cs(59,33): warning CS0618: 'Object.FindObjectsByType<T>(FindObjectsSortMode)' is obsolete: 'FindObjectsByType with FindObjectsSortMode parameter has been deprecated. Use FindObjectsByType<T>() or FindObjectsByType<T>(FindObjectsInactive) instead. InstanceID will be replaced in the future with EntityId and previous sort order cannot be maintained.'
Assets\SaveSystem.cs(16,36): warning UAC1009: Field 'levelDictinonary' uses an unsupported type 'System.Collections.Generic.Dictionary<int, string>'. Refer to the Serialization rules analyzer reference. (https://docs.unity3d.com/6000.5/Documentation/Manual/script-serialization-analyzer.html#uac1009)
Assets\YandexGame\ScriptsYG\Leaderboards\LBPlayerDataYG.cs(45,21): warning UAC1001: Field 'data' type 'YG.LBPlayerDataYG.Data' is skipped by serialization (missing the [Serializable] attribute). Refer to the Serialization rules analyzer reference. (https://docs.unity3d.com/6000.5/Documentation/Manual/script-serialization-analyzer.html#uac1001)
Assets\YandexGame\ScriptsYG\Language\Editor\FontMasseInstallEditorWindow.cs(29,114): warning CS0618: 'FindObjectsSortMode' is obsolete: 'FindObjectsSortMode has been deprecated. Use the FindObjectsByType overloads that do not take a FindObjectsSortMode parameter.'
Assets\YandexGame\ScriptsYG\Language\Editor\FontMasseInstallEditorWindow.cs(29,44): warning CS0618: 'Object.FindObjectsByType<T>(FindObjectsInactive, FindObjectsSortMode)' is obsolete: 'FindObjectsByType with FindObjectsSortMode parameter has been deprecated. Use FindObjectsByType<T>() or FindObjectsByType<T>(FindObjectsInactive) instead. InstanceID will be replaced in the future with EntityId and previous sort order cannot be maintained.'
Assets\YandexGame\ScriptsYG\Language\Editor\CSVFileEditorWindow.cs(30,85): warning CS0618: 'FindObjectsSortMode' is obsolete: 'FindObjectsSortMode has been deprecated. Use the FindObjectsByType overloads that do not take a FindObjectsSortMode parameter.'
Assets\YandexGame\ScriptsYG\Language\Editor\CSVFileEditorWindow.cs(30,44): warning CS0618: 'Object.FindObjectsByType<T>(FindObjectsSortMode)' is obsolete: 'FindObjectsByType with FindObjectsSortMode parameter has been deprecated. Use FindObjectsByType<T>() or FindObjectsByType<T>(FindObjectsInactive) instead. InstanceID will be replaced in the future with EntityId and previous sort order cannot be maintained.'
Assets\YandexGame\ScriptsYG\Language\Editor\AutoLocalizationMasseWindow.cs(33,106): warning CS0618: 'FindObjectsSortMode' is obsolete: 'FindObjectsSortMode has been deprecated. Use the FindObjectsByType overloads that do not take a FindObjectsSortMode parameter.'
Assets\YandexGame\ScriptsYG\Language\Editor\AutoLocalizationMasseWindow.cs(33,42): warning CS0618: 'Object.FindObjectsByType<T>(FindObjectsInactive, FindObjectsSortMode)' is obsolete: 'FindObjectsByType with FindObjectsSortMode parameter has been deprecated. Use FindObjectsByType<T>() or FindObjectsByType<T>(FindObjectsInactive) instead. InstanceID will be replaced in the future with EntityId and previous sort order cannot be maintained.'
Assets\YandexGame\ScriptsYG\Language\Editor\AutoLocalizationMasseWindow.cs(53,118): warning CS0618: 'FindObjectsSortMode' is obsolete: 'FindObjectsSortMode has been deprecated. Use the FindObjectsByType overloads that do not take a FindObjectsSortMode parameter.'
Assets\YandexGame\ScriptsYG\Language\Editor\AutoLocalizationMasseWindow.cs(53,48): warning CS0618: 'Object.FindObjectsByType<T>(FindObjectsInactive, FindObjectsSortMode)' is obsolete: 'FindObjectsByType with FindObjectsSortMode parameter has been deprecated. Use FindObjectsByType<T>() or FindObjectsByType<T>(FindObjectsInactive) instead. InstanceID will be replaced in the future with EntityId and previous sort order cannot be maintained.'
Total cache size 268408592
Total cache size after purge 268408592, took 00:00:00.5412878
SpriteAtlasPacking completed in 0.027385 sec
Reloading assemblies for play mode.
Reloading assemblies after forced synchronous recompile.
Begin MonoManager ReloadAssembly
Symbol file LoadedFromMemory is not a mono symbol file
Refreshing native plugins compatible for Editor in 9.37 ms, found 5 plugins.
Native extension for WindowsStandalone target not found
Refreshing native plugins compatible for Editor in 7.60 ms, found 5 plugins.
[Licensing::Client] Successfully resolved entitlement details
ScheduleIndexationOnStartup MainProcess:True IndexOnStartup:True
[MODES] ModeService[none].Initialize
[MODES] ModeService[none].LoadModes
Mono: successfully reloaded assembly
- Finished resetting the current domain, in 12.781 seconds
Domain Reload Profiling: 18605ms
	BeginReloadAssembly (3668ms)
		DisableScriptedObjects (241ms)
		CreateAndSetChildDomain (1583ms)
	RebuildCommonClasses (16ms)
	RebuildNativeTypeToScriptingClass (30ms)
	initialDomainReloadingComplete (111ms)
	LoadAllAssembliesAndSetupDomain (1997ms)
		LoadAssemblies (2094ms)
		AnalyzeDomain (633ms)
			TypeCache.Refresh (301ms)
				TypeCache.ScanAssembly (271ms)
			BuildScriptInfoCaches (269ms)
			ResolveRequiredComponents (60ms)
	FinalizeReload (12783ms)
		SetupLoadedEditorAssemblies (0ms)
			InitializePlatformSupportModulesInManaged (3ms)
			BeforeProcessingInitializeOnLoad (194ms)
			ProcessInitializeOnLoadAttributes (8918ms)
			ProcessInitializeOnLoadMethodAttributes (513ms)
			AfterProcessingInitializeOnLoad (12ms)
		AwakeInstancesAfterBackupRestoration (2062ms)

Asset Pipeline Refresh (id=eaafaf42df042804cb59274552f073d5): Total: 19.140 seconds - Initiated by StopAssetImportingV2(ForceSynchronousImport | ForceDomainReload)
	(Values over 0.05ms)
	Summary:
		Imports: total=0 (actual=0, local cache=0, cache server=0)
		Asset DB Process Time: managed=0 ms, native=13118 ms
		Asset DB Callback time: managed=67 ms, native=1 ms
		Scripting: domain reloads=1, domain reload time=5945 ms, compile time=7 ms, other=0 ms
		Project Asset Count: scripts=1714, non-scripts=3385
		Asset File Changes: new=0, changed=0, moved=0, deleted=0
		Scan Filter Count: 0
	InvokePackagesCallback: 4.557ms
	ApplyChangesToAssetFolders: 0.934ms
	Collect global state as custom dependencies: 7.283ms
	ProcessAssetsWithTransientArtifactChanges: 11.422ms
	CategorizeAssets: 113.341ms
	CompileScripts: 7.017ms
	ImportOutOfDateAssets: 12893.961ms (12820.989ms without children)
		CollectScriptTypesHashes: 2.356ms
		ReloadNativeAssets: 3.356ms
		UnloadImportedAssets: 0.982ms
		EnsureUptoDateAssetsAreRegisteredWithGuidPM: 1.362ms
		ImportSchedulerStart: 67.227ms
	PostProcessAllAssets: 67.344ms
		MonoPostProcessAllAssets: 67.335ms
			UniversalRenderPipelineGlobalSettingsPostprocessor.OnPostprocessAllAssets 21.485ms
			SyncVS.PostprocessSyncProject 6.703ms
			SpeedTree9Postprocessor.OnPostprocessAllAssets 4.696ms
			WindowAssetPostprocessingWatcher.OnPostprocessAllAssets 3.536ms
			ProjectSettingsPostprocessor.OnPostprocessAllAssets 1.194ms
			RenderPipelineGlobalSettingsPostprocessor.OnPostprocessAllAssets 1.087ms
			TMPro_TexturePostProcessor.OnPostprocessAllAssets 0.966ms
			ShaderReflectionAssetPostProcessor.OnPostprocessAllAssets 0.879ms
			InputActionAssetPostprocessor.OnPostprocessAllAssets 0.772ms
			EditModeScopePostprocessor.OnPostprocessAllAssets 0.537ms
			TerrainToolbarOverlayPostProcessor.OnPostprocessAllAssets 0.422ms
			ReferencedClipsPostProcessor.OnPostprocessAllAssets 0.387ms
			SpriteEditorTexturePostprocessor.OnPostprocessAllAssets 0.368ms
			SpriteShapeAssetPostProcessor.OnPostprocessAllAssets 0.355ms
			AssetChangedListener.OnPostprocessAllAssets 0.290ms
			AssetDatabaseCallbacks.OnPostprocessAllAssets 0.272ms
			ShaderGraphAssetPostProcessor.OnPostprocessAllAssets 0.138ms
			AssetPostprocessor.OnPostprocessAllAssets 0.124ms
	GatherAllCurrentPrimaryImportResultRevisions: 0.499ms
	UnloadStreamsBegin: 0.629ms
	PersistCurrentRevisions: 0.329ms
	GenerateScriptTypeHashes: 8.364ms
	GenerateScriptTypeSerializationHashes: 13.264ms
	Untracked: 6014.654ms

Load Editor
UnityEngine.Debug:ExtractStackTraceNoAlloc (byte*,int,string)
UnityEngine.StackTraceUtility:ExtractStackTrace ()
UnityEngine.DebugLogHandler:Internal_Log (UnityEngine.LogType,UnityEngine.LogOption,string,UnityEngine.Object)
UnityEngine.DebugLogHandler:LogFormat (UnityEngine.LogType,UnityEngine.Object,string,object[])
UnityEngine.Logger:Log (UnityEngine.LogType,object)
UnityEngine.Debug:Log (object)
YG.YandexGame:Message (string) (at Assets/YandexGame/ScriptsYG/YandexGame.cs:133)
YG.YandexGame:LoadEditor () (at Assets/YandexGame/ScriptsYG/Storage/Storage_yg.cs:75)
YG.YandexGame:_LoadProgress () (at Assets/YandexGame/ScriptsYG/Storage/Storage_yg.cs:168)
YG.YandexGame:LoadProgress () (at Assets/YandexGame/ScriptsYG/Storage/Storage_yg.cs:173)
YG.YandexGame:InitCloudStorage () (at Assets/YandexGame/ScriptsYG/Storage/Storage_yg.cs:30)
System.Reflection.RuntimeMethodInfo:Invoke (object,System.Reflection.BindingFlags,System.Reflection.Binder,object[],System.Globalization.CultureInfo)
System.Reflection.MethodBase:Invoke (object,object[])
YG.YandexGame/<>c__DisplayClass37_1:<CallInitBaisYG>b__0 () (at Assets/YandexGame/ScriptsYG/Initialization/InitYGAttribute.cs:32)
YG.YandexGame:CallInitBaisYG () (at Assets/YandexGame/ScriptsYG/Initialization/InitYGAttribute.cs:37)
YG.YandexGame:Awake () (at Assets/YandexGame/ScriptsYG/YandexGame.cs:103)

(Filename: Assets/YandexGame/ScriptsYG/YandexGame.cs Line: 133)

Authorization - True
UnityEngine.Debug:ExtractStackTraceNoAlloc (byte*,int,string)
UnityEngine.StackTraceUtility:ExtractStackTrace ()
UnityEngine.DebugLogHandler:Internal_Log (UnityEngine.LogType,UnityEngine.LogOption,string,UnityEngine.Object)
UnityEngine.DebugLogHandler:LogFormat (UnityEngine.LogType,UnityEngine.Object,string,object[])
UnityEngine.Logger:Log (UnityEngine.LogType,object)
UnityEngine.Debug:Log (object)
YG.YandexGame:Message (string) (at Assets/YandexGame/ScriptsYG/YandexGame.cs:133)
YG.YandexGame:SetInitializationSDK (string) (at Assets/YandexGame/ScriptsYG/Authorization/Auth_yg.cs:113)
YG.YandexGame:InitPlayerForEditor () (at Assets/YandexGame/ScriptsYG/Authorization/Auth_yg.cs:62)
YG.YandexGame:InitializationGame () (at Assets/YandexGame/ScriptsYG/Authorization/Auth_yg.cs:31)
System.Reflection.RuntimeMethodInfo:Invoke (object,System.Reflection.BindingFlags,System.Reflection.Binder,object[],System.Globalization.CultureInfo)
System.Reflection.MethodBase:Invoke (object,object[])
YG.YandexGame/<>c__DisplayClass38_1:<CallInitYG>b__0 () (at Assets/YandexGame/ScriptsYG/Initialization/InitYGAttribute.cs:51)
YG.YandexGame:CallInitYG () (at Assets/YandexGame/ScriptsYG/Initialization/InitYGAttribute.cs:56)
YG.YandexGame:Awake () (at Assets/YandexGame/ScriptsYG/YandexGame.cs:104)

(Filename: Assets/YandexGame/ScriptsYG/YandexGame.cs Line: 133)

Get Payments
UnityEngine.Debug:ExtractStackTraceNoAlloc (byte*,int,string)
UnityEngine.StackTraceUtility:ExtractStackTrace ()
UnityEngine.DebugLogHandler:Internal_Log (UnityEngine.LogType,UnityEngine.LogOption,string,UnityEngine.Object)
UnityEngine.DebugLogHandler:LogFormat (UnityEngine.LogType,UnityEngine.Object,string,object[])
UnityEngine.Logger:Log (UnityEngine.LogType,object)
UnityEngine.Debug:Log (object)
YG.YandexGame:Message (string) (at Assets/YandexGame/ScriptsYG/YandexGame.cs:133)
YG.YandexGame:GetPayments () (at Assets/YandexGame/ScriptsYG/Payments/InternalScripts/Payments_yg.cs:49)
YG.YandexGame:Awake () (at Assets/YandexGame/ScriptsYG/YandexGame.cs:105)

(Filename: Assets/YandexGame/ScriptsYG/YandexGame.cs Line: 133)

Loaded scene 'Temp/__Backupscenes/0.backup'
	Deserialize:            109.895 ms
	Integration:            1866.409 ms
	Integration of assets:  0.100 ms
	Thread Wait Time:       -0.063 ms
	Total Operation Time:   1976.342 ms
[Licensing::Client] Successfully resolved entitlement details
[Licensing::Client] Successfully resolved entitlement details
OnBeginDrag
UnityEngine.Debug:ExtractStackTraceNoAlloc (byte*,int,string)
UnityEngine.StackTraceUtility:ExtractStackTrace ()
UnityEngine.DebugLogHandler:Internal_Log (UnityEngine.LogType,UnityEngine.LogOption,string,UnityEngine.Object)
UnityEngine.DebugLogHandler:LogFormat (UnityEngine.LogType,UnityEngine.Object,string,object[])
UnityEngine.Logger:Log (UnityEngine.LogType,object)
UnityEngine.Debug:Log (object)
InventoryItem:OnBeginDrag (UnityEngine.EventSystems.PointerEventData) (at Assets/InventoryItem.cs:30)
UnityEngine.EventSystems.ExecuteEvents:Execute (UnityEngine.EventSystems.IBeginDragHandler,UnityEngine.EventSystems.BaseEventData) (at ./Library/PackageCache/com.unity.ugui@1c4864518158/Runtime/UGUI/EventSystem/ExecuteEvents.cs:71)
UnityEngine.EventSystems.ExecuteEvents:Execute<UnityEngine.EventSystems.IBeginDragHandler> (UnityEngine.GameObject,UnityEngine.EventSystems.BaseEventData,UnityEngine.EventSystems.ExecuteEvents/EventFunction`1<UnityEngine.EventSystems.IBeginDragHandler>) (at ./Library/PackageCache/com.unity.ugui@1c4864518158/Runtime/UGUI/EventSystem/ExecuteEvents.cs:272)
UnityEngine.InputSystem.UI.InputSystemUIInputModule:ProcessPointerButtonDrag (UnityEngine.InputSystem.UI.PointerModel/ButtonState&,UnityEngine.InputSystem.UI.ExtendedPointerEventData) (at ./Library/PackageCache/com.unity.inputsystem@7a4e1a2a8194/InputSystem/Runtime/Plugins/UI/InputSystemUIInputModule.cs:764)
UnityEngine.InputSystem.UI.InputSystemUIInputModule:ProcessPointer (UnityEngine.InputSystem.UI.PointerModel&) (at ./Library/PackageCache/com.unity.inputsystem@7a4e1a2a8194/InputSystem/Runtime/Plugins/UI/InputSystemUIInputModule.cs:487)
UnityEngine.InputSystem.UI.InputSystemUIInputModule:Process () (at ./Library/PackageCache/com.unity.inputsystem@7a4e1a2a8194/InputSystem/Runtime/Plugins/UI/InputSystemUIInputModule.cs:2405)
UnityEngine.EventSystems.EventSystem:Update () (at ./Library/PackageCache/com.unity.ugui@1c4864518158/Runtime/UGUI/EventSystem/EventSystem.cs:516)

(Filename: Assets/InventoryItem.cs Line: 30)

OnDrag
UnityEngine.Debug:ExtractStackTraceNoAlloc (byte*,int,string)
UnityEngine.StackTraceUtility:ExtractStackTrace ()
UnityEngine.DebugLogHandler:Internal_Log (UnityEngine.LogType,UnityEngine.LogOption,string,UnityEngine.Object)
UnityEngine.DebugLogHandler:LogFormat (UnityEngine.LogType,UnityEngine.Object,string,object[])
UnityEngine.Logger:Log (UnityEngine.LogType,object)
UnityEngine.Debug:Log (object)
InventoryItem:OnDrag (UnityEngine.EventSystems.PointerEventData) (at Assets/InventoryItem.cs:80)
UnityEngine.EventSystems.ExecuteEvents:Execute (UnityEngine.EventSystems.IDragHandler,UnityEngine.EventSystems.BaseEventData) (at ./Library/PackageCache/com.unity.ugui@1c4864518158/Runtime/UGUI/EventSystem/ExecuteEvents.cs:78)
UnityEngine.EventSystems.ExecuteEvents:Execute<UnityEngine.EventSystems.IDragHandler> (UnityEngine.GameObject,UnityEngine.EventSystems.BaseEventData,UnityEngine.EventSystems.ExecuteEvents/EventFunction`1<UnityEngine.EventSystems.IDragHandler>) (at ./Library/PackageCache/com.unity.ugui@1c4864518158/Runtime/UGUI/EventSystem/ExecuteEvents.cs:272)
UnityEngine.InputSystem.UI.InputSystemUIInputModule:ProcessPointerButtonDrag (UnityEngine.InputSystem.UI.PointerModel/ButtonState&,UnityEngine.InputSystem.UI.ExtendedPointerEventData) (at ./Library/PackageCache/com.unity.inputsystem@7a4e1a2a8194/InputSystem/Runtime/Plugins/UI/InputSystemUIInputModule.cs:781)
UnityEngine.InputSystem.UI.InputSystemUIInputModule:ProcessPointer (UnityEngine.InputSystem.UI.PointerModel&) (at ./Library/PackageCache/com.unity.inputsystem@7a4e1a2a8194/InputSystem/Runtime/Plugins/UI/InputSystemUIInputModule.cs:487)
UnityEngine.InputSystem.UI.InputSystemUIInputModule:Process () (at ./Library/PackageCache/com.unity.inputsystem@7a4e1a2a8194/InputSystem/Runtime/Plugins/UI/InputSystemUIInputModule.cs:2405)
UnityEngine.EventSystems.EventSystem:Update () (at ./Library/PackageCache/com.unity.ugui@1c4864518158/Runtime/UGUI/EventSystem/EventSystem.cs:516)

(Filename: Assets/InventoryItem.cs Line: 80)

OnDrag
UnityEngine.Debug:ExtractStackTraceNoAlloc (byte*,int,string)
UnityEngine.StackTraceUtility:ExtractStackTrace ()
UnityEngine.DebugLogHandler:Internal_Log (UnityEngine.LogType,UnityEngine.LogOption,string,UnityEngine.Object)
UnityEngine.DebugLogHandler:LogFormat (UnityEngine.LogType,UnityEngine.Object,string,object[])
UnityEngine.Logger:Log (UnityEngine.LogType,object)
UnityEngine.Debug:Log (object)
InventoryItem:OnDrag (UnityEngine.EventSystems.PointerEventData) (at Assets/InventoryItem.cs:80)
UnityEngine.EventSystems.ExecuteEvents:Execute (UnityEngine.EventSystems.IDragHandler,UnityEngine.EventSystems.BaseEventData) (at ./Library/PackageCache/com.unity.ugui@1c4864518158/Runtime/UGUI/EventSystem/ExecuteEvents.cs:78)
UnityEngine.EventSystems.ExecuteEvents:Execute<UnityEngine.EventSystems.IDragHandler> (UnityEngine.GameObject,UnityEngine.EventSystems.BaseEventData,UnityEngine.EventSystems.ExecuteEvents/EventFunction`1<UnityEngine.EventSystems.IDragHandler>) (at ./Library/PackageCache/com.unity.ugui@1c4864518158/Runtime/UGUI/EventSystem/ExecuteEvents.cs:272)
UnityEngine.InputSystem.UI.InputSystemUIInputModule:ProcessPointerButtonDrag (UnityEngine.InputSystem.UI.PointerModel/ButtonState&,UnityEngine.InputSystem.UI.ExtendedPointerEventData) (at ./Library/PackageCache/com.unity.inputsystem@7a4e1a2a8194/InputSystem/Runtime/Plugins/UI/InputSystemUIInputModule.cs:781)
UnityEngine.InputSystem.UI.InputSystemUIInputModule:ProcessPointer (UnityEngine.InputSystem.UI.PointerModel&) (at ./Library/PackageCache/com.unity.inputsystem@7a4e1a2a8194/InputSystem/Runtime/Plugins/UI/InputSystemUIInputModule.cs:487)
UnityEngine.InputSystem.UI.InputSystemUIInputModule:Process () (at ./Library/PackageCache/com.unity.inputsystem@7a4e1a2a8194/InputSystem/Runtime/Plugins/UI/InputSystemUIInputModule.cs:2405)
UnityEngine.EventSystems.EventSystem:Update () (at ./Library/PackageCache/com.unity.ugui@1c4864518158/Runtime/UGUI/EventSystem/EventSystem.cs:516)

(Filename: Assets/InventoryItem.cs Line: 80)

OnDrag
UnityEngine.Debug:ExtractStackTraceNoAlloc (byte*,int,string)
UnityEngine.StackTraceUtility:ExtractStackTrace ()
UnityEngine.DebugLogHandler:Internal_Log (UnityEngine.LogType,UnityEngine.LogOption,string,UnityEngine.Object)
UnityEngine.DebugLogHandler:LogFormat (UnityEngine.LogType,UnityEngine.Object,string,object[])
UnityEngine.Logger:Log (UnityEngine.LogType,object)
UnityEngine.Debug:Log (object)
InventoryItem:OnDrag (UnityEngine.EventSystems.PointerEventData) (at Assets/InventoryItem.cs:80)
UnityEngine.EventSystems.ExecuteEvents:Execute (UnityEngine.EventSystems.IDragHandler,UnityEngine.EventSystems.BaseEventData) (at ./Library/PackageCache/com.unity.ugui@1c4864518158/Runtime/UGUI/EventSystem/ExecuteEvents.cs:78)
UnityEngine.EventSystems.ExecuteEvents:Execute<UnityEngine.EventSystems.IDragHandler> (UnityEngine.GameObject,UnityEngine.EventSystems.BaseEventData,UnityEngine.EventSystems.ExecuteEvents/EventFunction`1<UnityEngine.EventSystems.IDragHandler>) (at ./Library/PackageCache/com.unity.ugui@1c4864518158/Runtime/UGUI/EventSystem/ExecuteEvents.cs:272)
UnityEngine.InputSystem.UI.InputSystemUIInputModule:ProcessPointerButtonDrag (UnityEngine.InputSystem.UI.PointerModel/ButtonState&,UnityEngine.InputSystem.UI.ExtendedPointerEventData) (at ./Library/PackageCache/com.unity.inputsystem@7a4e1a2a8194/InputSystem/Runtime/Plugins/UI/InputSystemUIInputModule.cs:781)
UnityEngine.InputSystem.UI.InputSystemUIInputModule:ProcessPointer (UnityEngine.InputSystem.UI.PointerModel&) (at ./Library/PackageCache/com.unity.inputsystem@7a4e1a2a8194/InputSystem/Runtime/Plugins/UI/InputSystemUIInputModule.cs:487)
UnityEngine.InputSystem.UI.InputSystemUIInputModule:Process () (at ./Library/PackageCache/com.unity.inputsystem@7a4e1a2a8194/InputSystem/Runtime/Plugins/UI/InputSystemUIInputModule.cs:2405)
UnityEngine.EventSystems.EventSystem:Update () (at ./Library/PackageCache/com.unity.ugui@1c4864518158/Runtime/UGUI/EventSystem/EventSystem.cs:516)

(Filename: Assets/InventoryItem.cs Line: 80)

OnDrag
UnityEngine.Debug:ExtractStackTraceNoAlloc (byte*,int,string)
UnityEngine.StackTraceUtility:ExtractStackTrace ()
UnityEngine.DebugLogHandler:Internal_Log (UnityEngine.LogType,UnityEngine.LogOption,string,UnityEngine.Object)
UnityEngine.DebugLogHandler:LogFormat (UnityEngine.LogType,UnityEngine.Object,string,object[])
UnityEngine.Logger:Log (UnityEngine.LogType,object)
UnityEngine.Debug:Log (object)
InventoryItem:OnDrag (UnityEngine.EventSystems.PointerEventData) (at Assets/InventoryItem.cs:80)
UnityEngine.EventSystems.ExecuteEvents:Execute (UnityEngine.EventSystems.IDragHandler,UnityEngine.EventSystems.BaseEventData) (at ./Library/PackageCache/com.unity.ugui@1c4864518158/Runtime/UGUI/EventSystem/ExecuteEvents.cs:78)
UnityEngine.EventSystems.ExecuteEvents:Execute<UnityEngine.EventSystems.IDragHandler> (UnityEngine.GameObject,UnityEngine.EventSystems.BaseEventData,UnityEngine.EventSystems.ExecuteEvents/EventFunction`1<UnityEngine.EventSystems.IDragHandler>) (at ./Library/PackageCache/com.unity.ugui@1c4864518158/Runtime/UGUI/EventSystem/ExecuteEvents.cs:272)
UnityEngine.InputSystem.UI.InputSystemUIInputModule:ProcessPointerButtonDrag (UnityEngine.InputSystem.UI.PointerModel/ButtonState&,UnityEngine.InputSystem.UI.ExtendedPointerEventData) (at ./Library/PackageCache/com.unity.inputsystem@7a4e1a2a8194/InputSystem/Runtime/Plugins/UI/InputSystemUIInputModule.cs:781)
UnityEngine.InputSystem.UI.InputSystemUIInputModule:ProcessPointer (UnityEngine.InputSystem.UI.PointerModel&) (at ./Library/PackageCache/com.unity.inputsystem@7a4e1a2a8194/InputSystem/Runtime/Plugins/UI/InputSystemUIInputModule.cs:487)
UnityEngine.InputSystem.UI.InputSystemUIInputModule:Process () (at ./Library/PackageCache/com.unity.inputsystem@7a4e1a2a8194/InputSystem/Runtime/Plugins/UI/InputSystemUIInputModule.cs:2405)
UnityEngine.EventSystems.EventSystem:Update () (at ./Library/PackageCache/com.unity.ugui@1c4864518158/Runtime/UGUI/EventSystem/EventSystem.cs:516)

(Filename: Assets/InventoryItem.cs Line: 80)

OnDrag
UnityEngine.Debug:ExtractStackTraceNoAlloc (byte*,int,string)
UnityEngine.StackTraceUtility:ExtractStackTrace ()
UnityEngine.DebugLogHandler:Internal_Log (UnityEngine.LogType,UnityEngine.LogOption,string,UnityEngine.Object)
UnityEngine.DebugLogHandler:LogFormat (UnityEngine.LogType,UnityEngine.Object,string,object[])
UnityEngine.Logger:Log (UnityEngine.LogType,object)
UnityEngine.Debug:Log (object)
InventoryItem:OnDrag (UnityEngine.EventSystems.PointerEventData) (at Assets/InventoryItem.cs:80)
UnityEngine.EventSystems.ExecuteEvents:Execute (UnityEngine.EventSystems.IDragHandler,UnityEngine.EventSystems.BaseEventData) (at ./Library/PackageCache/com.unity.ugui@1c4864518158/Runtime/UGUI/EventSystem/ExecuteEvents.cs:78)
UnityEngine.EventSystems.ExecuteEvents:Execute<UnityEngine.EventSystems.IDragHandler> (UnityEngine.GameObject,UnityEngine.EventSystems.BaseEventData,UnityEngine.EventSystems.ExecuteEvents/EventFunction`1<UnityEngine.EventSystems.IDragHandler>) (at ./Library/PackageCache/com.unity.ugui@1c4864518158/Runtime/UGUI/EventSystem/ExecuteEvents.cs:272)
UnityEngine.InputSystem.UI.InputSystemUIInputModule:ProcessPointerButtonDrag (UnityEngine.InputSystem.UI.PointerModel/ButtonState&,UnityEngine.InputSystem.UI.ExtendedPointerEventData) (at ./Library/PackageCache/com.unity.inputsystem@7a4e1a2a8194/InputSystem/Runtime/Plugins/UI/InputSystemUIInputModule.cs:781)
UnityEngine.InputSystem.UI.InputSystemUIInputModule:ProcessPointer (UnityEngine.InputSystem.UI.PointerModel&) (at ./Library/PackageCache/com.unity.inputsystem@7a4e1a2a8194/InputSystem/Runtime/Plugins/UI/InputSystemUIInputModule.cs:487)
UnityEngine.InputSystem.UI.InputSystemUIInputModule:Process () (at ./Library/PackageCache/com.unity.inputsystem@7a4e1a2a8194/InputSystem/Runtime/Plugins/UI/InputSystemUIInputModule.cs:2405)
UnityEngine.EventSystems.EventSystem:Update () (at ./Library/PackageCache/com.unity.ugui@1c4864518158/Runtime/UGUI/EventSystem/EventSystem.cs:516)

(Filename: Assets/InventoryItem.cs Line: 80)

OnDrag
UnityEngine.Debug:ExtractStackTraceNoAlloc (byte*,int,string)
UnityEngine.StackTraceUtility:ExtractStackTrace ()
UnityEngine.DebugLogHandler:Internal_Log (UnityEngine.LogType,UnityEngine.LogOption,string,UnityEngine.Object)
UnityEngine.DebugLogHandler:LogFormat (UnityEngine.LogType,UnityEngine.Object,string,object[])
UnityEngine.Logger:Log (UnityEngine.LogType,object)
UnityEngine.Debug:Log (object)
InventoryItem:OnDrag (UnityEngine.EventSystems.PointerEventData) (at Assets/InventoryItem.cs:80)
UnityEngine.EventSystems.ExecuteEvents:Execute (UnityEngine.EventSystems.IDragHandler,UnityEngine.EventSystems.BaseEventData) (at ./Library/PackageCache/com.unity.ugui@1c4864518158/Runtime/UGUI/EventSystem/ExecuteEvents.cs:78)
UnityEngine.EventSystems.ExecuteEvents:Execute<UnityEngine.EventSystems.IDragHandler> (UnityEngine.GameObject,UnityEngine.EventSystems.BaseEventData,UnityEngine.EventSystems.ExecuteEvents/EventFunction`1<UnityEngine.EventSystems.IDragHandler>) (at ./Library/PackageCache/com.unity.ugui@1c4864518158/Runtime/UGUI/EventSystem/ExecuteEvents.cs:272)
UnityEngine.InputSystem.UI.InputSystemUIInputModule:ProcessPointerButtonDrag (UnityEngine.InputSystem.UI.PointerModel/ButtonState&,UnityEngine.InputSystem.UI.ExtendedPointerEventData) (at ./Library/PackageCache/com.unity.inputsystem@7a4e1a2a8194/InputSystem/Runtime/Plugins/UI/InputSystemUIInputModule.cs:781)
UnityEngine.InputSystem.UI.InputSystemUIInputModule:ProcessPointer (UnityEngine.InputSystem.UI.PointerModel&) (at ./Library/PackageCache/com.unity.inputsystem@7a4e1a2a8194/InputSystem/Runtime/Plugins/UI/InputSystemUIInputModule.cs:487)
UnityEngine.InputSystem.UI.InputSystemUIInputModule:Process () (at ./Library/PackageCache/com.unity.inputsystem@7a4e1a2a8194/InputSystem/Runtime/Plugins/UI/InputSystemUIInputModule.cs:2405)
UnityEngine.EventSystems.EventSystem:Update () (at ./Library/PackageCache/com.unity.ugui@1c4864518158/Runtime/UGUI/EventSystem/EventSystem.cs:516)

(Filename: Assets/InventoryItem.cs Line: 80)

OnDrag
UnityEngine.Debug:ExtractStackTraceNoAlloc (byte*,int,string)
UnityEngine.StackTraceUtility:ExtractStackTrace ()
UnityEngine.DebugLogHandler:Internal_Log (UnityEngine.LogType,UnityEngine.LogOption,string,UnityEngine.Object)
UnityEngine.DebugLogHandler:LogFormat (UnityEngine.LogType,UnityEngine.Object,string,object[])
UnityEngine.Logger:Log (UnityEngine.LogType,object)
UnityEngine.Debug:Log (object)
InventoryItem:OnDrag (UnityEngine.EventSystems.PointerEventData) (at Assets/InventoryItem.cs:80)
UnityEngine.EventSystems.ExecuteEvents:Execute (UnityEngine.EventSystems.IDragHandler,UnityEngine.EventSystems.BaseEventData) (at ./Library/PackageCache/com.unity.ugui@1c4864518158/Runtime/UGUI/EventSystem/ExecuteEvents.cs:78)
UnityEngine.EventSystems.ExecuteEvents:Execute<UnityEngine.EventSystems.IDragHandler> (UnityEngine.GameObject,UnityEngine.EventSystems.BaseEventData,UnityEngine.EventSystems.ExecuteEvents/EventFunction`1<UnityEngine.EventSystems.IDragHandler>) (at ./Library/PackageCache/com.unity.ugui@1c4864518158/Runtime/UGUI/EventSystem/ExecuteEvents.cs:272)
UnityEngine.InputSystem.UI.InputSystemUIInputModule:ProcessPointerButtonDrag (UnityEngine.InputSystem.UI.PointerModel/ButtonState&,UnityEngine.InputSystem.UI.ExtendedPointerEventData) (at ./Library/PackageCache/com.unity.inputsystem@7a4e1a2a8194/InputSystem/Runtime/Plugins/UI/InputSystemUIInputModule.cs:781)
UnityEngine.InputSystem.UI.InputSystemUIInputModule:ProcessPointer (UnityEngine.InputSystem.UI.PointerModel&) (at ./Library/PackageCache/com.unity.inputsystem@7a4e1a2a8194/InputSystem/Runtime/Plugins/UI/InputSystemUIInputModule.cs:487)
UnityEngine.InputSystem.UI.InputSystemUIInputModule:Process () (at ./Library/PackageCache/com.unity.inputsystem@7a4e1a2a8194/InputSystem/Runtime/Plugins/UI/InputSystemUIInputModule.cs:2405)
UnityEngine.EventSystems.EventSystem:Update () (at ./Library/PackageCache/com.unity.ugui@1c4864518158/Runtime/UGUI/EventSystem/EventSystem.cs:516)

(Filename: Assets/InventoryItem.cs Line: 80)

OnDrag
UnityEngine.Debug:ExtractStackTraceNoAlloc (byte*,int,string)
UnityEngine.StackTraceUtility:ExtractStackTrace ()
UnityEngine.DebugLogHandler:Internal_Log (UnityEngine.LogType,UnityEngine.LogOption,string,UnityEngine.Object)
UnityEngine.DebugLogHandler:LogFormat (UnityEngine.LogType,UnityEngine.Object,string,object[])
UnityEngine.Logger:Log (UnityEngine.LogType,object)
UnityEngine.Debug:Log (object)
InventoryItem:OnDrag (UnityEngine.EventSystems.PointerEventData) (at Assets/InventoryItem.cs:80)
UnityEngine.EventSystems.ExecuteEvents:Execute (UnityEngine.EventSystems.IDragHandler,UnityEngine.EventSystems.BaseEventData) (at ./Library/PackageCache/com.unity.ugui@1c4864518158/Runtime/UGUI/EventSystem/ExecuteEvents.cs:78)
UnityEngine.EventSystems.ExecuteEvents:Execute<UnityEngine.EventSystems.IDragHandler> (UnityEngine.GameObject,UnityEngine.EventSystems.BaseEventData,UnityEngine.EventSystems.ExecuteEvents/EventFunction`1<UnityEngine.EventSystems.IDragHandler>) (at ./Library/PackageCache/com.unity.ugui@1c4864518158/Runtime/UGUI/EventSystem/ExecuteEvents.cs:272)
UnityEngine.InputSystem.UI.InputSystemUIInputModule:ProcessPointerButtonDrag (UnityEngine.InputSystem.UI.PointerModel/ButtonState&,UnityEngine.InputSystem.UI.ExtendedPointerEventData) (at ./Library/PackageCache/com.unity.inputsystem@7a4e1a2a8194/InputSystem/Runtime/Plugins/UI/InputSystemUIInputModule.cs:781)
UnityEngine.InputSystem.UI.InputSystemUIInputModule:ProcessPointer (UnityEngine.InputSystem.UI.PointerModel&) (at ./Library/PackageCache/com.unity.inputsystem@7a4e1a2a8194/InputSystem/Runtime/Plugins/UI/InputSystemUIInputModule.cs:487)
UnityEngine.InputSystem.UI.InputSystemUIInputModule:Process () (at ./Library/PackageCache/com.unity.inputsystem@7a4e1a2a8194/InputSystem/Runtime/Plugins/UI/InputSystemUIInputModule.cs:2405)
UnityEngine.EventSystems.EventSystem:Update () (at ./Library/PackageCache/com.unity.ugui@1c4864518158/Runtime/UGUI/EventSystem/EventSystem.cs:516)

(Filename: Assets/InventoryItem.cs Line: 80)

OnDrag
UnityEngine.Debug:ExtractStackTraceNoAlloc (byte*,int,string)
UnityEngine.StackTraceUtility:ExtractStackTrace ()
UnityEngine.DebugLogHandler:Internal_Log (UnityEngine.LogType,UnityEngine.LogOption,string,UnityEngine.Object)
UnityEngine.DebugLogHandler:LogFormat (UnityEngine.LogType,UnityEngine.Object,string,object[])
UnityEngine.Logger:Log (UnityEngine.LogType,object)
UnityEngine.Debug:Log (object)
InventoryItem:OnDrag (UnityEngine.EventSystems.PointerEventData) (at Assets/InventoryItem.cs:80)
UnityEngine.EventSystems.ExecuteEvents:Execute (UnityEngine.EventSystems.IDragHandler,UnityEngine.EventSystems.BaseEventData) (at ./Library/PackageCache/com.unity.ugui@1c4864518158/Runtime/UGUI/EventSystem/ExecuteEvents.cs:78)
UnityEngine.EventSystems.ExecuteEvents:Execute<UnityEngine.EventSystems.IDragHandler> (UnityEngine.GameObject,UnityEngine.EventSystems.BaseEventData,UnityEngine.EventSystems.ExecuteEvents/EventFunction`1<UnityEngine.EventSystems.IDragHandler>) (at ./Library/PackageCache/com.unity.ugui@1c4864518158/Runtime/UGUI/EventSystem/ExecuteEvents.cs:272)
UnityEngine.InputSystem.UI.InputSystemUIInputModule:ProcessPointerButtonDrag (UnityEngine.InputSystem.UI.PointerModel/ButtonState&,UnityEngine.InputSystem.UI.ExtendedPointerEventData) (at ./Library/PackageCache/com.unity.inputsystem@7a4e1a2a8194/InputSystem/Runtime/Plugins/UI/InputSystemUIInputModule.cs:781)
UnityEngine.InputSystem.UI.InputSystemUIInputModule:ProcessPointer (UnityEngine.InputSystem.UI.PointerModel&) (at ./Library/PackageCache/com.unity.inputsystem@7a4e1a2a8194/InputSystem/Runtime/Plugins/UI/InputSystemUIInputModule.cs:487)
UnityEngine.InputSystem.UI.InputSystemUIInputModule:Process () (at ./Library/PackageCache/com.unity.inputsystem@7a4e1a2a8194/InputSystem/Runtime/Plugins/UI/InputSystemUIInputModule.cs:2405)
UnityEngine.EventSystems.EventSystem:Update () (at ./Library/PackageCache/com.unity.ugui@1c4864518158/Runtime/UGUI/EventSystem/EventSystem.cs:516)

(Filename: Assets/InventoryItem.cs Line: 80)

OnDrag
UnityEngine.Debug:ExtractStackTraceNoAlloc (byte*,int,string)
UnityEngine.StackTraceUtility:ExtractStackTrace ()
UnityEngine.DebugLogHandler:Internal_Log (UnityEngine.LogType,UnityEngine.LogOption,string,UnityEngine.Object)
UnityEngine.DebugLogHandler:LogFormat (UnityEngine.LogType,UnityEngine.Object,string,object[])
UnityEngine.Logger:Log (UnityEngine.LogType,object)
UnityEngine.Debug:Log (object)
InventoryItem:OnDrag (UnityEngine.EventSystems.PointerEventData) (at Assets/InventoryItem.cs:80)
UnityEngine.EventSystems.ExecuteEvents:Execute (UnityEngine.EventSystems.IDragHandler,UnityEngine.EventSystems.BaseEventData) (at ./Library/PackageCache/com.unity.ugui@1c4864518158/Runtime/UGUI/EventSystem/ExecuteEvents.cs:78)
UnityEngine.EventSystems.ExecuteEvents:Execute<UnityEngine.EventSystems.IDragHandler> (UnityEngine.GameObject,UnityEngine.EventSystems.BaseEventData,UnityEngine.EventSystems.ExecuteEvents/EventFunction`1<UnityEngine.EventSystems.IDragHandler>) (at ./Library/PackageCache/com.unity.ugui@1c4864518158/Runtime/UGUI/EventSystem/ExecuteEvents.cs:272)
UnityEngine.InputSystem.UI.InputSystemUIInputModule:ProcessPointerButtonDrag (UnityEngine.InputSystem.UI.PointerModel/ButtonState&,UnityEngine.InputSystem.UI.ExtendedPointerEventData) (at ./Library/PackageCache/com.unity.inputsystem@7a4e1a2a8194/InputSystem/Runtime/Plugins/UI/InputSystemUIInputModule.cs:781)
UnityEngine.InputSystem.UI.InputSystemUIInputModule:ProcessPointer (UnityEngine.InputSystem.UI.PointerModel&) (at ./Library/PackageCache/com.unity.inputsystem@7a4e1a2a8194/InputSystem/Runtime/Plugins/UI/InputSystemUIInputModule.cs:487)
UnityEngine.InputSystem.UI.InputSystemUIInputModule:Process () (at ./Library/PackageCache/com.unity.inputsystem@7a4e1a2a8194/InputSystem/Runtime/Plugins/UI/InputSystemUIInputModule.cs:2405)
UnityEngine.EventSystems.EventSystem:Update () (at ./Library/PackageCache/com.unity.ugui@1c4864518158/Runtime/UGUI/EventSystem/EventSystem.cs:516)

(Filename: Assets/InventoryItem.cs Line: 80)

OnDrag
UnityEngine.Debug:ExtractStackTraceNoAlloc (byte*,int,string)
UnityEngine.StackTraceUtility:ExtractStackTrace ()
UnityEngine.DebugLogHandler:Internal_Log (UnityEngine.LogType,UnityEngine.LogOption,string,UnityEngine.Object)
UnityEngine.DebugLogHandler:LogFormat (UnityEngine.LogType,UnityEngine.Object,string,object[])
UnityEngine.Logger:Log (UnityEngine.LogType,object)
UnityEngine.Debug:Log (object)
InventoryItem:OnDrag (UnityEngine.EventSystems.PointerEventData) (at Assets/InventoryItem.cs:80)
UnityEngine.EventSystems.ExecuteEvents:Execute (UnityEngine.EventSystems.IDragHandler,UnityEngine.EventSystems.BaseEventData) (at ./Library/PackageCache/com.unity.ugui@1c4864518158/Runtime/UGUI/EventSystem/ExecuteEvents.cs:78)
UnityEngine.EventSystems.ExecuteEvents:Execute<UnityEngine.EventSystems.IDragHandler> (UnityEngine.GameObject,UnityEngine.EventSystems.BaseEventData,UnityEngine.EventSystems.ExecuteEvents/EventFunction`1<UnityEngine.EventSystems.IDragHandler>) (at ./Library/PackageCache/com.unity.ugui@1c4864518158/Runtime/UGUI/EventSystem/ExecuteEvents.cs:272)
UnityEngine.InputSystem.UI.InputSystemUIInputModule:ProcessPointerButtonDrag (UnityEngine.InputSystem.UI.PointerModel/ButtonState&,UnityEngine.InputSystem.UI.ExtendedPointerEventData) (at ./Library/PackageCache/com.unity.inputsystem@7a4e1a2a8194/InputSystem/Runtime/Plugins/UI/InputSystemUIInputModule.cs:781)
UnityEngine.InputSystem.UI.InputSystemUIInputModule:ProcessPointer (UnityEngine.InputSystem.UI.PointerModel&) (at ./Library/PackageCache/com.unity.inputsystem@7a4e1a2a8194/InputSystem/Runtime/Plugins/UI/InputSystemUIInputModule.cs:487)
UnityEngine.InputSystem.UI.InputSystemUIInputModule:Process () (at ./Library/PackageCache/com.unity.inputsystem@7a4e1a2a8194/InputSystem/Runtime/Plugins/UI/InputSystemUIInputModule.cs:2405)
UnityEngine.EventSystems.EventSystem:Update () (at ./Library/PackageCache/com.unity.ugui@1c4864518158/Runtime/UGUI/EventSystem/EventSystem.cs:516)

(Filename: Assets/InventoryItem.cs Line: 80)

OnDrop
UnityEngine.Debug:ExtractStackTraceNoAlloc (byte*,int,string)
UnityEngine.StackTraceUtility:ExtractStackTrace ()
UnityEngine.DebugLogHandler:Internal_Log (UnityEngine.LogType,UnityEngine.LogOption,string,UnityEngine.Object)
UnityEngine.DebugLogHandler:LogFormat (UnityEngine.LogType,UnityEngine.Object,string,object[])
UnityEngine.Logger:Log (UnityEngine.LogType,object)
UnityEngine.Debug:Log (object)
InventoryItem:OnDrop (UnityEngine.EventSystems.PointerEventData) (at Assets/InventoryItem.cs:85)
UnityEngine.EventSystems.ExecuteEvents:Execute (UnityEngine.EventSystems.IDropHandler,UnityEngine.EventSystems.BaseEventData) (at ./Library/PackageCache/com.unity.ugui@1c4864518158/Runtime/UGUI/EventSystem/ExecuteEvents.cs:92)
UnityEngine.EventSystems.ExecuteEvents:Execute<UnityEngine.EventSystems.IDropHandler> (UnityEngine.GameObject,UnityEngine.EventSystems.BaseEventData,UnityEngine.EventSystems.ExecuteEvents/EventFunction`1<UnityEngine.EventSystems.IDropHandler>) (at ./Library/PackageCache/com.unity.ugui@1c4864518158/Runtime/UGUI/EventSystem/ExecuteEvents.cs:272)
UnityEngine.EventSystems.ExecuteEvents:ExecuteHierarchy<UnityEngine.EventSystems.IDropHandler> (UnityEngine.GameObject,UnityEngine.EventSystems.BaseEventData,UnityEngine.EventSystems.ExecuteEvents/EventFunction`1<UnityEngine.EventSystems.IDropHandler>) (at ./Library/PackageCache/com.unity.ugui@1c4864518158/Runtime/UGUI/EventSystem/ExecuteEvents.cs:298)
UnityEngine.InputSystem.UI.InputSystemUIInputModule:ProcessPointerButton (UnityEngine.InputSystem.UI.PointerModel/ButtonState&,UnityEngine.EventSystems.PointerEventData) (at ./Library/PackageCache/com.unity.inputsystem@7a4e1a2a8194/InputSystem/Runtime/Plugins/UI/InputSystemUIInputModule.cs:730)
UnityEngine.InputSystem.UI.InputSystemUIInputModule:ProcessPointer (UnityEngine.InputSystem.UI.PointerModel&) (at ./Library/PackageCache/com.unity.inputsystem@7a4e1a2a8194/InputSystem/Runtime/Plugins/UI/InputSystemUIInputModule.cs:486)
UnityEngine.InputSystem.UI.InputSystemUIInputModule:Process () (at ./Library/PackageCache/com.unity.inputsystem@7a4e1a2a8194/InputSystem/Runtime/Plugins/UI/InputSystemUIInputModule.cs:2405)
UnityEngine.EventSystems.EventSystem:Update () (at ./Library/PackageCache/com.unity.ugui@1c4864518158/Runtime/UGUI/EventSystem/EventSystem.cs:516)

(Filename: Assets/InventoryItem.cs Line: 85)

Дроп успешно!
UnityEngine.Debug:ExtractStackTraceNoAlloc (byte*,int,string)
UnityEngine.StackTraceUtility:ExtractStackTrace ()
UnityEngine.DebugLogHandler:Internal_Log (UnityEngine.LogType,UnityEngine.LogOption,string,UnityEngine.Object)
UnityEngine.DebugLogHandler:LogFormat (UnityEngine.LogType,UnityEngine.Object,string,object[])
UnityEngine.Logger:Log (UnityEngine.LogType,object)
UnityEngine.Debug:Log (object)
DropManager:Drop (UnityEngine.Vector2) (at Assets/DropManager.cs:39)
InventoryItem:OnEndDrag (UnityEngine.EventSystems.PointerEventData) (at Assets/InventoryItem.cs:50)
UnityEngine.EventSystems.ExecuteEvents:Execute (UnityEngine.EventSystems.IEndDragHandler,UnityEngine.EventSystems.BaseEventData) (at ./Library/PackageCache/com.unity.ugui@1c4864518158/Runtime/UGUI/EventSystem/ExecuteEvents.cs:85)
UnityEngine.EventSystems.ExecuteEvents:Execute<UnityEngine.EventSystems.IEndDragHandler> (UnityEngine.GameObject,UnityEngine.EventSystems.BaseEventData,UnityEngine.EventSystems.ExecuteEvents/EventFunction`1<UnityEngine.EventSystems.IEndDragHandler>) (at ./Library/PackageCache/com.unity.ugui@1c4864518158/Runtime/UGUI/EventSystem/ExecuteEvents.cs:272)
UnityEngine.InputSystem.UI.InputSystemUIInputModule:ProcessPointerButton (UnityEngine.InputSystem.UI.PointerModel/ButtonState&,UnityEngine.EventSystems.PointerEventData) (at ./Library/PackageCache/com.unity.inputsystem@7a4e1a2a8194/InputSystem/Runtime/Plugins/UI/InputSystemUIInputModule.cs:737)
UnityEngine.InputSystem.UI.InputSystemUIInputModule:ProcessPointer (UnityEngine.InputSystem.UI.PointerModel&) (at ./Library/PackageCache/com.unity.inputsystem@7a4e1a2a8194/InputSystem/Runtime/Plugins/UI/InputSystemUIInputModule.cs:486)
UnityEngine.InputSystem.UI.InputSystemUIInputModule:Process () (at ./Library/PackageCache/com.unity.inputsystem@7a4e1a2a8194/InputSystem/Runtime/Plugins/UI/InputSystemUIInputModule.cs:2405)
UnityEngine.EventSystems.EventSystem:Update () (at ./Library/PackageCache/com.unity.ugui@1c4864518158/Runtime/UGUI/EventSystem/EventSystem.cs:516)

(Filename: Assets/DropManager.cs Line: 39)

Wax: drop action initiated
UnityEngine.Debug:ExtractStackTraceNoAlloc (byte*,int,string)
UnityEngine.StackTraceUtility:ExtractStackTrace ()
UnityEngine.DebugLogHandler:Internal_Log (UnityEngine.LogType,UnityEngine.LogOption,string,UnityEngine.Object)
UnityEngine.DebugLogHandler:LogFormat (UnityEngine.LogType,UnityEngine.Object,string,object[])
UnityEngine.Logger:Log (UnityEngine.LogType,object)
UnityEngine.Debug:Log (object)
Wax:Activate () (at Assets/Wax.cs:7)
DropManager:Drop (UnityEngine.Vector2) (at Assets/DropManager.cs:41)
InventoryItem:OnEndDrag (UnityEngine.EventSystems.PointerEventData) (at Assets/InventoryItem.cs:50)
UnityEngine.EventSystems.ExecuteEvents:Execute (UnityEngine.EventSystems.IEndDragHandler,UnityEngine.EventSystems.BaseEventData) (at ./Library/PackageCache/com.unity.ugui@1c4864518158/Runtime/UGUI/EventSystem/ExecuteEvents.cs:85)
UnityEngine.EventSystems.ExecuteEvents:Execute<UnityEngine.EventSystems.IEndDragHandler> (UnityEngine.GameObject,UnityEngine.EventSystems.BaseEventData,UnityEngine.EventSystems.ExecuteEvents/EventFunction`1<UnityEngine.EventSystems.IEndDragHandler>) (at ./Library/PackageCache/com.unity.ugui@1c4864518158/Runtime/UGUI/EventSystem/ExecuteEvents.cs:272)
UnityEngine.InputSystem.UI.InputSystemUIInputModule:ProcessPointerButton (UnityEngine.InputSystem.UI.PointerModel/ButtonState&,UnityEngine.EventSystems.PointerEventData) (at ./Library/PackageCache/com.unity.inputsystem@7a4e1a2a8194/InputSystem/Runtime/Plugins/UI/InputSystemUIInputModule.cs:737)
UnityEngine.InputSystem.UI.InputSystemUIInputModule:ProcessPointer (UnityEngine.InputSystem.UI.PointerModel&) (at ./Library/PackageCache/com.unity.inputsystem@7a4e1a2a8194/InputSystem/Runtime/Plugins/UI/InputSystemUIInputModule.cs:486)
UnityEngine.InputSystem.UI.InputSystemUIInputModule:Process () (at ./Library/PackageCache/com.unity.inputsystem@7a4e1a2a8194/InputSystem/Runtime/Plugins/UI/InputSystemUIInputModule.cs:2405)
UnityEngine.EventSystems.EventSystem:Update () (at ./Library/PackageCache/com.unity.ugui@1c4864518158/Runtime/UGUI/EventSystem/EventSystem.cs:516)

(Filename: Assets/Wax.cs Line: 7)

NullReferenceException: Object reference not set to an instance of an object
  at DropManager.Drop (UnityEngine.Vector2 screenPos) [0x00052] in C:\Users\sdziu\my_documents\0_repositories\whoops\Assets\DropManager.cs:41 
  at InventoryItem.OnEndDrag (UnityEngine.EventSystems.PointerEventData eventData) [0x00027] in C:\Users\sdziu\my_documents\0_repositories\whoops\Assets\InventoryItem.cs:50 
  at UnityEngine.EventSystems.ExecuteEvents.Execute (UnityEngine.EventSystems.IEndDragHandler handler, UnityEngine.EventSystems.BaseEventData eventData) [0x00001] in .\Library\PackageCache\com.unity.ugui@1c4864518158\Runtime\UGUI\EventSystem\ExecuteEvents.cs:85 
  at UnityEngine.EventSystems.ExecuteEvents.Execute[T] (UnityEngine.GameObject target, UnityEngine.EventSystems.BaseEventData eventData, UnityEngine.EventSystems.ExecuteEvents+EventFunction`1[T1] functor) [0x0006f] in .\Library\PackageCache\com.unity.ugui@1c4864518158\Runtime\UGUI\EventSystem\ExecuteEvents.cs:272 
UnityEngine.DebugLogHandler:Internal_LogException_Injected(Exception, IntPtr)
UnityEngine.DebugLogHandler:Internal_LogException(Exception, Object)
UnityEngine.DebugLogHandler:LogException(Exception, Object)
UnityEngine.Logger:LogException(Exception, Object)
UnityEngine.Debug:LogException(Exception)
UnityEngine.EventSystems.ExecuteEvents:Execute(GameObject, BaseEventData, EventFunction`1) (at .\Library\PackageCache\com.unity.ugui@1c4864518158\Runtime\UGUI\EventSystem\ExecuteEvents.cs:276)
UnityEngine.InputSystem.UI.InputSystemUIInputModule:ProcessPointerButton(ButtonState&, PointerEventData) (at .\Library\PackageCache\com.unity.inputsystem@7a4e1a2a8194\InputSystem\Runtime\Plugins\UI\InputSystemUIInputModule.cs:737)
UnityEngine.InputSystem.UI.InputSystemUIInputModule:ProcessPointer(PointerModel&) (at .\Library\PackageCache\com.unity.inputsystem@7a4e1a2a8194\InputSystem\Runtime\Plugins\UI\InputSystemUIInputModule.cs:486)
UnityEngine.InputSystem.UI.InputSystemUIInputModule:Process() (at .\Library\PackageCache\com.unity.inputsystem@7a4e1a2a8194\InputSystem\Runtime\Plugins\UI\InputSystemUIInputModule.cs:2405)
UnityEngine.EventSystems.EventSystem:Update() (at .\Library\PackageCache\com.unity.ugui@1c4864518158\Runtime\UGUI\EventSystem\EventSystem.cs:516)

(Filename: Assets/DropManager.cs Line: 41)

Asset Pipeline Refresh (id=8beaef6e1a7bf9745a4ffe2c60cf69dc): Total: 0.027 seconds - Initiated by RefreshV2(NoUpdateAssetOptions)
[ScriptCompilation] Requested script compilation because: AssetDatabase observed changes in script compilation related files
Refreshing native plugins compatible for Editor in 7.60 ms, found 5 plugins.

Asset Pipeline Refresh (id=d5f49f6bf23e6c04ab5911b2e1697da0): Total: 0.368 seconds - Initiated by RefreshV2(NoUpdateAssetOptions)
	(Values over 0.05ms)
	Summary:
		Imports: total=0 (actual=0, local cache=0, cache server=0)
		Asset DB Process Time: managed=0 ms, native=245 ms
		Asset DB Callback time: managed=103 ms, native=17 ms
		Scripting: domain reloads=0, domain reload time=0 ms, compile time=1 ms, other=0 ms
		Project Asset Count: scripts=1714, non-scripts=3385
		Asset File Changes: new=0, changed=1, moved=0, deleted=0
		Scan Filter Count: 0
	ApplyChangesToAssetFolders: 0.245ms
	Scan: 53.215ms
	Collect global state as custom dependencies: 0.592ms
	OnSourceAssetsModified: 1.434ms
	ProcessAssetsWithTransientArtifactChanges: 0.460ms
	CategorizeAssets: 41.324ms
	CompileScripts: 1.269ms
	ImportOutOfDateAssets: 132.072ms (12.257ms without children)
		ReloadNativeAssets: 0.071ms
		UnloadImportedAssets: 0.280ms
		EnsureUptoDateAssetsAreRegisteredWithGuidPM: 0.717ms
		ImportSchedulerStart: 118.740ms
	PostProcessAllAssets: 109.695ms
		XRBuildSystem.XRAssetImported 4.576ms
		PostProcessCallbackCreateDeferredMaterials 0.869ms
		ShaderAssetModifiedCallback 0.062ms
		MonoPostProcessAllAssets: 102.310ms
			AssetChangedListener.OnPostprocessAllAssets 17.626ms
			BuilderAssetPostprocessor.OnPostprocessAllAssets 16.026ms
			AssetPostprocessor.OnPostprocessAllAssets 15.983ms
			SpriteSlicePostprocessor.OnPostprocessAllAssets 9.243ms
			ShaderGraphAssetPostProcessor.OnPostprocessAllAssets 6.369ms
			RetainedModeAssetPostprocessor.OnPostprocessAllAssets 4.035ms
			ArtifactBrowserPostProcessor.OnPostprocessAllAssets 2.281ms
			SpriteEditorTexturePostprocessor.OnPostprocessAllAssets 2.110ms
			SyncVS.PostprocessSyncProject 2.004ms
			TMPro_TexturePostProcessor.OnPostprocessAllAssets 1.996ms
			PostProcessor.OnPostprocessAllAssets 1.707ms
			SampleDependencyImporterPostProcessor.OnPostprocessAllAssets 1.596ms
			MaterialPostprocessor.OnPostprocessAllAssets 1.596ms
			UVCSAssetPostprocessor.OnPostprocessAllAssets 1.505ms
			AudioMixerPostprocessor.OnPostprocessAllAssets 1.352ms
			StyleCatalogPostProcessor.OnPostprocessAllAssets 1.309ms
			SpriteLibraryAssetPostprocessor.OnPostprocessAllAssets 0.871ms
			InputActionJsonNameModifierAssetProcessor.OnPostprocessAllAssets 0.833ms
			TextAssetPostProcessor.OnPostprocessAllAssets 0.797ms
			SpriteShapeAssetPostProcessor.OnPostprocessAllAssets 0.785ms
			ConfigAssetsTracker.OnPostprocessAllAssets 0.783ms
			AssetEvents.OnPostprocessAllAssets 0.762ms
			ScenarioDriftAssetsTracker.OnPostprocessAllAssets 0.640ms
			RenderPipelineGlobalSettingsPostprocessor.OnPostprocessAllAssets 0.560ms
			SpeedTreePostProcessor.OnPostprocessAllAssets 0.541ms
			AssetReloadNotifier.OnPostprocessAllAssets 0.527ms
			SamplePostprocessor.OnPostprocessAllAssets 0.391ms
			PSDImportPostProcessor.OnPostprocessAllAssets 0.375ms
			AudioContainerPostProcessor.OnPostprocessAllAssets 0.324ms
			InputActionAssetPostprocessor.OnPostprocessAllAssets 0.303ms
			PSDImporterAssetPostProcessor.OnPostprocessAllAssets 0.301ms
			AssetProcessor.OnPostprocessAllAssets 0.161ms
			UniversalRenderPipelineGlobalSettingsPostprocessor.OnPostprocessAllAssets 0.136ms
			EditModeScopePostprocessor.OnPostprocessAllAssets 0.066ms
			SpeedTree9Postprocessor.OnPostprocessAllAssets 0.053ms
	PostAssetChangesProfiler: 9.690ms
	GatherAllCurrentPrimaryImportResultRevisions: 0.410ms
	PersistCurrentRevisions: 0.638ms
	Untracked: 16.698ms

[Licensing::Client] Successfully resolved entitlement details
info: Microsoft.AspNetCore.Hosting.Diagnostics[1]
      Request starting HTTP/2 POST http://ilpp/UnityILPP.PostProcessing/Ping - application/grpc -
info: Microsoft.AspNetCore.Routing.EndpointMiddleware[0]
      Executing endpoint 'gRPC - /UnityILPP.PostProcessing/Ping'
info: Microsoft.AspNetCore.Routing.EndpointMiddleware[1]
      Executed endpoint 'gRPC - /UnityILPP.PostProcessing/Ping'
info: Microsoft.AspNetCore.Hosting.Diagnostics[2]
      Request finished HTTP/2 POST http://ilpp/UnityILPP.PostProcessing/Ping - 200 - application/grpc 0.7844ms
Starting: C:\Program Files\Unity\Hub\Editor\6000.5.8f1\Editor\Data\Tools\BuildPipeline\bee_backend.exe --ipc --defer-dag-verification --dagfile="Library/Bee/1900b0aEDbg.dag" --continue-on-failure --profile="Library/Bee/backend1.traceevents" ScriptAssemblies
WorkingDir: C:/Users/sdziu/my_documents/0_repositories/whoops
info: Microsoft.AspNetCore.Hosting.Diagnostics[1]
      Request starting HTTP/2 POST http://ilpp/UnityILPP.PostProcessing/ConfigurePostProcessors - application/grpc -
info: Microsoft.AspNetCore.Routing.EndpointMiddleware[0]
      Executing endpoint 'gRPC - /UnityILPP.PostProcessing/ConfigurePostProcessors'
info: Unity.ILPP.Runner.PostProcessingAssemblyLoadContext[0]
      Current configuration matches the requested one, skipping
info: Microsoft.AspNetCore.Routing.EndpointMiddleware[1]
      Executed endpoint 'gRPC - /UnityILPP.PostProcessing/ConfigurePostProcessors'
info: Microsoft.AspNetCore.Hosting.Diagnostics[2]
      Request finished HTTP/2 POST http://ilpp/UnityILPP.PostProcessing/ConfigurePostProcessors - 200 - application/grpc 6.0867ms
Asset Pipeline Refresh (id=c76e1796ef2e9124b88aa7baa987bc32): Total: 0.009 seconds - Initiated by RefreshV2(NoUpdateAssetOptions)
info: Microsoft.AspNetCore.Hosting.Diagnostics[1]
      Request starting HTTP/2 POST http://ilpp/UnityILPP.PostProcessing/PostProcessAssembly - application/grpc -
info: Microsoft.AspNetCore.Routing.EndpointMiddleware[0]
      Executing endpoint 'gRPC - /UnityILPP.PostProcessing/PostProcessAssembly'
info: Unity.ILPP.Runner.PostProcessingPipeline[0]
      Processing assembly Library/Bee/artifacts/1900b0aEDbg.dag/Assembly-CSharp-Editor.dll, with 141 defines and 380 references
info: Unity.ILPP.Runner.PostProcessingPipeline[0]
      processors: Unity.Jobs.CodeGen.JobsILPostProcessor, zzzUnity.Burst.CodeGen.BurstILPostProcessor
info: Unity.ILPP.Runner.PostProcessingPipeline[0]
      running Unity.Jobs.CodeGen.JobsILPostProcessor
info: Microsoft.AspNetCore.Hosting.Diagnostics[1]
      Request starting HTTP/2 POST http://ilpp/UnityILPP.PostProcessing/PostProcessAssembly - application/grpc -
info: Microsoft.AspNetCore.Routing.EndpointMiddleware[0]
      Executing endpoint 'gRPC - /UnityILPP.PostProcessing/PostProcessAssembly'
info: Unity.ILPP.Runner.PostProcessingPipeline[0]
      Processing assembly Library/Bee/artifacts/1900b0aEDbg.dag/Assembly-CSharp.dll, with 143 defines and 358 references
info: Unity.ILPP.Runner.PostProcessingPipeline[0]
      processors: Unity.Jobs.CodeGen.JobsILPostProcessor, zzzUnity.Burst.CodeGen.BurstILPostProcessor
info: Unity.ILPP.Runner.PostProcessingPipeline[0]
      running Unity.Jobs.CodeGen.JobsILPostProcessor
info: Unity.ILPP.Runner.PostProcessingPipeline[0]
      running zzzUnity.Burst.CodeGen.BurstILPostProcessor
info: Microsoft.AspNetCore.Routing.EndpointMiddleware[1]
      Executed endpoint 'gRPC - /UnityILPP.PostProcessing/PostProcessAssembly'
info: Microsoft.AspNetCore.Hosting.Diagnostics[2]
      Request finished HTTP/2 POST http://ilpp/UnityILPP.PostProcessing/PostProcessAssembly - 200 - application/grpc 66.1974ms
info: Unity.ILPP.Runner.PostProcessingPipeline[0]
      running zzzUnity.Burst.CodeGen.BurstILPostProcessor
info: Microsoft.AspNetCore.Routing.EndpointMiddleware[1]
      Executed endpoint 'gRPC - /UnityILPP.PostProcessing/PostProcessAssembly'
info: Microsoft.AspNetCore.Hosting.Diagnostics[2]
      Request finished HTTP/2 POST http://ilpp/UnityILPP.PostProcessing/PostProcessAssembly - 200 - application/grpc 111.0957ms
ExitCode: 0 Duration: 3s240ms
[ 893/1154  0s] ILPP-Configuration Library/ilpp-configuration.nevergeneratedoutput
[1146/1154  1s] Csc Library/Bee/artifacts/1900b0aEDbg.dag/Assembly-CSharp.dll (+2 others)
Assets\PickupItem.cs(13,21): warning CS0618: 'Object.FindFirstObjectByType<T>()' is obsolete: 'FindFirstObjectByType has been deprecated because it relies on instance ID ordering. Use FindAnyObjectByType instead, which does not depend on ordering.'

Assets\Portal.cs(34,60): warning CS0618: 'FindObjectsSortMode' is obsolete: 'FindObjectsSortMode has been deprecated. Use the FindObjectsByType overloads that do not take a FindObjectsSortMode parameter.'

Assets\Portal.cs(34,32): warning CS0618: 'Object.FindObjectsByType<T>(FindObjectsSortMode)' is obsolete: 'FindObjectsByType with FindObjectsSortMode parameter has been deprecated. Use FindObjectsByType<T>() or FindObjectsByType<T>(FindObjectsInactive) instead. InstanceID will be replaced in the future with EntityId and previous sort order cannot be maintained.'

Assets\SaveSystem.cs(59,70): warning CS0618: 'FindObjectsSortMode' is obsolete: 'FindObjectsSortMode has been deprecated. Use the FindObjectsByType overloads that do not take a FindObjectsSortMode parameter.'

Assets\SaveSystem.cs(59,33): warning CS0618: 'Object.FindObjectsByType<T>(FindObjectsSortMode)' is obsolete: 'FindObjectsByType with FindObjectsSortMode parameter has been deprecated. Use FindObjectsByType<T>() or FindObjectsByType<T>(FindObjectsInactive) instead. InstanceID will be replaced in the future with EntityId and previous sort order cannot be maintained.'

Assets\SaveSystem.cs(16,36): warning UAC1009: Field 'levelDictinonary' uses an unsupported type 'System.Collections.Generic.Dictionary<int, string>'. Refer to the Serialization rules analyzer reference. (https://docs.unity3d.com/6000.5/Documentation/Manual/script-serialization-analyzer.html#uac1009)

Assets\YandexGame\ScriptsYG\Leaderboards\LBPlayerDataYG.cs(45,21): warning UAC1001: Field 'data' type 'YG.LBPlayerDataYG.Data' is skipped by serialization (missing the [Serializable] attribute). Refer to the Serialization rules analyzer reference. (https://docs.unity3d.com/6000.5/Documentation/Manual/script-serialization-analyzer.html#uac1001)
[1148/1154  0s] ILPostProcess Library/Bee/artifacts/1900b0aEDbg.dag/post-processed/Assembly-CSharp-Editor.dll (+pdb)
Processing assembly Library/Bee/artifacts/1900b0aEDbg.dag/Assembly-CSharp-Editor.dll, with 141 defines and 380 references

processors: Unity.Jobs.CodeGen.JobsILPostProcessor, zzzUnity.Burst.CodeGen.BurstILPostProcessor

running Unity.Jobs.CodeGen.JobsILPostProcessor

running zzzUnity.Burst.CodeGen.BurstILPostProcessor
[1149/1154  0s] ILPostProcess Library/Bee/artifacts/1900b0aEDbg.dag/post-processed/Assembly-CSharp.dll (+pdb)
Processing assembly Library/Bee/artifacts/1900b0aEDbg.dag/Assembly-CSharp.dll, with 143 defines and 358 references

processors: Unity.Jobs.CodeGen.JobsILPostProcessor, zzzUnity.Burst.CodeGen.BurstILPostProcessor

running Unity.Jobs.CodeGen.JobsILPostProcessor

running zzzUnity.Burst.CodeGen.BurstILPostProcessor
[1151/1154  0s] CopyFiles Library/ScriptAssemblies/Assembly-CSharp.pdb
[1152/1154  0s] CopyFiles Library/ScriptAssemblies/Assembly-CSharp.dll
*** Tundra build success (3.07 seconds), 6 items updated, 1154 evaluated
Assets\PickupItem.cs(13,21): warning CS0618: 'Object.FindFirstObjectByType<T>()' is obsolete: 'FindFirstObjectByType has been deprecated because it relies on instance ID ordering. Use FindAnyObjectByType instead, which does not depend on ordering.'
Assets\Portal.cs(34,60): warning CS0618: 'FindObjectsSortMode' is obsolete: 'FindObjectsSortMode has been deprecated. Use the FindObjectsByType overloads that do not take a FindObjectsSortMode parameter.'
Assets\Portal.cs(34,32): warning CS0618: 'Object.FindObjectsByType<T>(FindObjectsSortMode)' is obsolete: 'FindObjectsByType with FindObjectsSortMode parameter has been deprecated. Use FindObjectsByType<T>() or FindObjectsByType<T>(FindObjectsInactive) instead. InstanceID will be replaced in the future with EntityId and previous sort order cannot be maintained.'
Assets\SaveSystem.cs(59,70): warning CS0618: 'FindObjectsSortMode' is obsolete: 'FindObjectsSortMode has been deprecated. Use the FindObjectsByType overloads that do not take a FindObjectsSortMode parameter.'
Assets\SaveSystem.cs(59,33): warning CS0618: 'Object.FindObjectsByType<T>(FindObjectsSortMode)' is obsolete: 'FindObjectsByType with FindObjectsSortMode parameter has been deprecated. Use FindObjectsByType<T>() or FindObjectsByType<T>(FindObjectsInactive) instead. InstanceID will be replaced in the future with EntityId and previous sort order cannot be maintained.'
Assets\SaveSystem.cs(16,36): warning UAC1009: Field 'levelDictinonary' uses an unsupported type 'System.Collections.Generic.Dictionary<int, string>'. Refer to the Serialization rules analyzer reference. (https://docs.unity3d.com/6000.5/Documentation/Manual/script-serialization-analyzer.html#uac1009)
Assets\YandexGame\ScriptsYG\Leaderboards\LBPlayerDataYG.cs(45,21): warning UAC1001: Field 'data' type 'YG.LBPlayerDataYG.Data' is skipped by serialization (missing the [Serializable] attribute). Refer to the Serialization rules analyzer reference. (https://docs.unity3d.com/6000.5/Documentation/Manual/script-serialization-analyzer.html#uac1001)
Reloading assemblies after finishing script compilation.
Reloading assemblies after forced synchronous recompile.
Begin MonoManager ReloadAssembly
Symbol file LoadedFromMemory is not a mono symbol file
Refreshing native plugins compatible for Editor in 9.72 ms, found 5 plugins.
Native extension for WindowsStandalone target not found
[MODES] ModeService[none].Initialize
[MODES] ModeService[none].LoadModes
ScheduleIndexationOnStartup MainProcess:True IndexOnStartup:True
Mono: successfully reloaded assembly
- Finished resetting the current domain, in  4.682 seconds
Domain Reload Profiling: 10025ms
	BeginReloadAssembly (3656ms)
		DisableScriptedObjects (255ms)
		CreateAndSetChildDomain (1941ms)
	RebuildCommonClasses (19ms)
	RebuildNativeTypeToScriptingClass (26ms)
	initialDomainReloadingComplete (155ms)
	LoadAllAssembliesAndSetupDomain (1486ms)
		LoadAssemblies (869ms)
		AnalyzeDomain (546ms)
			TypeCache.Refresh (23ms)
				TypeCache.ScanAssembly (3ms)
			BuildScriptInfoCaches (446ms)
			ResolveRequiredComponents (72ms)
	FinalizeReload (4684ms)
		SetupLoadedEditorAssemblies (0ms)
			InitializePlatformSupportModulesInManaged (3ms)
			BeforeProcessingInitializeOnLoad (385ms)
			ProcessInitializeOnLoadAttributes (906ms)
			ProcessInitializeOnLoadMethodAttributes (362ms)
			AfterProcessingInitializeOnLoad (9ms)
		AwakeInstancesAfterBackupRestoration (1203ms)

Asset Pipeline Refresh (id=ce69c13f9615b9a41a214bf3ba84315c): Total: 10.889 seconds - Initiated by StopAssetImportingV2(ForceSynchronousImport | ForceDomainReload)
	(Values over 0.05ms)
	Summary:
		Imports: total=0 (actual=0, local cache=0, cache server=0)
		Asset DB Process Time: managed=0 ms, native=5021 ms
		Asset DB Callback time: managed=56 ms, native=0 ms
		Scripting: domain reloads=1, domain reload time=5471 ms, compile time=338 ms, other=0 ms
		Project Asset Count: scripts=1714, non-scripts=3385
		Asset File Changes: new=0, changed=0, moved=0, deleted=0
		Scan Filter Count: 0
	InvokePackagesCallback: 3.184ms
	ApplyChangesToAssetFolders: 0.648ms
	Collect global state as custom dependencies: 7.998ms
	ProcessAssetsWithTransientArtifactChanges: 12.938ms
	CategorizeAssets: 122.887ms
	CompileScripts: 338.356ms
	ImportOutOfDateAssets: 4780.955ms (4713.354ms without children)
		CollectScriptTypesHashes: 1.337ms
		ReloadNativeAssets: 2.179ms
		UnloadImportedAssets: 0.442ms
		EnsureUptoDateAssetsAreRegisteredWithGuidPM: 1.366ms
		ImportSchedulerStart: 63.572ms
	PostProcessAllAssets: 56.411ms
		MonoPostProcessAllAssets: 56.403ms
			UniversalRenderPipelineGlobalSettingsPostprocessor.OnPostprocessAllAssets 21.175ms
			AssetChangedListener.OnPostprocessAllAssets 17.626ms
			BuilderAssetPostprocessor.OnPostprocessAllAssets 16.026ms
			AssetPostprocessor.OnPostprocessAllAssets 15.983ms
			SpriteSlicePostprocessor.OnPostprocessAllAssets 9.243ms
			ShaderGraphAssetPostProcessor.OnPostprocessAllAssets 6.369ms
			SyncVS.PostprocessSyncProject 6.311ms
			RetainedModeAssetPostprocessor.OnPostprocessAllAssets 4.035ms
			WindowAssetPostprocessingWatcher.OnPostprocessAllAssets 3.777ms
			SpeedTree9Postprocessor.OnPostprocessAllAssets 3.738ms
			ArtifactBrowserPostProcessor.OnPostprocessAllAssets 2.281ms
			SpriteEditorTexturePostprocessor.OnPostprocessAllAssets 2.110ms
			TMPro_TexturePostProcessor.OnPostprocessAllAssets 1.996ms
			PostProcessor.OnPostprocessAllAssets 1.707ms
			SampleDependencyImporterPostProcessor.OnPostprocessAllAssets 1.596ms
			MaterialPostprocessor.OnPostprocessAllAssets 1.596ms
			UVCSAssetPostprocessor.OnPostprocessAllAssets 1.505ms
			AudioMixerPostprocessor.OnPostprocessAllAssets 1.352ms
			StyleCatalogPostProcessor.OnPostprocessAllAssets 1.309ms
			RenderPipelineGlobalSettingsPostprocessor.OnPostprocessAllAssets 0.995ms
			SpriteLibraryAssetPostprocessor.OnPostprocessAllAssets 0.871ms
			InputActionJsonNameModifierAssetProcessor.OnPostprocessAllAssets 0.833ms
			TextAssetPostProcessor.OnPostprocessAllAssets 0.797ms
			InputActionAssetPostprocessor.OnPostprocessAllAssets 0.791ms
			SpriteShapeAssetPostProcessor.OnPostprocessAllAssets 0.785ms
			ConfigAssetsTracker.OnPostprocessAllAssets 0.783ms
			AssetEvents.OnPostprocessAllAssets 0.762ms
			ScenarioDriftAssetsTracker.OnPostprocessAllAssets 0.640ms
			SpeedTreePostProcessor.OnPostprocessAllAssets 0.541ms
			AssetReloadNotifier.OnPostprocessAllAssets 0.527ms
			EditModeScopePostprocessor.OnPostprocessAllAssets 0.508ms
			ShaderReflectionAssetPostProcessor.OnPostprocessAllAssets 0.500ms
			TerrainToolbarOverlayPostProcessor.OnPostprocessAllAssets 0.440ms
			SamplePostprocessor.OnPostprocessAllAssets 0.391ms
			PSDImportPostProcessor.OnPostprocessAllAssets 0.375ms
			AudioContainerPostProcessor.OnPostprocessAllAssets 0.324ms
			ProjectSettingsPostprocessor.OnPostprocessAllAssets 0.303ms
			PSDImporterAssetPostProcessor.OnPostprocessAllAssets 0.301ms
			AssetDatabaseCallbacks.OnPostprocessAllAssets 0.284ms
			ReferencedClipsPostProcessor.OnPostprocessAllAssets 0.232ms
			AssetProcessor.OnPostprocessAllAssets 0.161ms
	GatherAllCurrentPrimaryImportResultRevisions: 0.281ms
	PersistCurrentRevisions: 0.302ms
	GenerateScriptTypeHashes: 9.032ms
	GenerateScriptTypeSerializationHashes: 15.192ms
	Untracked: 5554.931ms

[Licensing::Client] Successfully resolved entitlement details
[Licensing::Client] Successfully resolved entitlement details
Unloading 0 Unused Serialized files (Serialized files now loaded: 0)
Loaded scene 'Temp/__Backupscenes/0.backup'
	Deserialize:            49.758 ms
	Integration:            429.309 ms
	Integration of assets:  0.041 ms
	Thread Wait Time:       0.198 ms
	Total Operation Time:   479.305 ms
Unloading 29 unused Assets / (69.2 KB). Loaded Objects now: 10502.
Memory consumption went from 0.73 GB to 0.73 GB.
Total: 33.090800 ms (FindLiveObjects: 0.878200 ms CreateObjectMapping: 2.150200 ms MarkObjects: 29.916400 ms  DeleteObjects: 0.143400 ms)

[Licensing::Client] Successfully resolved entitlement details
Asset Pipeline Refresh (id=77884a893d7c0bb46a3b511fa9554063): Total: 0.052 seconds - Initiated by RefreshV2(AllowForceSynchronousImport)
SpriteAtlasPacking completed in 0.059006 sec
Reloading assemblies for play mode.
Reloading assemblies after forced synchronous recompile.
Begin MonoManager ReloadAssembly
Symbol file LoadedFromMemory is not a mono symbol file
Refreshing native plugins compatible for Editor in 5.59 ms, found 5 plugins.
Native extension for WindowsStandalone target not found
ScheduleIndexationOnStartup MainProcess:True IndexOnStartup:True
[MODES] ModeService[none].Initialize
[MODES] ModeService[none].LoadModes
Mono: successfully reloaded assembly
- Finished resetting the current domain, in  3.974 seconds
Domain Reload Profiling: 7893ms
	BeginReloadAssembly (2823ms)
		DisableScriptedObjects (229ms)
		CreateAndSetChildDomain (1568ms)
	RebuildCommonClasses (18ms)
	RebuildNativeTypeToScriptingClass (28ms)
	initialDomainReloadingComplete (119ms)
	LoadAllAssembliesAndSetupDomain (929ms)
		LoadAssemblies (900ms)
		AnalyzeDomain (66ms)
			TypeCache.Refresh (15ms)
			ResolveRequiredComponents (43ms)
	FinalizeReload (3976ms)
		SetupLoadedEditorAssemblies (0ms)
			InitializePlatformSupportModulesInManaged (5ms)
			BeforeProcessingInitializeOnLoad (204ms)
			ProcessInitializeOnLoadAttributes (853ms)
			ProcessInitializeOnLoadMethodAttributes (333ms)
			AfterProcessingInitializeOnLoad (10ms)
		AwakeInstancesAfterBackupRestoration (1269ms)

Asset Pipeline Refresh (id=0bbf5a41d24e7f64cb81001bb7d7c9ed): Total: 8.369 seconds - Initiated by StopAssetImportingV2(ForceSynchronousImport | ForceDomainReload)
	(Values over 0.05ms)
	Summary:
		Imports: total=0 (actual=0, local cache=0, cache server=0)
		Asset DB Process Time: managed=0 ms, native=4246 ms
		Asset DB Callback time: managed=67 ms, native=1 ms
		Scripting: domain reloads=1, domain reload time=4044 ms, compile time=9 ms, other=0 ms
		Project Asset Count: scripts=1714, non-scripts=3385
		Asset File Changes: new=0, changed=0, moved=0, deleted=0
		Scan Filter Count: 0
	InvokePackagesCallback: 3.754ms
	ApplyChangesToAssetFolders: 0.742ms
	Collect global state as custom dependencies: 8.412ms
	ProcessAssetsWithTransientArtifactChanges: 0.241ms
	CategorizeAssets: 91.322ms
	CompileScripts: 9.488ms
	ImportOutOfDateAssets: 4067.994ms (4006.584ms without children)
		CollectScriptTypesHashes: 2.425ms
		ReloadNativeAssets: 2.312ms
		UnloadImportedAssets: 0.563ms
		EnsureUptoDateAssetsAreRegisteredWithGuidPM: 1.136ms
		ImportSchedulerStart: 57.334ms
	PostProcessAllAssets: 67.743ms
		MonoPostProcessAllAssets: 67.737ms
			UniversalRenderPipelineGlobalSettingsPostprocessor.OnPostprocessAllAssets 24.918ms
			AssetChangedListener.OnPostprocessAllAssets 17.626ms
			BuilderAssetPostprocessor.OnPostprocessAllAssets 16.026ms
			AssetPostprocessor.OnPostprocessAllAssets 15.983ms
			SpriteSlicePostprocessor.OnPostprocessAllAssets 9.243ms
			ShaderGraphAssetPostProcessor.OnPostprocessAllAssets 6.369ms
			SyncVS.PostprocessSyncProject 5.513ms
			SpeedTree9Postprocessor.OnPostprocessAllAssets 5.126ms
			RetainedModeAssetPostprocessor.OnPostprocessAllAssets 4.035ms
			WindowAssetPostprocessingWatcher.OnPostprocessAllAssets 3.538ms
			ArtifactBrowserPostProcessor.OnPostprocessAllAssets 2.281ms
			SpriteEditorTexturePostprocessor.OnPostprocessAllAssets 2.110ms
			TMPro_TexturePostProcessor.OnPostprocessAllAssets 1.996ms
			PostProcessor.OnPostprocessAllAssets 1.707ms
			SampleDependencyImporterPostProcessor.OnPostprocessAllAssets 1.596ms
			MaterialPostprocessor.OnPostprocessAllAssets 1.596ms
			UVCSAssetPostprocessor.OnPostprocessAllAssets 1.505ms
			AudioMixerPostprocessor.OnPostprocessAllAssets 1.352ms
			StyleCatalogPostProcessor.OnPostprocessAllAssets 1.309ms
			RenderPipelineGlobalSettingsPostprocessor.OnPostprocessAllAssets 1.003ms
			ShaderReflectionAssetPostProcessor.OnPostprocessAllAssets 0.984ms
			SpriteLibraryAssetPostprocessor.OnPostprocessAllAssets 0.871ms
			InputActionJsonNameModifierAssetProcessor.OnPostprocessAllAssets 0.833ms
			TextAssetPostProcessor.OnPostprocessAllAssets 0.797ms
			SpriteShapeAssetPostProcessor.OnPostprocessAllAssets 0.785ms
			ConfigAssetsTracker.OnPostprocessAllAssets 0.783ms
			ProjectSettingsPostprocessor.OnPostprocessAllAssets 0.763ms
			AssetEvents.OnPostprocessAllAssets 0.762ms
			ScenarioDriftAssetsTracker.OnPostprocessAllAssets 0.640ms
			SpeedTreePostProcessor.OnPostprocessAllAssets 0.541ms
			AssetReloadNotifier.OnPostprocessAllAssets 0.527ms
			InputActionAssetPostprocessor.OnPostprocessAllAssets 0.518ms
			EditModeScopePostprocessor.OnPostprocessAllAssets 0.505ms
			TerrainToolbarOverlayPostProcessor.OnPostprocessAllAssets 0.396ms
			SamplePostprocessor.OnPostprocessAllAssets 0.391ms
			PSDImportPostProcessor.OnPostprocessAllAssets 0.375ms
			AudioContainerPostProcessor.OnPostprocessAllAssets 0.324ms
			PSDImporterAssetPostProcessor.OnPostprocessAllAssets 0.301ms
			AssetDatabaseCallbacks.OnPostprocessAllAssets 0.277ms
			ReferencedClipsPostProcessor.OnPostprocessAllAssets 0.237ms
			AssetProcessor.OnPostprocessAllAssets 0.161ms
	GatherAllCurrentPrimaryImportResultRevisions: 0.428ms
	UnloadStreamsBegin: 0.384ms
	PersistCurrentRevisions: 0.282ms
	GenerateScriptTypeHashes: 8.233ms
	GenerateScriptTypeSerializationHashes: 13.669ms
	Untracked: 4102.478ms

Load Editor
UnityEngine.Debug:ExtractStackTraceNoAlloc (byte*,int,string)
UnityEngine.StackTraceUtility:ExtractStackTrace ()
UnityEngine.DebugLogHandler:Internal_Log (UnityEngine.LogType,UnityEngine.LogOption,string,UnityEngine.Object)
UnityEngine.DebugLogHandler:LogFormat (UnityEngine.LogType,UnityEngine.Object,string,object[])
UnityEngine.Logger:Log (UnityEngine.LogType,object)
UnityEngine.Debug:Log (object)
YG.YandexGame:Message (string) (at Assets/YandexGame/ScriptsYG/YandexGame.cs:133)
YG.YandexGame:LoadEditor () (at Assets/YandexGame/ScriptsYG/Storage/Storage_yg.cs:75)
YG.YandexGame:_LoadProgress () (at Assets/YandexGame/ScriptsYG/Storage/Storage_yg.cs:168)
YG.YandexGame:LoadProgress () (at Assets/YandexGame/ScriptsYG/Storage/Storage_yg.cs:173)
YG.YandexGame:InitCloudStorage () (at Assets/YandexGame/ScriptsYG/Storage/Storage_yg.cs:30)
System.Reflection.RuntimeMethodInfo:Invoke (object,System.Reflection.BindingFlags,System.Reflection.Binder,object[],System.Globalization.CultureInfo)
System.Reflection.MethodBase:Invoke (object,object[])
YG.YandexGame/<>c__DisplayClass37_1:<CallInitBaisYG>b__0 () (at Assets/YandexGame/ScriptsYG/Initialization/InitYGAttribute.cs:32)
YG.YandexGame:CallInitBaisYG () (at Assets/YandexGame/ScriptsYG/Initialization/InitYGAttribute.cs:37)
YG.YandexGame:Awake () (at Assets/YandexGame/ScriptsYG/YandexGame.cs:103)

(Filename: Assets/YandexGame/ScriptsYG/YandexGame.cs Line: 133)

Authorization - True
UnityEngine.Debug:ExtractStackTraceNoAlloc (byte*,int,string)
UnityEngine.StackTraceUtility:ExtractStackTrace ()
UnityEngine.DebugLogHandler:Internal_Log (UnityEngine.LogType,UnityEngine.LogOption,string,UnityEngine.Object)
UnityEngine.DebugLogHandler:LogFormat (UnityEngine.LogType,UnityEngine.Object,string,object[])
UnityEngine.Logger:Log (UnityEngine.LogType,object)
UnityEngine.Debug:Log (object)
YG.YandexGame:Message (string) (at Assets/YandexGame/ScriptsYG/YandexGame.cs:133)
YG.YandexGame:SetInitializationSDK (string) (at Assets/YandexGame/ScriptsYG/Authorization/Auth_yg.cs:113)
YG.YandexGame:InitPlayerForEditor () (at Assets/YandexGame/ScriptsYG/Authorization/Auth_yg.cs:62)
YG.YandexGame:InitializationGame () (at Assets/YandexGame/ScriptsYG/Authorization/Auth_yg.cs:31)
System.Reflection.RuntimeMethodInfo:Invoke (object,System.Reflection.BindingFlags,System.Reflection.Binder,object[],System.Globalization.CultureInfo)
System.Reflection.MethodBase:Invoke (object,object[])
YG.YandexGame/<>c__DisplayClass38_1:<CallInitYG>b__0 () (at Assets/YandexGame/ScriptsYG/Initialization/InitYGAttribute.cs:51)
YG.YandexGame:CallInitYG () (at Assets/YandexGame/ScriptsYG/Initialization/InitYGAttribute.cs:56)
YG.YandexGame:Awake () (at Assets/YandexGame/ScriptsYG/YandexGame.cs:104)

(Filename: Assets/YandexGame/ScriptsYG/YandexGame.cs Line: 133)

Get Payments
UnityEngine.Debug:ExtractStackTraceNoAlloc (byte*,int,string)
UnityEngine.StackTraceUtility:ExtractStackTrace ()
UnityEngine.DebugLogHandler:Internal_Log (UnityEngine.LogType,UnityEngine.LogOption,string,UnityEngine.Object)
UnityEngine.DebugLogHandler:LogFormat (UnityEngine.LogType,UnityEngine.Object,string,object[])
UnityEngine.Logger:Log (UnityEngine.LogType,object)
UnityEngine.Debug:Log (object)
YG.YandexGame:Message (string) (at Assets/YandexGame/ScriptsYG/YandexGame.cs:133)
YG.YandexGame:GetPayments () (at Assets/YandexGame/ScriptsYG/Payments/InternalScripts/Payments_yg.cs:49)
YG.YandexGame:Awake () (at Assets/YandexGame/ScriptsYG/YandexGame.cs:105)

(Filename: Assets/YandexGame/ScriptsYG/YandexGame.cs Line: 133)

Loaded scene 'Temp/__Backupscenes/0.backup'
	Deserialize:            14.272 ms
	Integration:            1519.056 ms
	Integration of assets:  0.014 ms
	Thread Wait Time:       0.009 ms
	Total Operation Time:   1533.351 ms
[Licensing::Client] Successfully resolved entitlement details
[Licensing::Client] Successfully resolved entitlement details
OnBeginDrag
UnityEngine.Debug:ExtractStackTraceNoAlloc (byte*,int,string)
UnityEngine.StackTraceUtility:ExtractStackTrace ()
UnityEngine.DebugLogHandler:Internal_Log (UnityEngine.LogType,UnityEngine.LogOption,string,UnityEngine.Object)
UnityEngine.DebugLogHandler:LogFormat (UnityEngine.LogType,UnityEngine.Object,string,object[])
UnityEngine.Logger:Log (UnityEngine.LogType,object)
UnityEngine.Debug:Log (object)
InventoryItem:OnBeginDrag (UnityEngine.EventSystems.PointerEventData) (at Assets/InventoryItem.cs:30)
UnityEngine.EventSystems.ExecuteEvents:Execute (UnityEngine.EventSystems.IBeginDragHandler,UnityEngine.EventSystems.BaseEventData) (at ./Library/PackageCache/com.unity.ugui@1c4864518158/Runtime/UGUI/EventSystem/ExecuteEvents.cs:71)
UnityEngine.EventSystems.ExecuteEvents:Execute<UnityEngine.EventSystems.IBeginDragHandler> (UnityEngine.GameObject,UnityEngine.EventSystems.BaseEventData,UnityEngine.EventSystems.ExecuteEvents/EventFunction`1<UnityEngine.EventSystems.IBeginDragHandler>) (at ./Library/PackageCache/com.unity.ugui@1c4864518158/Runtime/UGUI/EventSystem/ExecuteEvents.cs:272)
UnityEngine.InputSystem.UI.InputSystemUIInputModule:ProcessPointerButtonDrag (UnityEngine.InputSystem.UI.PointerModel/ButtonState&,UnityEngine.InputSystem.UI.ExtendedPointerEventData) (at ./Library/PackageCache/com.unity.inputsystem@7a4e1a2a8194/InputSystem/Runtime/Plugins/UI/InputSystemUIInputModule.cs:764)
UnityEngine.InputSystem.UI.InputSystemUIInputModule:ProcessPointer (UnityEngine.InputSystem.UI.PointerModel&) (at ./Library/PackageCache/com.unity.inputsystem@7a4e1a2a8194/InputSystem/Runtime/Plugins/UI/InputSystemUIInputModule.cs:487)
UnityEngine.InputSystem.UI.InputSystemUIInputModule:Process () (at ./Library/PackageCache/com.unity.inputsystem@7a4e1a2a8194/InputSystem/Runtime/Plugins/UI/InputSystemUIInputModule.cs:2405)
UnityEngine.EventSystems.EventSystem:Update () (at ./Library/PackageCache/com.unity.ugui@1c4864518158/Runtime/UGUI/EventSystem/EventSystem.cs:516)

(Filename: Assets/InventoryItem.cs Line: 30)

OnDrag
UnityEngine.Debug:ExtractStackTraceNoAlloc (byte*,int,string)
UnityEngine.StackTraceUtility:ExtractStackTrace ()
UnityEngine.DebugLogHandler:Internal_Log (UnityEngine.LogType,UnityEngine.LogOption,string,UnityEngine.Object)
UnityEngine.DebugLogHandler:LogFormat (UnityEngine.LogType,UnityEngine.Object,string,object[])
UnityEngine.Logger:Log (UnityEngine.LogType,object)
UnityEngine.Debug:Log (object)
InventoryItem:OnDrag (UnityEngine.EventSystems.PointerEventData) (at Assets/InventoryItem.cs:80)
UnityEngine.EventSystems.ExecuteEvents:Execute (UnityEngine.EventSystems.IDragHandler,UnityEngine.EventSystems.BaseEventData) (at ./Library/PackageCache/com.unity.ugui@1c4864518158/Runtime/UGUI/EventSystem/ExecuteEvents.cs:78)
UnityEngine.EventSystems.ExecuteEvents:Execute<UnityEngine.EventSystems.IDragHandler> (UnityEngine.GameObject,UnityEngine.EventSystems.BaseEventData,UnityEngine.EventSystems.ExecuteEvents/EventFunction`1<UnityEngine.EventSystems.IDragHandler>) (at ./Library/PackageCache/com.unity.ugui@1c4864518158/Runtime/UGUI/EventSystem/ExecuteEvents.cs:272)
UnityEngine.InputSystem.UI.InputSystemUIInputModule:ProcessPointerButtonDrag (UnityEngine.InputSystem.UI.PointerModel/ButtonState&,UnityEngine.InputSystem.UI.ExtendedPointerEventData) (at ./Library/PackageCache/com.unity.inputsystem@7a4e1a2a8194/InputSystem/Runtime/Plugins/UI/InputSystemUIInputModule.cs:781)
UnityEngine.InputSystem.UI.InputSystemUIInputModule:ProcessPointer (UnityEngine.InputSystem.UI.PointerModel&) (at ./Library/PackageCache/com.unity.inputsystem@7a4e1a2a8194/InputSystem/Runtime/Plugins/UI/InputSystemUIInputModule.cs:487)
UnityEngine.InputSystem.UI.InputSystemUIInputModule:Process () (at ./Library/PackageCache/com.unity.inputsystem@7a4e1a2a8194/InputSystem/Runtime/Plugins/UI/InputSystemUIInputModule.cs:2405)
UnityEngine.EventSystems.EventSystem:Update () (at ./Library/PackageCache/com.unity.ugui@1c4864518158/Runtime/UGUI/EventSystem/EventSystem.cs:516)

(Filename: Assets/InventoryItem.cs Line: 80)

OnDrag
UnityEngine.Debug:ExtractStackTraceNoAlloc (byte*,int,string)
UnityEngine.StackTraceUtility:ExtractStackTrace ()
UnityEngine.DebugLogHandler:Internal_Log (UnityEngine.LogType,UnityEngine.LogOption,string,UnityEngine.Object)
UnityEngine.DebugLogHandler:LogFormat (UnityEngine.LogType,UnityEngine.Object,string,object[])
UnityEngine.Logger:Log (UnityEngine.LogType,object)
UnityEngine.Debug:Log (object)
InventoryItem:OnDrag (UnityEngine.EventSystems.PointerEventData) (at Assets/InventoryItem.cs:80)
UnityEngine.EventSystems.ExecuteEvents:Execute (UnityEngine.EventSystems.IDragHandler,UnityEngine.EventSystems.BaseEventData) (at ./Library/PackageCache/com.unity.ugui@1c4864518158/Runtime/UGUI/EventSystem/ExecuteEvents.cs:78)
UnityEngine.EventSystems.ExecuteEvents:Execute<UnityEngine.EventSystems.IDragHandler> (UnityEngine.GameObject,UnityEngine.EventSystems.BaseEventData,UnityEngine.EventSystems.ExecuteEvents/EventFunction`1<UnityEngine.EventSystems.IDragHandler>) (at ./Library/PackageCache/com.unity.ugui@1c4864518158/Runtime/UGUI/EventSystem/ExecuteEvents.cs:272)
UnityEngine.InputSystem.UI.InputSystemUIInputModule:ProcessPointerButtonDrag (UnityEngine.InputSystem.UI.PointerModel/ButtonState&,UnityEngine.InputSystem.UI.ExtendedPointerEventData) (at ./Library/PackageCache/com.unity.inputsystem@7a4e1a2a8194/InputSystem/Runtime/Plugins/UI/InputSystemUIInputModule.cs:781)
UnityEngine.InputSystem.UI.InputSystemUIInputModule:ProcessPointer (UnityEngine.InputSystem.UI.PointerModel&) (at ./Library/PackageCache/com.unity.inputsystem@7a4e1a2a8194/InputSystem/Runtime/Plugins/UI/InputSystemUIInputModule.cs:487)
UnityEngine.InputSystem.UI.InputSystemUIInputModule:Process () (at ./Library/PackageCache/com.unity.inputsystem@7a4e1a2a8194/InputSystem/Runtime/Plugins/UI/InputSystemUIInputModule.cs:2405)
UnityEngine.EventSystems.EventSystem:Update () (at ./Library/PackageCache/com.unity.ugui@1c4864518158/Runtime/UGUI/EventSystem/EventSystem.cs:516)

(Filename: Assets/InventoryItem.cs Line: 80)

OnDrag
UnityEngine.Debug:ExtractStackTraceNoAlloc (byte*,int,string)
UnityEngine.StackTraceUtility:ExtractStackTrace ()
UnityEngine.DebugLogHandler:Internal_Log (UnityEngine.LogType,UnityEngine.LogOption,string,UnityEngine.Object)
UnityEngine.DebugLogHandler:LogFormat (UnityEngine.LogType,UnityEngine.Object,string,object[])
UnityEngine.Logger:Log (UnityEngine.LogType,object)
UnityEngine.Debug:Log (object)
InventoryItem:OnDrag (UnityEngine.EventSystems.PointerEventData) (at Assets/InventoryItem.cs:80)
UnityEngine.EventSystems.ExecuteEvents:Execute (UnityEngine.EventSystems.IDragHandler,UnityEngine.EventSystems.BaseEventData) (at ./Library/PackageCache/com.unity.ugui@1c4864518158/Runtime/UGUI/EventSystem/ExecuteEvents.cs:78)
UnityEngine.EventSystems.ExecuteEvents:Execute<UnityEngine.EventSystems.IDragHandler> (UnityEngine.GameObject,UnityEngine.EventSystems.BaseEventData,UnityEngine.EventSystems.ExecuteEvents/EventFunction`1<UnityEngine.EventSystems.IDragHandler>) (at ./Library/PackageCache/com.unity.ugui@1c4864518158/Runtime/UGUI/EventSystem/ExecuteEvents.cs:272)
UnityEngine.InputSystem.UI.InputSystemUIInputModule:ProcessPointerButtonDrag (UnityEngine.InputSystem.UI.PointerModel/ButtonState&,UnityEngine.InputSystem.UI.ExtendedPointerEventData) (at ./Library/PackageCache/com.unity.inputsystem@7a4e1a2a8194/InputSystem/Runtime/Plugins/UI/InputSystemUIInputModule.cs:781)
UnityEngine.InputSystem.UI.InputSystemUIInputModule:ProcessPointer (UnityEngine.InputSystem.UI.PointerModel&) (at ./Library/PackageCache/com.unity.inputsystem@7a4e1a2a8194/InputSystem/Runtime/Plugins/UI/InputSystemUIInputModule.cs:487)
UnityEngine.InputSystem.UI.InputSystemUIInputModule:Process () (at ./Library/PackageCache/com.unity.inputsystem@7a4e1a2a8194/InputSystem/Runtime/Plugins/UI/InputSystemUIInputModule.cs:2405)
UnityEngine.EventSystems.EventSystem:Update () (at ./Library/PackageCache/com.unity.ugui@1c4864518158/Runtime/UGUI/EventSystem/EventSystem.cs:516)

(Filename: Assets/InventoryItem.cs Line: 80)

OnDrag
UnityEngine.Debug:ExtractStackTraceNoAlloc (byte*,int,string)
UnityEngine.StackTraceUtility:ExtractStackTrace ()
UnityEngine.DebugLogHandler:Internal_Log (UnityEngine.LogType,UnityEngine.LogOption,string,UnityEngine.Object)
UnityEngine.DebugLogHandler:LogFormat (UnityEngine.LogType,UnityEngine.Object,string,object[])
UnityEngine.Logger:Log (UnityEngine.LogType,object)
UnityEngine.Debug:Log (object)
InventoryItem:OnDrag (UnityEngine.EventSystems.PointerEventData) (at Assets/InventoryItem.cs:80)
UnityEngine.EventSystems.ExecuteEvents:Execute (UnityEngine.EventSystems.IDragHandler,UnityEngine.EventSystems.BaseEventData) (at ./Library/PackageCache/com.unity.ugui@1c4864518158/Runtime/UGUI/EventSystem/ExecuteEvents.cs:78)
UnityEngine.EventSystems.ExecuteEvents:Execute<UnityEngine.EventSystems.IDragHandler> (UnityEngine.GameObject,UnityEngine.EventSystems.BaseEventData,UnityEngine.EventSystems.ExecuteEvents/EventFunction`1<UnityEngine.EventSystems.IDragHandler>) (at ./Library/PackageCache/com.unity.ugui@1c4864518158/Runtime/UGUI/EventSystem/ExecuteEvents.cs:272)
UnityEngine.InputSystem.UI.InputSystemUIInputModule:ProcessPointerButtonDrag (UnityEngine.InputSystem.UI.PointerModel/ButtonState&,UnityEngine.InputSystem.UI.ExtendedPointerEventData) (at ./Library/PackageCache/com.unity.inputsystem@7a4e1a2a8194/InputSystem/Runtime/Plugins/UI/InputSystemUIInputModule.cs:781)
UnityEngine.InputSystem.UI.InputSystemUIInputModule:ProcessPointer (UnityEngine.InputSystem.UI.PointerModel&) (at ./Library/PackageCache/com.unity.inputsystem@7a4e1a2a8194/InputSystem/Runtime/Plugins/UI/InputSystemUIInputModule.cs:487)
UnityEngine.InputSystem.UI.InputSystemUIInputModule:Process () (at ./Library/PackageCache/com.unity.inputsystem@7a4e1a2a8194/InputSystem/Runtime/Plugins/UI/InputSystemUIInputModule.cs:2405)
UnityEngine.EventSystems.EventSystem:Update () (at ./Library/PackageCache/com.unity.ugui@1c4864518158/Runtime/UGUI/EventSystem/EventSystem.cs:516)

(Filename: Assets/InventoryItem.cs Line: 80)

OnDrag
UnityEngine.Debug:ExtractStackTraceNoAlloc (byte*,int,string)
UnityEngine.StackTraceUtility:ExtractStackTrace ()
UnityEngine.DebugLogHandler:Internal_Log (UnityEngine.LogType,UnityEngine.LogOption,string,UnityEngine.Object)
UnityEngine.DebugLogHandler:LogFormat (UnityEngine.LogType,UnityEngine.Object,string,object[])
UnityEngine.Logger:Log (UnityEngine.LogType,object)
UnityEngine.Debug:Log (object)
InventoryItem:OnDrag (UnityEngine.EventSystems.PointerEventData) (at Assets/InventoryItem.cs:80)
UnityEngine.EventSystems.ExecuteEvents:Execute (UnityEngine.EventSystems.IDragHandler,UnityEngine.EventSystems.BaseEventData) (at ./Library/PackageCache/com.unity.ugui@1c4864518158/Runtime/UGUI/EventSystem/ExecuteEvents.cs:78)
UnityEngine.EventSystems.ExecuteEvents:Execute<UnityEngine.EventSystems.IDragHandler> (UnityEngine.GameObject,UnityEngine.EventSystems.BaseEventData,UnityEngine.EventSystems.ExecuteEvents/EventFunction`1<UnityEngine.EventSystems.IDragHandler>) (at ./Library/PackageCache/com.unity.ugui@1c4864518158/Runtime/UGUI/EventSystem/ExecuteEvents.cs:272)
UnityEngine.InputSystem.UI.InputSystemUIInputModule:ProcessPointerButtonDrag (UnityEngine.InputSystem.UI.PointerModel/ButtonState&,UnityEngine.InputSystem.UI.ExtendedPointerEventData) (at ./Library/PackageCache/com.unity.inputsystem@7a4e1a2a8194/InputSystem/Runtime/Plugins/UI/InputSystemUIInputModule.cs:781)
UnityEngine.InputSystem.UI.InputSystemUIInputModule:ProcessPointer (UnityEngine.InputSystem.UI.PointerModel&) (at ./Library/PackageCache/com.unity.inputsystem@7a4e1a2a8194/InputSystem/Runtime/Plugins/UI/InputSystemUIInputModule.cs:487)
UnityEngine.InputSystem.UI.InputSystemUIInputModule:Process () (at ./Library/PackageCache/com.unity.inputsystem@7a4e1a2a8194/InputSystem/Runtime/Plugins/UI/InputSystemUIInputModule.cs:2405)
UnityEngine.EventSystems.EventSystem:Update () (at ./Library/PackageCache/com.unity.ugui@1c4864518158/Runtime/UGUI/EventSystem/EventSystem.cs:516)

(Filename: Assets/InventoryItem.cs Line: 80)

OnDrag
UnityEngine.Debug:ExtractStackTraceNoAlloc (byte*,int,string)
UnityEngine.StackTraceUtility:ExtractStackTrace ()
UnityEngine.DebugLogHandler:Internal_Log (UnityEngine.LogType,UnityEngine.LogOption,string,UnityEngine.Object)
UnityEngine.DebugLogHandler:LogFormat (UnityEngine.LogType,UnityEngine.Object,string,object[])
UnityEngine.Logger:Log (UnityEngine.LogType,object)
UnityEngine.Debug:Log (object)
InventoryItem:OnDrag (UnityEngine.EventSystems.PointerEventData) (at Assets/InventoryItem.cs:80)
UnityEngine.EventSystems.ExecuteEvents:Execute (UnityEngine.EventSystems.IDragHandler,UnityEngine.EventSystems.BaseEventData) (at ./Library/PackageCache/com.unity.ugui@1c4864518158/Runtime/UGUI/EventSystem/ExecuteEvents.cs:78)
UnityEngine.EventSystems.ExecuteEvents:Execute<UnityEngine.EventSystems.IDragHandler> (UnityEngine.GameObject,UnityEngine.EventSystems.BaseEventData,UnityEngine.EventSystems.ExecuteEvents/EventFunction`1<UnityEngine.EventSystems.IDragHandler>) (at ./Library/PackageCache/com.unity.ugui@1c4864518158/Runtime/UGUI/EventSystem/ExecuteEvents.cs:272)
UnityEngine.InputSystem.UI.InputSystemUIInputModule:ProcessPointerButtonDrag (UnityEngine.InputSystem.UI.PointerModel/ButtonState&,UnityEngine.InputSystem.UI.ExtendedPointerEventData) (at ./Library/PackageCache/com.unity.inputsystem@7a4e1a2a8194/InputSystem/Runtime/Plugins/UI/InputSystemUIInputModule.cs:781)
UnityEngine.InputSystem.UI.InputSystemUIInputModule:ProcessPointer (UnityEngine.InputSystem.UI.PointerModel&) (at ./Library/PackageCache/com.unity.inputsystem@7a4e1a2a8194/InputSystem/Runtime/Plugins/UI/InputSystemUIInputModule.cs:487)
UnityEngine.InputSystem.UI.InputSystemUIInputModule:Process () (at ./Library/PackageCache/com.unity.inputsystem@7a4e1a2a8194/InputSystem/Runtime/Plugins/UI/InputSystemUIInputModule.cs:2405)
UnityEngine.EventSystems.EventSystem:Update () (at ./Library/PackageCache/com.unity.ugui@1c4864518158/Runtime/UGUI/EventSystem/EventSystem.cs:516)

(Filename: Assets/InventoryItem.cs Line: 80)

OnDrag
UnityEngine.Debug:ExtractStackTraceNoAlloc (byte*,int,string)
UnityEngine.StackTraceUtility:ExtractStackTrace ()
UnityEngine.DebugLogHandler:Internal_Log (UnityEngine.LogType,UnityEngine.LogOption,string,UnityEngine.Object)
UnityEngine.DebugLogHandler:LogFormat (UnityEngine.LogType,UnityEngine.Object,string,object[])
UnityEngine.Logger:Log (UnityEngine.LogType,object)
UnityEngine.Debug:Log (object)
InventoryItem:OnDrag (UnityEngine.EventSystems.PointerEventData) (at Assets/InventoryItem.cs:80)
UnityEngine.EventSystems.ExecuteEvents:Execute (UnityEngine.EventSystems.IDragHandler,UnityEngine.EventSystems.BaseEventData) (at ./Library/PackageCache/com.unity.ugui@1c4864518158/Runtime/UGUI/EventSystem/ExecuteEvents.cs:78)
UnityEngine.EventSystems.ExecuteEvents:Execute<UnityEngine.EventSystems.IDragHandler> (UnityEngine.GameObject,UnityEngine.EventSystems.BaseEventData,UnityEngine.EventSystems.ExecuteEvents/EventFunction`1<UnityEngine.EventSystems.IDragHandler>) (at ./Library/PackageCache/com.unity.ugui@1c4864518158/Runtime/UGUI/EventSystem/ExecuteEvents.cs:272)
UnityEngine.InputSystem.UI.InputSystemUIInputModule:ProcessPointerButtonDrag (UnityEngine.InputSystem.UI.PointerModel/ButtonState&,UnityEngine.InputSystem.UI.ExtendedPointerEventData) (at ./Library/PackageCache/com.unity.inputsystem@7a4e1a2a8194/InputSystem/Runtime/Plugins/UI/InputSystemUIInputModule.cs:781)
UnityEngine.InputSystem.UI.InputSystemUIInputModule:ProcessPointer (UnityEngine.InputSystem.UI.PointerModel&) (at ./Library/PackageCache/com.unity.inputsystem@7a4e1a2a8194/InputSystem/Runtime/Plugins/UI/InputSystemUIInputModule.cs:487)
UnityEngine.InputSystem.UI.InputSystemUIInputModule:Process () (at ./Library/PackageCache/com.unity.inputsystem@7a4e1a2a8194/InputSystem/Runtime/Plugins/UI/InputSystemUIInputModule.cs:2405)
UnityEngine.EventSystems.EventSystem:Update () (at ./Library/PackageCache/com.unity.ugui@1c4864518158/Runtime/UGUI/EventSystem/EventSystem.cs:516)

(Filename: Assets/InventoryItem.cs Line: 80)

OnDrag
UnityEngine.Debug:ExtractStackTraceNoAlloc (byte*,int,string)
UnityEngine.StackTraceUtility:ExtractStackTrace ()
UnityEngine.DebugLogHandler:Internal_Log (UnityEngine.LogType,UnityEngine.LogOption,string,UnityEngine.Object)
UnityEngine.DebugLogHandler:LogFormat (UnityEngine.LogType,UnityEngine.Object,string,object[])
UnityEngine.Logger:Log (UnityEngine.LogType,object)
UnityEngine.Debug:Log (object)
InventoryItem:OnDrag (UnityEngine.EventSystems.PointerEventData) (at Assets/InventoryItem.cs:80)
UnityEngine.EventSystems.ExecuteEvents:Execute (UnityEngine.EventSystems.IDragHandler,UnityEngine.EventSystems.BaseEventData) (at ./Library/PackageCache/com.unity.ugui@1c4864518158/Runtime/UGUI/EventSystem/ExecuteEvents.cs:78)
UnityEngine.EventSystems.ExecuteEvents:Execute<UnityEngine.EventSystems.IDragHandler> (UnityEngine.GameObject,UnityEngine.EventSystems.BaseEventData,UnityEngine.EventSystems.ExecuteEvents/EventFunction`1<UnityEngine.EventSystems.IDragHandler>) (at ./Library/PackageCache/com.unity.ugui@1c4864518158/Runtime/UGUI/EventSystem/ExecuteEvents.cs:272)
UnityEngine.InputSystem.UI.InputSystemUIInputModule:ProcessPointerButtonDrag (UnityEngine.InputSystem.UI.PointerModel/ButtonState&,UnityEngine.InputSystem.UI.ExtendedPointerEventData) (at ./Library/PackageCache/com.unity.inputsystem@7a4e1a2a8194/InputSystem/Runtime/Plugins/UI/InputSystemUIInputModule.cs:781)
UnityEngine.InputSystem.UI.InputSystemUIInputModule:ProcessPointer (UnityEngine.InputSystem.UI.PointerModel&) (at ./Library/PackageCache/com.unity.inputsystem@7a4e1a2a8194/InputSystem/Runtime/Plugins/UI/InputSystemUIInputModule.cs:487)
UnityEngine.InputSystem.UI.InputSystemUIInputModule:Process () (at ./Library/PackageCache/com.unity.inputsystem@7a4e1a2a8194/InputSystem/Runtime/Plugins/UI/InputSystemUIInputModule.cs:2405)
UnityEngine.EventSystems.EventSystem:Update () (at ./Library/PackageCache/com.unity.ugui@1c4864518158/Runtime/UGUI/EventSystem/EventSystem.cs:516)

(Filename: Assets/InventoryItem.cs Line: 80)

OnDrag
UnityEngine.Debug:ExtractStackTraceNoAlloc (byte*,int,string)
UnityEngine.StackTraceUtility:ExtractStackTrace ()
UnityEngine.DebugLogHandler:Internal_Log (UnityEngine.LogType,UnityEngine.LogOption,string,UnityEngine.Object)
UnityEngine.DebugLogHandler:LogFormat (UnityEngine.LogType,UnityEngine.Object,string,object[])
UnityEngine.Logger:Log (UnityEngine.LogType,object)
UnityEngine.Debug:Log (object)
InventoryItem:OnDrag (UnityEngine.EventSystems.PointerEventData) (at Assets/InventoryItem.cs:80)
UnityEngine.EventSystems.ExecuteEvents:Execute (UnityEngine.EventSystems.IDragHandler,UnityEngine.EventSystems.BaseEventData) (at ./Library/PackageCache/com.unity.ugui@1c4864518158/Runtime/UGUI/EventSystem/ExecuteEvents.cs:78)
UnityEngine.EventSystems.ExecuteEvents:Execute<UnityEngine.EventSystems.IDragHandler> (UnityEngine.GameObject,UnityEngine.EventSystems.BaseEventData,UnityEngine.EventSystems.ExecuteEvents/EventFunction`1<UnityEngine.EventSystems.IDragHandler>) (at ./Library/PackageCache/com.unity.ugui@1c4864518158/Runtime/UGUI/EventSystem/ExecuteEvents.cs:272)
UnityEngine.InputSystem.UI.InputSystemUIInputModule:ProcessPointerButtonDrag (UnityEngine.InputSystem.UI.PointerModel/ButtonState&,UnityEngine.InputSystem.UI.ExtendedPointerEventData) (at ./Library/PackageCache/com.unity.inputsystem@7a4e1a2a8194/InputSystem/Runtime/Plugins/UI/InputSystemUIInputModule.cs:781)
UnityEngine.InputSystem.UI.InputSystemUIInputModule:ProcessPointer (UnityEngine.InputSystem.UI.PointerModel&) (at ./Library/PackageCache/com.unity.inputsystem@7a4e1a2a8194/InputSystem/Runtime/Plugins/UI/InputSystemUIInputModule.cs:487)
UnityEngine.InputSystem.UI.InputSystemUIInputModule:Process () (at ./Library/PackageCache/com.unity.inputsystem@7a4e1a2a8194/InputSystem/Runtime/Plugins/UI/InputSystemUIInputModule.cs:2405)
UnityEngine.EventSystems.EventSystem:Update () (at ./Library/PackageCache/com.unity.ugui@1c4864518158/Runtime/UGUI/EventSystem/EventSystem.cs:516)

(Filename: Assets/InventoryItem.cs Line: 80)

OnDrag
UnityEngine.Debug:ExtractStackTraceNoAlloc (byte*,int,string)
UnityEngine.StackTraceUtility:ExtractStackTrace ()
UnityEngine.DebugLogHandler:Internal_Log (UnityEngine.LogType,UnityEngine.LogOption,string,UnityEngine.Object)
UnityEngine.DebugLogHandler:LogFormat (UnityEngine.LogType,UnityEngine.Object,string,object[])
UnityEngine.Logger:Log (UnityEngine.LogType,object)
UnityEngine.Debug:Log (object)
InventoryItem:OnDrag (UnityEngine.EventSystems.PointerEventData) (at Assets/InventoryItem.cs:80)
UnityEngine.EventSystems.ExecuteEvents:Execute (UnityEngine.EventSystems.IDragHandler,UnityEngine.EventSystems.BaseEventData) (at ./Library/PackageCache/com.unity.ugui@1c4864518158/Runtime/UGUI/EventSystem/ExecuteEvents.cs:78)
UnityEngine.EventSystems.ExecuteEvents:Execute<UnityEngine.EventSystems.IDragHandler> (UnityEngine.GameObject,UnityEngine.EventSystems.BaseEventData,UnityEngine.EventSystems.ExecuteEvents/EventFunction`1<UnityEngine.EventSystems.IDragHandler>) (at ./Library/PackageCache/com.unity.ugui@1c4864518158/Runtime/UGUI/EventSystem/ExecuteEvents.cs:272)
UnityEngine.InputSystem.UI.InputSystemUIInputModule:ProcessPointerButtonDrag (UnityEngine.InputSystem.UI.PointerModel/ButtonState&,UnityEngine.InputSystem.UI.ExtendedPointerEventData) (at ./Library/PackageCache/com.unity.inputsystem@7a4e1a2a8194/InputSystem/Runtime/Plugins/UI/InputSystemUIInputModule.cs:781)
UnityEngine.InputSystem.UI.InputSystemUIInputModule:ProcessPointer (UnityEngine.InputSystem.UI.PointerModel&) (at ./Library/PackageCache/com.unity.inputsystem@7a4e1a2a8194/InputSystem/Runtime/Plugins/UI/InputSystemUIInputModule.cs:487)
UnityEngine.InputSystem.UI.InputSystemUIInputModule:Process () (at ./Library/PackageCache/com.unity.inputsystem@7a4e1a2a8194/InputSystem/Runtime/Plugins/UI/InputSystemUIInputModule.cs:2405)
UnityEngine.EventSystems.EventSystem:Update () (at ./Library/PackageCache/com.unity.ugui@1c4864518158/Runtime/UGUI/EventSystem/EventSystem.cs:516)

(Filename: Assets/InventoryItem.cs Line: 80)

OnDrag
UnityEngine.Debug:ExtractStackTraceNoAlloc (byte*,int,string)
UnityEngine.StackTraceUtility:ExtractStackTrace ()
UnityEngine.DebugLogHandler:Internal_Log (UnityEngine.LogType,UnityEngine.LogOption,string,UnityEngine.Object)
UnityEngine.DebugLogHandler:LogFormat (UnityEngine.LogType,UnityEngine.Object,string,object[])
UnityEngine.Logger:Log (UnityEngine.LogType,object)
UnityEngine.Debug:Log (object)
InventoryItem:OnDrag (UnityEngine.EventSystems.PointerEventData) (at Assets/InventoryItem.cs:80)
UnityEngine.EventSystems.ExecuteEvents:Execute (UnityEngine.EventSystems.IDragHandler,UnityEngine.EventSystems.BaseEventData) (at ./Library/PackageCache/com.unity.ugui@1c4864518158/Runtime/UGUI/EventSystem/ExecuteEvents.cs:78)
UnityEngine.EventSystems.ExecuteEvents:Execute<UnityEngine.EventSystems.IDragHandler> (UnityEngine.GameObject,UnityEngine.EventSystems.BaseEventData,UnityEngine.EventSystems.ExecuteEvents/EventFunction`1<UnityEngine.EventSystems.IDragHandler>) (at ./Library/PackageCache/com.unity.ugui@1c4864518158/Runtime/UGUI/EventSystem/ExecuteEvents.cs:272)
UnityEngine.InputSystem.UI.InputSystemUIInputModule:ProcessPointerButtonDrag (UnityEngine.InputSystem.UI.PointerModel/ButtonState&,UnityEngine.InputSystem.UI.ExtendedPointerEventData) (at ./Library/PackageCache/com.unity.inputsystem@7a4e1a2a8194/InputSystem/Runtime/Plugins/UI/InputSystemUIInputModule.cs:781)
UnityEngine.InputSystem.UI.InputSystemUIInputModule:ProcessPointer (UnityEngine.InputSystem.UI.PointerModel&) (at ./Library/PackageCache/com.unity.inputsystem@7a4e1a2a8194/InputSystem/Runtime/Plugins/UI/InputSystemUIInputModule.cs:487)
UnityEngine.InputSystem.UI.InputSystemUIInputModule:Process () (at ./Library/PackageCache/com.unity.inputsystem@7a4e1a2a8194/InputSystem/Runtime/Plugins/UI/InputSystemUIInputModule.cs:2405)
UnityEngine.EventSystems.EventSystem:Update () (at ./Library/PackageCache/com.unity.ugui@1c4864518158/Runtime/UGUI/EventSystem/EventSystem.cs:516)

(Filename: Assets/InventoryItem.cs Line: 80)

OnDrag
UnityEngine.Debug:ExtractStackTraceNoAlloc (byte*,int,string)
UnityEngine.StackTraceUtility:ExtractStackTrace ()
UnityEngine.DebugLogHandler:Internal_Log (UnityEngine.LogType,UnityEngine.LogOption,string,UnityEngine.Object)
UnityEngine.DebugLogHandler:LogFormat (UnityEngine.LogType,UnityEngine.Object,string,object[])
UnityEngine.Logger:Log (UnityEngine.LogType,object)
UnityEngine.Debug:Log (object)
InventoryItem:OnDrag (UnityEngine.EventSystems.PointerEventData) (at Assets/InventoryItem.cs:80)
UnityEngine.EventSystems.ExecuteEvents:Execute (UnityEngine.EventSystems.IDragHandler,UnityEngine.EventSystems.BaseEventData) (at ./Library/PackageCache/com.unity.ugui@1c4864518158/Runtime/UGUI/EventSystem/ExecuteEvents.cs:78)
UnityEngine.EventSystems.ExecuteEvents:Execute<UnityEngine.EventSystems.IDragHandler> (UnityEngine.GameObject,UnityEngine.EventSystems.BaseEventData,UnityEngine.EventSystems.ExecuteEvents/EventFunction`1<UnityEngine.EventSystems.IDragHandler>) (at ./Library/PackageCache/com.unity.ugui@1c4864518158/Runtime/UGUI/EventSystem/ExecuteEvents.cs:272)
UnityEngine.InputSystem.UI.InputSystemUIInputModule:ProcessPointerButtonDrag (UnityEngine.InputSystem.UI.PointerModel/ButtonState&,UnityEngine.InputSystem.UI.ExtendedPointerEventData) (at ./Library/PackageCache/com.unity.inputsystem@7a4e1a2a8194/InputSystem/Runtime/Plugins/UI/InputSystemUIInputModule.cs:781)
UnityEngine.InputSystem.UI.InputSystemUIInputModule:ProcessPointer (UnityEngine.InputSystem.UI.PointerModel&) (at ./Library/PackageCache/com.unity.inputsystem@7a4e1a2a8194/InputSystem/Runtime/Plugins/UI/InputSystemUIInputModule.cs:487)
UnityEngine.InputSystem.UI.InputSystemUIInputModule:Process () (at ./Library/PackageCache/com.unity.inputsystem@7a4e1a2a8194/InputSystem/Runtime/Plugins/UI/InputSystemUIInputModule.cs:2405)
UnityEngine.EventSystems.EventSystem:Update () (at ./Library/PackageCache/com.unity.ugui@1c4864518158/Runtime/UGUI/EventSystem/EventSystem.cs:516)

(Filename: Assets/InventoryItem.cs Line: 80)

OnDrag
UnityEngine.Debug:ExtractStackTraceNoAlloc (byte*,int,string)
UnityEngine.StackTraceUtility:ExtractStackTrace ()
UnityEngine.DebugLogHandler:Internal_Log (UnityEngine.LogType,UnityEngine.LogOption,string,UnityEngine.Object)
UnityEngine.DebugLogHandler:LogFormat (UnityEngine.LogType,UnityEngine.Object,string,object[])
UnityEngine.Logger:Log (UnityEngine.LogType,object)
UnityEngine.Debug:Log (object)
InventoryItem:OnDrag (UnityEngine.EventSystems.PointerEventData) (at Assets/InventoryItem.cs:80)
UnityEngine.EventSystems.ExecuteEvents:Execute (UnityEngine.EventSystems.IDragHandler,UnityEngine.EventSystems.BaseEventData) (at ./Library/PackageCache/com.unity.ugui@1c4864518158/Runtime/UGUI/EventSystem/ExecuteEvents.cs:78)
UnityEngine.EventSystems.ExecuteEvents:Execute<UnityEngine.EventSystems.IDragHandler> (UnityEngine.GameObject,UnityEngine.EventSystems.BaseEventData,UnityEngine.EventSystems.ExecuteEvents/EventFunction`1<UnityEngine.EventSystems.IDragHandler>) (at ./Library/PackageCache/com.unity.ugui@1c4864518158/Runtime/UGUI/EventSystem/ExecuteEvents.cs:272)
UnityEngine.InputSystem.UI.InputSystemUIInputModule:ProcessPointerButtonDrag (UnityEngine.InputSystem.UI.PointerModel/ButtonState&,UnityEngine.InputSystem.UI.ExtendedPointerEventData) (at ./Library/PackageCache/com.unity.inputsystem@7a4e1a2a8194/InputSystem/Runtime/Plugins/UI/InputSystemUIInputModule.cs:781)
UnityEngine.InputSystem.UI.InputSystemUIInputModule:ProcessPointer (UnityEngine.InputSystem.UI.PointerModel&) (at ./Library/PackageCache/com.unity.inputsystem@7a4e1a2a8194/InputSystem/Runtime/Plugins/UI/InputSystemUIInputModule.cs:487)
UnityEngine.InputSystem.UI.InputSystemUIInputModule:Process () (at ./Library/PackageCache/com.unity.inputsystem@7a4e1a2a8194/InputSystem/Runtime/Plugins/UI/InputSystemUIInputModule.cs:2405)
UnityEngine.EventSystems.EventSystem:Update () (at ./Library/PackageCache/com.unity.ugui@1c4864518158/Runtime/UGUI/EventSystem/EventSystem.cs:516)

(Filename: Assets/InventoryItem.cs Line: 80)

OnDrag
UnityEngine.Debug:ExtractStackTraceNoAlloc (byte*,int,string)
UnityEngine.StackTraceUtility:ExtractStackTrace ()
UnityEngine.DebugLogHandler:Internal_Log (UnityEngine.LogType,UnityEngine.LogOption,string,UnityEngine.Object)
UnityEngine.DebugLogHandler:LogFormat (UnityEngine.LogType,UnityEngine.Object,string,object[])
UnityEngine.Logger:Log (UnityEngine.LogType,object)
UnityEngine.Debug:Log (object)
InventoryItem:OnDrag (UnityEngine.EventSystems.PointerEventData) (at Assets/InventoryItem.cs:80)
UnityEngine.EventSystems.ExecuteEvents:Execute (UnityEngine.EventSystems.IDragHandler,UnityEngine.EventSystems.BaseEventData) (at ./Library/PackageCache/com.unity.ugui@1c4864518158/Runtime/UGUI/EventSystem/ExecuteEvents.cs:78)
UnityEngine.EventSystems.ExecuteEvents:Execute<UnityEngine.EventSystems.IDragHandler> (UnityEngine.GameObject,UnityEngine.EventSystems.BaseEventData,UnityEngine.EventSystems.ExecuteEvents/EventFunction`1<UnityEngine.EventSystems.IDragHandler>) (at ./Library/PackageCache/com.unity.ugui@1c4864518158/Runtime/UGUI/EventSystem/ExecuteEvents.cs:272)
UnityEngine.InputSystem.UI.InputSystemUIInputModule:ProcessPointerButtonDrag (UnityEngine.InputSystem.UI.PointerModel/ButtonState&,UnityEngine.InputSystem.UI.ExtendedPointerEventData) (at ./Library/PackageCache/com.unity.inputsystem@7a4e1a2a8194/InputSystem/Runtime/Plugins/UI/InputSystemUIInputModule.cs:781)
UnityEngine.InputSystem.UI.InputSystemUIInputModule:ProcessPointer (UnityEngine.InputSystem.UI.PointerModel&) (at ./Library/PackageCache/com.unity.inputsystem@7a4e1a2a8194/InputSystem/Runtime/Plugins/UI/InputSystemUIInputModule.cs:487)
UnityEngine.InputSystem.UI.InputSystemUIInputModule:Process () (at ./Library/PackageCache/com.unity.inputsystem@7a4e1a2a8194/InputSystem/Runtime/Plugins/UI/InputSystemUIInputModule.cs:2405)
UnityEngine.EventSystems.EventSystem:Update () (at ./Library/PackageCache/com.unity.ugui@1c4864518158/Runtime/UGUI/EventSystem/EventSystem.cs:516)

(Filename: Assets/InventoryItem.cs Line: 80)

OnDrag
UnityEngine.Debug:ExtractStackTraceNoAlloc (byte*,int,string)
UnityEngine.StackTraceUtility:ExtractStackTrace ()
UnityEngine.DebugLogHandler:Internal_Log (UnityEngine.LogType,UnityEngine.LogOption,string,UnityEngine.Object)
UnityEngine.DebugLogHandler:LogFormat (UnityEngine.LogType,UnityEngine.Object,string,object[])
UnityEngine.Logger:Log (UnityEngine.LogType,object)
UnityEngine.Debug:Log (object)
InventoryItem:OnDrag (UnityEngine.EventSystems.PointerEventData) (at Assets/InventoryItem.cs:80)
UnityEngine.EventSystems.ExecuteEvents:Execute (UnityEngine.EventSystems.IDragHandler,UnityEngine.EventSystems.BaseEventData) (at ./Library/PackageCache/com.unity.ugui@1c4864518158/Runtime/UGUI/EventSystem/ExecuteEvents.cs:78)
UnityEngine.EventSystems.ExecuteEvents:Execute<UnityEngine.EventSystems.IDragHandler> (UnityEngine.GameObject,UnityEngine.EventSystems.BaseEventData,UnityEngine.EventSystems.ExecuteEvents/EventFunction`1<UnityEngine.EventSystems.IDragHandler>) (at ./Library/PackageCache/com.unity.ugui@1c4864518158/Runtime/UGUI/EventSystem/ExecuteEvents.cs:272)
UnityEngine.InputSystem.UI.InputSystemUIInputModule:ProcessPointerButtonDrag (UnityEngine.InputSystem.UI.PointerModel/ButtonState&,UnityEngine.InputSystem.UI.ExtendedPointerEventData) (at ./Library/PackageCache/com.unity.inputsystem@7a4e1a2a8194/InputSystem/Runtime/Plugins/UI/InputSystemUIInputModule.cs:781)
UnityEngine.InputSystem.UI.InputSystemUIInputModule:ProcessPointer (UnityEngine.InputSystem.UI.PointerModel&) (at ./Library/PackageCache/com.unity.inputsystem@7a4e1a2a8194/InputSystem/Runtime/Plugins/UI/InputSystemUIInputModule.cs:487)
UnityEngine.InputSystem.UI.InputSystemUIInputModule:Process () (at ./Library/PackageCache/com.unity.inputsystem@7a4e1a2a8194/InputSystem/Runtime/Plugins/UI/InputSystemUIInputModule.cs:2405)
UnityEngine.EventSystems.EventSystem:Update () (at ./Library/PackageCache/com.unity.ugui@1c4864518158/Runtime/UGUI/EventSystem/EventSystem.cs:516)

(Filename: Assets/InventoryItem.cs Line: 80)

OnDrag
UnityEngine.Debug:ExtractStackTraceNoAlloc (byte*,int,string)
UnityEngine.StackTraceUtility:ExtractStackTrace ()
UnityEngine.DebugLogHandler:Internal_Log (UnityEngine.LogType,UnityEngine.LogOption,string,UnityEngine.Object)
UnityEngine.DebugLogHandler:LogFormat (UnityEngine.LogType,UnityEngine.Object,string,object[])
UnityEngine.Logger:Log (UnityEngine.LogType,object)
UnityEngine.Debug:Log (object)
InventoryItem:OnDrag (UnityEngine.EventSystems.PointerEventData) (at Assets/InventoryItem.cs:80)
UnityEngine.EventSystems.ExecuteEvents:Execute (UnityEngine.EventSystems.IDragHandler,UnityEngine.EventSystems.BaseEventData) (at ./Library/PackageCache/com.unity.ugui@1c4864518158/Runtime/UGUI/EventSystem/ExecuteEvents.cs:78)
UnityEngine.EventSystems.ExecuteEvents:Execute<UnityEngine.EventSystems.IDragHandler> (UnityEngine.GameObject,UnityEngine.EventSystems.BaseEventData,UnityEngine.EventSystems.ExecuteEvents/EventFunction`1<UnityEngine.EventSystems.IDragHandler>) (at ./Library/PackageCache/com.unity.ugui@1c4864518158/Runtime/UGUI/EventSystem/ExecuteEvents.cs:272)
UnityEngine.InputSystem.UI.InputSystemUIInputModule:ProcessPointerButtonDrag (UnityEngine.InputSystem.UI.PointerModel/ButtonState&,UnityEngine.InputSystem.UI.ExtendedPointerEventData) (at ./Library/PackageCache/com.unity.inputsystem@7a4e1a2a8194/InputSystem/Runtime/Plugins/UI/InputSystemUIInputModule.cs:781)
UnityEngine.InputSystem.UI.InputSystemUIInputModule:ProcessPointer (UnityEngine.InputSystem.UI.PointerModel&) (at ./Library/PackageCache/com.unity.inputsystem@7a4e1a2a8194/InputSystem/Runtime/Plugins/UI/InputSystemUIInputModule.cs:487)
UnityEngine.InputSystem.UI.InputSystemUIInputModule:Process () (at ./Library/PackageCache/com.unity.inputsystem@7a4e1a2a8194/InputSystem/Runtime/Plugins/UI/InputSystemUIInputModule.cs:2405)
UnityEngine.EventSystems.EventSystem:Update () (at ./Library/PackageCache/com.unity.ugui@1c4864518158/Runtime/UGUI/EventSystem/EventSystem.cs:516)

(Filename: Assets/InventoryItem.cs Line: 80)

OnDrag
UnityEngine.Debug:ExtractStackTraceNoAlloc (byte*,int,string)
UnityEngine.StackTraceUtility:ExtractStackTrace ()
UnityEngine.DebugLogHandler:Internal_Log (UnityEngine.LogType,UnityEngine.LogOption,string,UnityEngine.Object)
UnityEngine.DebugLogHandler:LogFormat (UnityEngine.LogType,UnityEngine.Object,string,object[])
UnityEngine.Logger:Log (UnityEngine.LogType,object)
UnityEngine.Debug:Log (object)
InventoryItem:OnDrag (UnityEngine.EventSystems.PointerEventData) (at Assets/InventoryItem.cs:80)
UnityEngine.EventSystems.ExecuteEvents:Execute (UnityEngine.EventSystems.IDragHandler,UnityEngine.EventSystems.BaseEventData) (at ./Library/PackageCache/com.unity.ugui@1c4864518158/Runtime/UGUI/EventSystem/ExecuteEvents.cs:78)
UnityEngine.EventSystems.ExecuteEvents:Execute<UnityEngine.EventSystems.IDragHandler> (UnityEngine.GameObject,UnityEngine.EventSystems.BaseEventData,UnityEngine.EventSystems.ExecuteEvents/EventFunction`1<UnityEngine.EventSystems.IDragHandler>) (at ./Library/PackageCache/com.unity.ugui@1c4864518158/Runtime/UGUI/EventSystem/ExecuteEvents.cs:272)
UnityEngine.InputSystem.UI.InputSystemUIInputModule:ProcessPointerButtonDrag (UnityEngine.InputSystem.UI.PointerModel/ButtonState&,UnityEngine.InputSystem.UI.ExtendedPointerEventData) (at ./Library/PackageCache/com.unity.inputsystem@7a4e1a2a8194/InputSystem/Runtime/Plugins/UI/InputSystemUIInputModule.cs:781)
UnityEngine.InputSystem.UI.InputSystemUIInputModule:ProcessPointer (UnityEngine.InputSystem.UI.PointerModel&) (at ./Library/PackageCache/com.unity.inputsystem@7a4e1a2a8194/InputSystem/Runtime/Plugins/UI/InputSystemUIInputModule.cs:487)
UnityEngine.InputSystem.UI.InputSystemUIInputModule:Process () (at ./Library/PackageCache/com.unity.inputsystem@7a4e1a2a8194/InputSystem/Runtime/Plugins/UI/InputSystemUIInputModule.cs:2405)
UnityEngine.EventSystems.EventSystem:Update () (at ./Library/PackageCache/com.unity.ugui@1c4864518158/Runtime/UGUI/EventSystem/EventSystem.cs:516)

(Filename: Assets/InventoryItem.cs Line: 80)

OnDrag
UnityEngine.Debug:ExtractStackTraceNoAlloc (byte*,int,string)
UnityEngine.StackTraceUtility:ExtractStackTrace ()
UnityEngine.DebugLogHandler:Internal_Log (UnityEngine.LogType,UnityEngine.LogOption,string,UnityEngine.Object)
UnityEngine.DebugLogHandler:LogFormat (UnityEngine.LogType,UnityEngine.Object,string,object[])
UnityEngine.Logger:Log (UnityEngine.LogType,object)
UnityEngine.Debug:Log (object)
InventoryItem:OnDrag (UnityEngine.EventSystems.PointerEventData) (at Assets/InventoryItem.cs:80)
UnityEngine.EventSystems.ExecuteEvents:Execute (UnityEngine.EventSystems.IDragHandler,UnityEngine.EventSystems.BaseEventData) (at ./Library/PackageCache/com.unity.ugui@1c4864518158/Runtime/UGUI/EventSystem/ExecuteEvents.cs:78)
UnityEngine.EventSystems.ExecuteEvents:Execute<UnityEngine.EventSystems.IDragHandler> (UnityEngine.GameObject,UnityEngine.EventSystems.BaseEventData,UnityEngine.EventSystems.ExecuteEvents/EventFunction`1<UnityEngine.EventSystems.IDragHandler>) (at ./Library/PackageCache/com.unity.ugui@1c4864518158/Runtime/UGUI/EventSystem/ExecuteEvents.cs:272)
UnityEngine.InputSystem.UI.InputSystemUIInputModule:ProcessPointerButtonDrag (UnityEngine.InputSystem.UI.PointerModel/ButtonState&,UnityEngine.InputSystem.UI.ExtendedPointerEventData) (at ./Library/PackageCache/com.unity.inputsystem@7a4e1a2a8194/InputSystem/Runtime/Plugins/UI/InputSystemUIInputModule.cs:781)
UnityEngine.InputSystem.UI.InputSystemUIInputModule:ProcessPointer (UnityEngine.InputSystem.UI.PointerModel&) (at ./Library/PackageCache/com.unity.inputsystem@7a4e1a2a8194/InputSystem/Runtime/Plugins/UI/InputSystemUIInputModule.cs:487)
UnityEngine.InputSystem.UI.InputSystemUIInputModule:Process () (at ./Library/PackageCache/com.unity.inputsystem@7a4e1a2a8194/InputSystem/Runtime/Plugins/UI/InputSystemUIInputModule.cs:2405)
UnityEngine.EventSystems.EventSystem:Update () (at ./Library/PackageCache/com.unity.ugui@1c4864518158/Runtime/UGUI/EventSystem/EventSystem.cs:516)

(Filename: Assets/InventoryItem.cs Line: 80)

OnDrag
UnityEngine.Debug:ExtractStackTraceNoAlloc (byte*,int,string)
UnityEngine.StackTraceUtility:ExtractStackTrace ()
UnityEngine.DebugLogHandler:Internal_Log (UnityEngine.LogType,UnityEngine.LogOption,string,UnityEngine.Object)
UnityEngine.DebugLogHandler:LogFormat (UnityEngine.LogType,UnityEngine.Object,string,object[])
UnityEngine.Logger:Log (UnityEngine.LogType,object)
UnityEngine.Debug:Log (object)
InventoryItem:OnDrag (UnityEngine.EventSystems.PointerEventData) (at Assets/InventoryItem.cs:80)
UnityEngine.EventSystems.ExecuteEvents:Execute (UnityEngine.EventSystems.IDragHandler,UnityEngine.EventSystems.BaseEventData) (at ./Library/PackageCache/com.unity.ugui@1c4864518158/Runtime/UGUI/EventSystem/ExecuteEvents.cs:78)
UnityEngine.EventSystems.ExecuteEvents:Execute<UnityEngine.EventSystems.IDragHandler> (UnityEngine.GameObject,UnityEngine.EventSystems.BaseEventData,UnityEngine.EventSystems.ExecuteEvents/EventFunction`1<UnityEngine.EventSystems.IDragHandler>) (at ./Library/PackageCache/com.unity.ugui@1c4864518158/Runtime/UGUI/EventSystem/ExecuteEvents.cs:272)
UnityEngine.InputSystem.UI.InputSystemUIInputModule:ProcessPointerButtonDrag (UnityEngine.InputSystem.UI.PointerModel/ButtonState&,UnityEngine.InputSystem.UI.ExtendedPointerEventData) (at ./Library/PackageCache/com.unity.inputsystem@7a4e1a2a8194/InputSystem/Runtime/Plugins/UI/InputSystemUIInputModule.cs:781)
UnityEngine.InputSystem.UI.InputSystemUIInputModule:ProcessPointer (UnityEngine.InputSystem.UI.PointerModel&) (at ./Library/PackageCache/com.unity.inputsystem@7a4e1a2a8194/InputSystem/Runtime/Plugins/UI/InputSystemUIInputModule.cs:487)
UnityEngine.InputSystem.UI.InputSystemUIInputModule:Process () (at ./Library/PackageCache/com.unity.inputsystem@7a4e1a2a8194/InputSystem/Runtime/Plugins/UI/InputSystemUIInputModule.cs:2405)
UnityEngine.EventSystems.EventSystem:Update () (at ./Library/PackageCache/com.unity.ugui@1c4864518158/Runtime/UGUI/EventSystem/EventSystem.cs:516)

(Filename: Assets/InventoryItem.cs Line: 80)

OnDrag
UnityEngine.Debug:ExtractStackTraceNoAlloc (byte*,int,string)
UnityEngine.StackTraceUtility:ExtractStackTrace ()
UnityEngine.DebugLogHandler:Internal_Log (UnityEngine.LogType,UnityEngine.LogOption,string,UnityEngine.Object)
UnityEngine.DebugLogHandler:LogFormat (UnityEngine.LogType,UnityEngine.Object,string,object[])
UnityEngine.Logger:Log (UnityEngine.LogType,object)
UnityEngine.Debug:Log (object)
InventoryItem:OnDrag (UnityEngine.EventSystems.PointerEventData) (at Assets/InventoryItem.cs:80)
UnityEngine.EventSystems.ExecuteEvents:Execute (UnityEngine.EventSystems.IDragHandler,UnityEngine.EventSystems.BaseEventData) (at ./Library/PackageCache/com.unity.ugui@1c4864518158/Runtime/UGUI/EventSystem/ExecuteEvents.cs:78)
UnityEngine.EventSystems.ExecuteEvents:Execute<UnityEngine.EventSystems.IDragHandler> (UnityEngine.GameObject,UnityEngine.EventSystems.BaseEventData,UnityEngine.EventSystems.ExecuteEvents/EventFunction`1<UnityEngine.EventSystems.IDragHandler>) (at ./Library/PackageCache/com.unity.ugui@1c4864518158/Runtime/UGUI/EventSystem/ExecuteEvents.cs:272)
UnityEngine.InputSystem.UI.InputSystemUIInputModule:ProcessPointerButtonDrag (UnityEngine.InputSystem.UI.PointerModel/ButtonState&,UnityEngine.InputSystem.UI.ExtendedPointerEventData) (at ./Library/PackageCache/com.unity.inputsystem@7a4e1a2a8194/InputSystem/Runtime/Plugins/UI/InputSystemUIInputModule.cs:781)
UnityEngine.InputSystem.UI.InputSystemUIInputModule:ProcessPointer (UnityEngine.InputSystem.UI.PointerModel&) (at ./Library/PackageCache/com.unity.inputsystem@7a4e1a2a8194/InputSystem/Runtime/Plugins/UI/InputSystemUIInputModule.cs:487)
UnityEngine.InputSystem.UI.InputSystemUIInputModule:Process () (at ./Library/PackageCache/com.unity.inputsystem@7a4e1a2a8194/InputSystem/Runtime/Plugins/UI/InputSystemUIInputModule.cs:2405)
UnityEngine.EventSystems.EventSystem:Update () (at ./Library/PackageCache/com.unity.ugui@1c4864518158/Runtime/UGUI/EventSystem/EventSystem.cs:516)

(Filename: Assets/InventoryItem.cs Line: 80)

OnDrag
UnityEngine.Debug:ExtractStackTraceNoAlloc (byte*,int,string)
UnityEngine.StackTraceUtility:ExtractStackTrace ()
UnityEngine.DebugLogHandler:Internal_Log (UnityEngine.LogType,UnityEngine.LogOption,string,UnityEngine.Object)
UnityEngine.DebugLogHandler:LogFormat (UnityEngine.LogType,UnityEngine.Object,string,object[])
UnityEngine.Logger:Log (UnityEngine.LogType,object)
UnityEngine.Debug:Log (object)
InventoryItem:OnDrag (UnityEngine.EventSystems.PointerEventData) (at Assets/InventoryItem.cs:80)
UnityEngine.EventSystems.ExecuteEvents:Execute (UnityEngine.EventSystems.IDragHandler,UnityEngine.EventSystems.BaseEventData) (at ./Library/PackageCache/com.unity.ugui@1c4864518158/Runtime/UGUI/EventSystem/ExecuteEvents.cs:78)
UnityEngine.EventSystems.ExecuteEvents:Execute<UnityEngine.EventSystems.IDragHandler> (UnityEngine.GameObject,UnityEngine.EventSystems.BaseEventData,UnityEngine.EventSystems.ExecuteEvents/EventFunction`1<UnityEngine.EventSystems.IDragHandler>) (at ./Library/PackageCache/com.unity.ugui@1c4864518158/Runtime/UGUI/EventSystem/ExecuteEvents.cs:272)
UnityEngine.InputSystem.UI.InputSystemUIInputModule:ProcessPointerButtonDrag (UnityEngine.InputSystem.UI.PointerModel/ButtonState&,UnityEngine.InputSystem.UI.ExtendedPointerEventData) (at ./Library/PackageCache/com.unity.inputsystem@7a4e1a2a8194/InputSystem/Runtime/Plugins/UI/InputSystemUIInputModule.cs:781)
UnityEngine.InputSystem.UI.InputSystemUIInputModule:ProcessPointer (UnityEngine.InputSystem.UI.PointerModel&) (at ./Library/PackageCache/com.unity.inputsystem@7a4e1a2a8194/InputSystem/Runtime/Plugins/UI/InputSystemUIInputModule.cs:487)
UnityEngine.InputSystem.UI.InputSystemUIInputModule:Process () (at ./Library/PackageCache/com.unity.inputsystem@7a4e1a2a8194/InputSystem/Runtime/Plugins/UI/InputSystemUIInputModule.cs:2405)
UnityEngine.EventSystems.EventSystem:Update () (at ./Library/PackageCache/com.unity.ugui@1c4864518158/Runtime/UGUI/EventSystem/EventSystem.cs:516)

(Filename: Assets/InventoryItem.cs Line: 80)

OnDrag
UnityEngine.Debug:ExtractStackTraceNoAlloc (byte*,int,string)
UnityEngine.StackTraceUtility:ExtractStackTrace ()
UnityEngine.DebugLogHandler:Internal_Log (UnityEngine.LogType,UnityEngine.LogOption,string,UnityEngine.Object)
UnityEngine.DebugLogHandler:LogFormat (UnityEngine.LogType,UnityEngine.Object,string,object[])
UnityEngine.Logger:Log (UnityEngine.LogType,object)
UnityEngine.Debug:Log (object)
InventoryItem:OnDrag (UnityEngine.EventSystems.PointerEventData) (at Assets/InventoryItem.cs:80)
UnityEngine.EventSystems.ExecuteEvents:Execute (UnityEngine.EventSystems.IDragHandler,UnityEngine.EventSystems.BaseEventData) (at ./Library/PackageCache/com.unity.ugui@1c4864518158/Runtime/UGUI/EventSystem/ExecuteEvents.cs:78)
UnityEngine.EventSystems.ExecuteEvents:Execute<UnityEngine.EventSystems.IDragHandler> (UnityEngine.GameObject,UnityEngine.EventSystems.BaseEventData,UnityEngine.EventSystems.ExecuteEvents/EventFunction`1<UnityEngine.EventSystems.IDragHandler>) (at ./Library/PackageCache/com.unity.ugui@1c4864518158/Runtime/UGUI/EventSystem/ExecuteEvents.cs:272)
UnityEngine.InputSystem.UI.InputSystemUIInputModule:ProcessPointerButtonDrag (UnityEngine.InputSystem.UI.PointerModel/ButtonState&,UnityEngine.InputSystem.UI.ExtendedPointerEventData) (at ./Library/PackageCache/com.unity.inputsystem@7a4e1a2a8194/InputSystem/Runtime/Plugins/UI/InputSystemUIInputModule.cs:781)
UnityEngine.InputSystem.UI.InputSystemUIInputModule:ProcessPointer (UnityEngine.InputSystem.UI.PointerModel&) (at ./Library/PackageCache/com.unity.inputsystem@7a4e1a2a8194/InputSystem/Runtime/Plugins/UI/InputSystemUIInputModule.cs:487)
UnityEngine.InputSystem.UI.InputSystemUIInputModule:Process () (at ./Library/PackageCache/com.unity.inputsystem@7a4e1a2a8194/InputSystem/Runtime/Plugins/UI/InputSystemUIInputModule.cs:2405)
UnityEngine.EventSystems.EventSystem:Update () (at ./Library/PackageCache/com.unity.ugui@1c4864518158/Runtime/UGUI/EventSystem/EventSystem.cs:516)

(Filename: Assets/InventoryItem.cs Line: 80)

OnDrop
UnityEngine.Debug:ExtractStackTraceNoAlloc (byte*,int,string)
UnityEngine.StackTraceUtility:ExtractStackTrace ()
UnityEngine.DebugLogHandler:Internal_Log (UnityEngine.LogType,UnityEngine.LogOption,string,UnityEngine.Object)
UnityEngine.DebugLogHandler:LogFormat (UnityEngine.LogType,UnityEngine.Object,string,object[])
UnityEngine.Logger:Log (UnityEngine.LogType,object)
UnityEngine.Debug:Log (object)
InventoryItem:OnDrop (UnityEngine.EventSystems.PointerEventData) (at Assets/InventoryItem.cs:85)
UnityEngine.EventSystems.ExecuteEvents:Execute (UnityEngine.EventSystems.IDropHandler,UnityEngine.EventSystems.BaseEventData) (at ./Library/PackageCache/com.unity.ugui@1c4864518158/Runtime/UGUI/EventSystem/ExecuteEvents.cs:92)
UnityEngine.EventSystems.ExecuteEvents:Execute<UnityEngine.EventSystems.IDropHandler> (UnityEngine.GameObject,UnityEngine.EventSystems.BaseEventData,UnityEngine.EventSystems.ExecuteEvents/EventFunction`1<UnityEngine.EventSystems.IDropHandler>) (at ./Library/PackageCache/com.unity.ugui@1c4864518158/Runtime/UGUI/EventSystem/ExecuteEvents.cs:272)
UnityEngine.EventSystems.ExecuteEvents:ExecuteHierarchy<UnityEngine.EventSystems.IDropHandler> (UnityEngine.GameObject,UnityEngine.EventSystems.BaseEventData,UnityEngine.EventSystems.ExecuteEvents/EventFunction`1<UnityEngine.EventSystems.IDropHandler>) (at ./Library/PackageCache/com.unity.ugui@1c4864518158/Runtime/UGUI/EventSystem/ExecuteEvents.cs:298)
UnityEngine.InputSystem.UI.InputSystemUIInputModule:ProcessPointerButton (UnityEngine.InputSystem.UI.PointerModel/ButtonState&,UnityEngine.EventSystems.PointerEventData) (at ./Library/PackageCache/com.unity.inputsystem@7a4e1a2a8194/InputSystem/Runtime/Plugins/UI/InputSystemUIInputModule.cs:730)
UnityEngine.InputSystem.UI.InputSystemUIInputModule:ProcessPointer (UnityEngine.InputSystem.UI.PointerModel&) (at ./Library/PackageCache/com.unity.inputsystem@7a4e1a2a8194/InputSystem/Runtime/Plugins/UI/InputSystemUIInputModule.cs:486)
UnityEngine.InputSystem.UI.InputSystemUIInputModule:Process () (at ./Library/PackageCache/com.unity.inputsystem@7a4e1a2a8194/InputSystem/Runtime/Plugins/UI/InputSystemUIInputModule.cs:2405)
UnityEngine.EventSystems.EventSystem:Update () (at ./Library/PackageCache/com.unity.ugui@1c4864518158/Runtime/UGUI/EventSystem/EventSystem.cs:516)

(Filename: Assets/InventoryItem.cs Line: 85)

Дроп успешно!
UnityEngine.Debug:ExtractStackTraceNoAlloc (byte*,int,string)
UnityEngine.StackTraceUtility:ExtractStackTrace ()
UnityEngine.DebugLogHandler:Internal_Log (UnityEngine.LogType,UnityEngine.LogOption,string,UnityEngine.Object)
UnityEngine.DebugLogHandler:LogFormat (UnityEngine.LogType,UnityEngine.Object,string,object[])
UnityEngine.Logger:Log (UnityEngine.LogType,object)
UnityEngine.Debug:Log (object)
DropManager:Drop (UnityEngine.Vector2) (at Assets/DropManager.cs:39)
InventoryItem:OnEndDrag (UnityEngine.EventSystems.PointerEventData) (at Assets/InventoryItem.cs:50)
UnityEngine.EventSystems.ExecuteEvents:Execute (UnityEngine.EventSystems.IEndDragHandler,UnityEngine.EventSystems.BaseEventData) (at ./Library/PackageCache/com.unity.ugui@1c4864518158/Runtime/UGUI/EventSystem/ExecuteEvents.cs:85)
UnityEngine.EventSystems.ExecuteEvents:Execute<UnityEngine.EventSystems.IEndDragHandler> (UnityEngine.GameObject,UnityEngine.EventSystems.BaseEventData,UnityEngine.EventSystems.ExecuteEvents/EventFunction`1<UnityEngine.EventSystems.IEndDragHandler>) (at ./Library/PackageCache/com.unity.ugui@1c4864518158/Runtime/UGUI/EventSystem/ExecuteEvents.cs:272)
UnityEngine.InputSystem.UI.InputSystemUIInputModule:ProcessPointerButton (UnityEngine.InputSystem.UI.PointerModel/ButtonState&,UnityEngine.EventSystems.PointerEventData) (at ./Library/PackageCache/com.unity.inputsystem@7a4e1a2a8194/InputSystem/Runtime/Plugins/UI/InputSystemUIInputModule.cs:737)
UnityEngine.InputSystem.UI.InputSystemUIInputModule:ProcessPointer (UnityEngine.InputSystem.UI.PointerModel&) (at ./Library/PackageCache/com.unity.inputsystem@7a4e1a2a8194/InputSystem/Runtime/Plugins/UI/InputSystemUIInputModule.cs:486)
UnityEngine.InputSystem.UI.InputSystemUIInputModule:Process () (at ./Library/PackageCache/com.unity.inputsystem@7a4e1a2a8194/InputSystem/Runtime/Plugins/UI/InputSystemUIInputModule.cs:2405)
UnityEngine.EventSystems.EventSystem:Update () (at ./Library/PackageCache/com.unity.ugui@1c4864518158/Runtime/UGUI/EventSystem/EventSystem.cs:516)

(Filename: Assets/DropManager.cs Line: 39)

Wax: drop action initiated
UnityEngine.Debug:ExtractStackTraceNoAlloc (byte*,int,string)
UnityEngine.StackTraceUtility:ExtractStackTrace ()
UnityEngine.DebugLogHandler:Internal_Log (UnityEngine.LogType,UnityEngine.LogOption,string,UnityEngine.Object)
UnityEngine.DebugLogHandler:LogFormat (UnityEngine.LogType,UnityEngine.Object,string,object[])
UnityEngine.Logger:Log (UnityEngine.LogType,object)
UnityEngine.Debug:Log (object)
Wax:Activate () (at Assets/Wax.cs:7)
DropManager:Drop (UnityEngine.Vector2) (at Assets/DropManager.cs:43)
InventoryItem:OnEndDrag (UnityEngine.EventSystems.PointerEventData) (at Assets/InventoryItem.cs:50)
UnityEngine.EventSystems.ExecuteEvents:Execute (UnityEngine.EventSystems.IEndDragHandler,UnityEngine.EventSystems.BaseEventData) (at ./Library/PackageCache/com.unity.ugui@1c4864518158/Runtime/UGUI/EventSystem/ExecuteEvents.cs:85)
UnityEngine.EventSystems.ExecuteEvents:Execute<UnityEngine.EventSystems.IEndDragHandler> (UnityEngine.GameObject,UnityEngine.EventSystems.BaseEventData,UnityEngine.EventSystems.ExecuteEvents/EventFunction`1<UnityEngine.EventSystems.IEndDragHandler>) (at ./Library/PackageCache/com.unity.ugui@1c4864518158/Runtime/UGUI/EventSystem/ExecuteEvents.cs:272)
UnityEngine.InputSystem.UI.InputSystemUIInputModule:ProcessPointerButton (UnityEngine.InputSystem.UI.PointerModel/ButtonState&,UnityEngine.EventSystems.PointerEventData) (at ./Library/PackageCache/com.unity.inputsystem@7a4e1a2a8194/InputSystem/Runtime/Plugins/UI/InputSystemUIInputModule.cs:737)
UnityEngine.InputSystem.UI.InputSystemUIInputModule:ProcessPointer (UnityEngine.InputSystem.UI.PointerModel&) (at ./Library/PackageCache/com.unity.inputsystem@7a4e1a2a8194/InputSystem/Runtime/Plugins/UI/InputSystemUIInputModule.cs:486)
UnityEngine.InputSystem.UI.InputSystemUIInputModule:Process () (at ./Library/PackageCache/com.unity.inputsystem@7a4e1a2a8194/InputSystem/Runtime/Plugins/UI/InputSystemUIInputModule.cs:2405)
UnityEngine.EventSystems.EventSystem:Update () (at ./Library/PackageCache/com.unity.ugui@1c4864518158/Runtime/UGUI/EventSystem/EventSystem.cs:516)

(Filename: Assets/Wax.cs Line: 7)

OnEndDrag
UnityEngine.Debug:ExtractStackTraceNoAlloc (byte*,int,string)
UnityEngine.StackTraceUtility:ExtractStackTrace ()
UnityEngine.DebugLogHandler:Internal_Log (UnityEngine.LogType,UnityEngine.LogOption,string,UnityEngine.Object)
UnityEngine.DebugLogHandler:LogFormat (UnityEngine.LogType,UnityEngine.Object,string,object[])
UnityEngine.Logger:Log (UnityEngine.LogType,object)
UnityEngine.Debug:Log (object)
InventoryItem:OnEndDrag (UnityEngine.EventSystems.PointerEventData) (at Assets/InventoryItem.cs:53)
UnityEngine.EventSystems.ExecuteEvents:Execute (UnityEngine.EventSystems.IEndDragHandler,UnityEngine.EventSystems.BaseEventData) (at ./Library/PackageCache/com.unity.ugui@1c4864518158/Runtime/UGUI/EventSystem/ExecuteEvents.cs:85)
UnityEngine.EventSystems.ExecuteEvents:Execute<UnityEngine.EventSystems.IEndDragHandler> (UnityEngine.GameObject,UnityEngine.EventSystems.BaseEventData,UnityEngine.EventSystems.ExecuteEvents/EventFunction`1<UnityEngine.EventSystems.IEndDragHandler>) (at ./Library/PackageCache/com.unity.ugui@1c4864518158/Runtime/UGUI/EventSystem/ExecuteEvents.cs:272)
UnityEngine.InputSystem.UI.InputSystemUIInputModule:ProcessPointerButton (UnityEngine.InputSystem.UI.PointerModel/ButtonState&,UnityEngine.EventSystems.PointerEventData) (at ./Library/PackageCache/com.unity.inputsystem@7a4e1a2a8194/InputSystem/Runtime/Plugins/UI/InputSystemUIInputModule.cs:737)
UnityEngine.InputSystem.UI.InputSystemUIInputModule:ProcessPointer (UnityEngine.InputSystem.UI.PointerModel&) (at ./Library/PackageCache/com.unity.inputsystem@7a4e1a2a8194/InputSystem/Runtime/Plugins/UI/InputSystemUIInputModule.cs:486)
UnityEngine.InputSystem.UI.InputSystemUIInputModule:Process () (at ./Library/PackageCache/com.unity.inputsystem@7a4e1a2a8194/InputSystem/Runtime/Plugins/UI/InputSystemUIInputModule.cs:2405)
UnityEngine.EventSystems.EventSystem:Update () (at ./Library/PackageCache/com.unity.ugui@1c4864518158/Runtime/UGUI/EventSystem/EventSystem.cs:516)

(Filename: Assets/InventoryItem.cs Line: 53)

OnBeginDrag
UnityEngine.Debug:ExtractStackTraceNoAlloc (byte*,int,string)
UnityEngine.StackTraceUtility:ExtractStackTrace ()
UnityEngine.DebugLogHandler:Internal_Log (UnityEngine.LogType,UnityEngine.LogOption,string,UnityEngine.Object)
UnityEngine.DebugLogHandler:LogFormat (UnityEngine.LogType,UnityEngine.Object,string,object[])
UnityEngine.Logger:Log (UnityEngine.LogType,object)
UnityEngine.Debug:Log (object)
InventoryItem:OnBeginDrag (UnityEngine.EventSystems.PointerEventData) (at Assets/InventoryItem.cs:30)
UnityEngine.EventSystems.ExecuteEvents:Execute (UnityEngine.EventSystems.IBeginDragHandler,UnityEngine.EventSystems.BaseEventData) (at ./Library/PackageCache/com.unity.ugui@1c4864518158/Runtime/UGUI/EventSystem/ExecuteEvents.cs:71)
UnityEngine.EventSystems.ExecuteEvents:Execute<UnityEngine.EventSystems.IBeginDragHandler> (UnityEngine.GameObject,UnityEngine.EventSystems.BaseEventData,UnityEngine.EventSystems.ExecuteEvents/EventFunction`1<UnityEngine.EventSystems.IBeginDragHandler>) (at ./Library/PackageCache/com.unity.ugui@1c4864518158/Runtime/UGUI/EventSystem/ExecuteEvents.cs:272)
UnityEngine.InputSystem.UI.InputSystemUIInputModule:ProcessPointerButtonDrag (UnityEngine.InputSystem.UI.PointerModel/ButtonState&,UnityEngine.InputSystem.UI.ExtendedPointerEventData) (at ./Library/PackageCache/com.unity.inputsystem@7a4e1a2a8194/InputSystem/Runtime/Plugins/UI/InputSystemUIInputModule.cs:764)
UnityEngine.InputSystem.UI.InputSystemUIInputModule:ProcessPointer (UnityEngine.InputSystem.UI.PointerModel&) (at ./Library/PackageCache/com.unity.inputsystem@7a4e1a2a8194/InputSystem/Runtime/Plugins/UI/InputSystemUIInputModule.cs:487)
UnityEngine.InputSystem.UI.InputSystemUIInputModule:Process () (at ./Library/PackageCache/com.unity.inputsystem@7a4e1a2a8194/InputSystem/Runtime/Plugins/UI/InputSystemUIInputModule.cs:2405)
UnityEngine.EventSystems.EventSystem:Update () (at ./Library/PackageCache/com.unity.ugui@1c4864518158/Runtime/UGUI/EventSystem/EventSystem.cs:516)

(Filename: Assets/InventoryItem.cs Line: 30)

OnDrag
UnityEngine.Debug:ExtractStackTraceNoAlloc (byte*,int,string)
UnityEngine.StackTraceUtility:ExtractStackTrace ()
UnityEngine.DebugLogHandler:Internal_Log (UnityEngine.LogType,UnityEngine.LogOption,string,UnityEngine.Object)
UnityEngine.DebugLogHandler:LogFormat (UnityEngine.LogType,UnityEngine.Object,string,object[])
UnityEngine.Logger:Log (UnityEngine.LogType,object)
UnityEngine.Debug:Log (object)
InventoryItem:OnDrag (UnityEngine.EventSystems.PointerEventData) (at Assets/InventoryItem.cs:80)
UnityEngine.EventSystems.ExecuteEvents:Execute (UnityEngine.EventSystems.IDragHandler,UnityEngine.EventSystems.BaseEventData) (at ./Library/PackageCache/com.unity.ugui@1c4864518158/Runtime/UGUI/EventSystem/ExecuteEvents.cs:78)
UnityEngine.EventSystems.ExecuteEvents:Execute<UnityEngine.EventSystems.IDragHandler> (UnityEngine.GameObject,UnityEngine.EventSystems.BaseEventData,UnityEngine.EventSystems.ExecuteEvents/EventFunction`1<UnityEngine.EventSystems.IDragHandler>) (at ./Library/PackageCache/com.unity.ugui@1c4864518158/Runtime/UGUI/EventSystem/ExecuteEvents.cs:272)
UnityEngine.InputSystem.UI.InputSystemUIInputModule:ProcessPointerButtonDrag (UnityEngine.InputSystem.UI.PointerModel/ButtonState&,UnityEngine.InputSystem.UI.ExtendedPointerEventData) (at ./Library/PackageCache/com.unity.inputsystem@7a4e1a2a8194/InputSystem/Runtime/Plugins/UI/InputSystemUIInputModule.cs:781)
UnityEngine.InputSystem.UI.InputSystemUIInputModule:ProcessPointer (UnityEngine.InputSystem.UI.PointerModel&) (at ./Library/PackageCache/com.unity.inputsystem@7a4e1a2a8194/InputSystem/Runtime/Plugins/UI/InputSystemUIInputModule.cs:487)
UnityEngine.InputSystem.UI.InputSystemUIInputModule:Process () (at ./Library/PackageCache/com.unity.inputsystem@7a4e1a2a8194/InputSystem/Runtime/Plugins/UI/InputSystemUIInputModule.cs:2405)
UnityEngine.EventSystems.EventSystem:Update () (at ./Library/PackageCache/com.unity.ugui@1c4864518158/Runtime/UGUI/EventSystem/EventSystem.cs:516)

(Filename: Assets/InventoryItem.cs Line: 80)

OnDrag
UnityEngine.Debug:ExtractStackTraceNoAlloc (byte*,int,string)
UnityEngine.StackTraceUtility:ExtractStackTrace ()
UnityEngine.DebugLogHandler:Internal_Log (UnityEngine.LogType,UnityEngine.LogOption,string,UnityEngine.Object)
UnityEngine.DebugLogHandler:LogFormat (UnityEngine.LogType,UnityEngine.Object,string,object[])
UnityEngine.Logger:Log (UnityEngine.LogType,object)
UnityEngine.Debug:Log (object)
InventoryItem:OnDrag (UnityEngine.EventSystems.PointerEventData) (at Assets/InventoryItem.cs:80)
UnityEngine.EventSystems.ExecuteEvents:Execute (UnityEngine.EventSystems.IDragHandler,UnityEngine.EventSystems.BaseEventData) (at ./Library/PackageCache/com.unity.ugui@1c4864518158/Runtime/UGUI/EventSystem/ExecuteEvents.cs:78)
UnityEngine.EventSystems.ExecuteEvents:Execute<UnityEngine.EventSystems.IDragHandler> (UnityEngine.GameObject,UnityEngine.EventSystems.BaseEventData,UnityEngine.EventSystems.ExecuteEvents/EventFunction`1<UnityEngine.EventSystems.IDragHandler>) (at ./Library/PackageCache/com.unity.ugui@1c4864518158/Runtime/UGUI/EventSystem/ExecuteEvents.cs:272)
UnityEngine.InputSystem.UI.InputSystemUIInputModule:ProcessPointerButtonDrag (UnityEngine.InputSystem.UI.PointerModel/ButtonState&,UnityEngine.InputSystem.UI.ExtendedPointerEventData) (at ./Library/PackageCache/com.unity.inputsystem@7a4e1a2a8194/InputSystem/Runtime/Plugins/UI/InputSystemUIInputModule.cs:781)
UnityEngine.InputSystem.UI.InputSystemUIInputModule:ProcessPointer (UnityEngine.InputSystem.UI.PointerModel&) (at ./Library/PackageCache/com.unity.inputsystem@7a4e1a2a8194/InputSystem/Runtime/Plugins/UI/InputSystemUIInputModule.cs:487)
UnityEngine.InputSystem.UI.InputSystemUIInputModule:Process () (at ./Library/PackageCache/com.unity.inputsystem@7a4e1a2a8194/InputSystem/Runtime/Plugins/UI/InputSystemUIInputModule.cs:2405)
UnityEngine.EventSystems.EventSystem:Update () (at ./Library/PackageCache/com.unity.ugui@1c4864518158/Runtime/UGUI/EventSystem/EventSystem.cs:516)

(Filename: Assets/InventoryItem.cs Line: 80)

OnDrag
UnityEngine.Debug:ExtractStackTraceNoAlloc (byte*,int,string)
UnityEngine.StackTraceUtility:ExtractStackTrace ()
UnityEngine.DebugLogHandler:Internal_Log (UnityEngine.LogType,UnityEngine.LogOption,string,UnityEngine.Object)
UnityEngine.DebugLogHandler:LogFormat (UnityEngine.LogType,UnityEngine.Object,string,object[])
UnityEngine.Logger:Log (UnityEngine.LogType,object)
UnityEngine.Debug:Log (object)
InventoryItem:OnDrag (UnityEngine.EventSystems.PointerEventData) (at Assets/InventoryItem.cs:80)
UnityEngine.EventSystems.ExecuteEvents:Execute (UnityEngine.EventSystems.IDragHandler,UnityEngine.EventSystems.BaseEventData) (at ./Library/PackageCache/com.unity.ugui@1c4864518158/Runtime/UGUI/EventSystem/ExecuteEvents.cs:78)
UnityEngine.EventSystems.ExecuteEvents:Execute<UnityEngine.EventSystems.IDragHandler> (UnityEngine.GameObject,UnityEngine.EventSystems.BaseEventData,UnityEngine.EventSystems.ExecuteEvents/EventFunction`1<UnityEngine.EventSystems.IDragHandler>) (at ./Library/PackageCache/com.unity.ugui@1c4864518158/Runtime/UGUI/EventSystem/ExecuteEvents.cs:272)
UnityEngine.InputSystem.UI.InputSystemUIInputModule:ProcessPointerButtonDrag (UnityEngine.InputSystem.UI.PointerModel/ButtonState&,UnityEngine.InputSystem.UI.ExtendedPointerEventData) (at ./Library/PackageCache/com.unity.inputsystem@7a4e1a2a8194/InputSystem/Runtime/Plugins/UI/InputSystemUIInputModule.cs:781)
UnityEngine.InputSystem.UI.InputSystemUIInputModule:ProcessPointer (UnityEngine.InputSystem.UI.PointerModel&) (at ./Library/PackageCache/com.unity.inputsystem@7a4e1a2a8194/InputSystem/Runtime/Plugins/UI/InputSystemUIInputModule.cs:487)
UnityEngine.InputSystem.UI.InputSystemUIInputModule:Process () (at ./Library/PackageCache/com.unity.inputsystem@7a4e1a2a8194/InputSystem/Runtime/Plugins/UI/InputSystemUIInputModule.cs:2405)
UnityEngine.EventSystems.EventSystem:Update () (at ./Library/PackageCache/com.unity.ugui@1c4864518158/Runtime/UGUI/EventSystem/EventSystem.cs:516)

(Filename: Assets/InventoryItem.cs Line: 80)

OnDrag
UnityEngine.Debug:ExtractStackTraceNoAlloc (byte*,int,string)
UnityEngine.StackTraceUtility:ExtractStackTrace ()
UnityEngine.DebugLogHandler:Internal_Log (UnityEngine.LogType,UnityEngine.LogOption,string,UnityEngine.Object)
UnityEngine.DebugLogHandler:LogFormat (UnityEngine.LogType,UnityEngine.Object,string,object[])
UnityEngine.Logger:Log (UnityEngine.LogType,object)
UnityEngine.Debug:Log (object)
InventoryItem:OnDrag (UnityEngine.EventSystems.PointerEventData) (at Assets/InventoryItem.cs:80)
UnityEngine.EventSystems.ExecuteEvents:Execute (UnityEngine.EventSystems.IDragHandler,UnityEngine.EventSystems.BaseEventData) (at ./Library/PackageCache/com.unity.ugui@1c4864518158/Runtime/UGUI/EventSystem/ExecuteEvents.cs:78)
UnityEngine.EventSystems.ExecuteEvents:Execute<UnityEngine.EventSystems.IDragHandler> (UnityEngine.GameObject,UnityEngine.EventSystems.BaseEventData,UnityEngine.EventSystems.ExecuteEvents/EventFunction`1<UnityEngine.EventSystems.IDragHandler>) (at ./Library/PackageCache/com.unity.ugui@1c4864518158/Runtime/UGUI/EventSystem/ExecuteEvents.cs:272)
UnityEngine.InputSystem.UI.InputSystemUIInputModule:ProcessPointerButtonDrag (UnityEngine.InputSystem.UI.PointerModel/ButtonState&,UnityEngine.InputSystem.UI.ExtendedPointerEventData) (at ./Library/PackageCache/com.unity.inputsystem@7a4e1a2a8194/InputSystem/Runtime/Plugins/UI/InputSystemUIInputModule.cs:781)
UnityEngine.InputSystem.UI.InputSystemUIInputModule:ProcessPointer (UnityEngine.InputSystem.UI.PointerModel&) (at ./Library/PackageCache/com.unity.inputsystem@7a4e1a2a8194/InputSystem/Runtime/Plugins/UI/InputSystemUIInputModule.cs:487)
UnityEngine.InputSystem.UI.InputSystemUIInputModule:Process () (at ./Library/PackageCache/com.unity.inputsystem@7a4e1a2a8194/InputSystem/Runtime/Plugins/UI/InputSystemUIInputModule.cs:2405)
UnityEngine.EventSystems.EventSystem:Update () (at ./Library/PackageCache/com.unity.ugui@1c4864518158/Runtime/UGUI/EventSystem/EventSystem.cs:516)

(Filename: Assets/InventoryItem.cs Line: 80)

OnDrag
UnityEngine.Debug:ExtractStackTraceNoAlloc (byte*,int,string)
UnityEngine.StackTraceUtility:ExtractStackTrace ()
UnityEngine.DebugLogHandler:Internal_Log (UnityEngine.LogType,UnityEngine.LogOption,string,UnityEngine.Object)
UnityEngine.DebugLogHandler:LogFormat (UnityEngine.LogType,UnityEngine.Object,string,object[])
UnityEngine.Logger:Log (UnityEngine.LogType,object)
UnityEngine.Debug:Log (object)
InventoryItem:OnDrag (UnityEngine.EventSystems.PointerEventData) (at Assets/InventoryItem.cs:80)
UnityEngine.EventSystems.ExecuteEvents:Execute (UnityEngine.EventSystems.IDragHandler,UnityEngine.EventSystems.BaseEventData) (at ./Library/PackageCache/com.unity.ugui@1c4864518158/Runtime/UGUI/EventSystem/ExecuteEvents.cs:78)
UnityEngine.EventSystems.ExecuteEvents:Execute<UnityEngine.EventSystems.IDragHandler> (UnityEngine.GameObject,UnityEngine.EventSystems.BaseEventData,UnityEngine.EventSystems.ExecuteEvents/EventFunction`1<UnityEngine.EventSystems.IDragHandler>) (at ./Library/PackageCache/com.unity.ugui@1c4864518158/Runtime/UGUI/EventSystem/ExecuteEvents.cs:272)
UnityEngine.InputSystem.UI.InputSystemUIInputModule:ProcessPointerButtonDrag (UnityEngine.InputSystem.UI.PointerModel/ButtonState&,UnityEngine.InputSystem.UI.ExtendedPointerEventData) (at ./Library/PackageCache/com.unity.inputsystem@7a4e1a2a8194/InputSystem/Runtime/Plugins/UI/InputSystemUIInputModule.cs:781)
UnityEngine.InputSystem.UI.InputSystemUIInputModule:ProcessPointer (UnityEngine.InputSystem.UI.PointerModel&) (at ./Library/PackageCache/com.unity.inputsystem@7a4e1a2a8194/InputSystem/Runtime/Plugins/UI/InputSystemUIInputModule.cs:487)
UnityEngine.InputSystem.UI.InputSystemUIInputModule:Process () (at ./Library/PackageCache/com.unity.inputsystem@7a4e1a2a8194/InputSystem/Runtime/Plugins/UI/InputSystemUIInputModule.cs:2405)
UnityEngine.EventSystems.EventSystem:Update () (at ./Library/PackageCache/com.unity.ugui@1c4864518158/Runtime/UGUI/EventSystem/EventSystem.cs:516)

(Filename: Assets/InventoryItem.cs Line: 80)

OnDrag
UnityEngine.Debug:ExtractStackTraceNoAlloc (byte*,int,string)
UnityEngine.StackTraceUtility:ExtractStackTrace ()
UnityEngine.DebugLogHandler:Internal_Log (UnityEngine.LogType,UnityEngine.LogOption,string,UnityEngine.Object)
UnityEngine.DebugLogHandler:LogFormat (UnityEngine.LogType,UnityEngine.Object,string,object[])
UnityEngine.Logger:Log (UnityEngine.LogType,object)
UnityEngine.Debug:Log (object)
InventoryItem:OnDrag (UnityEngine.EventSystems.PointerEventData) (at Assets/InventoryItem.cs:80)
UnityEngine.EventSystems.ExecuteEvents:Execute (UnityEngine.EventSystems.IDragHandler,UnityEngine.EventSystems.BaseEventData) (at ./Library/PackageCache/com.unity.ugui@1c4864518158/Runtime/UGUI/EventSystem/ExecuteEvents.cs:78)
UnityEngine.EventSystems.ExecuteEvents:Execute<UnityEngine.EventSystems.IDragHandler> (UnityEngine.GameObject,UnityEngine.EventSystems.BaseEventData,UnityEngine.EventSystems.ExecuteEvents/EventFunction`1<UnityEngine.EventSystems.IDragHandler>) (at ./Library/PackageCache/com.unity.ugui@1c4864518158/Runtime/UGUI/EventSystem/ExecuteEvents.cs:272)
UnityEngine.InputSystem.UI.InputSystemUIInputModule:ProcessPointerButtonDrag (UnityEngine.InputSystem.UI.PointerModel/ButtonState&,UnityEngine.InputSystem.UI.ExtendedPointerEventData) (at ./Library/PackageCache/com.unity.inputsystem@7a4e1a2a8194/InputSystem/Runtime/Plugins/UI/InputSystemUIInputModule.cs:781)
UnityEngine.InputSystem.UI.InputSystemUIInputModule:ProcessPointer (UnityEngine.InputSystem.UI.PointerModel&) (at ./Library/PackageCache/com.unity.inputsystem@7a4e1a2a8194/InputSystem/Runtime/Plugins/UI/InputSystemUIInputModule.cs:487)
UnityEngine.InputSystem.UI.InputSystemUIInputModule:Process () (at ./Library/PackageCache/com.unity.inputsystem@7a4e1a2a8194/InputSystem/Runtime/Plugins/UI/InputSystemUIInputModule.cs:2405)
UnityEngine.EventSystems.EventSystem:Update () (at ./Library/PackageCache/com.unity.ugui@1c4864518158/Runtime/UGUI/EventSystem/EventSystem.cs:516)

(Filename: Assets/InventoryItem.cs Line: 80)

OnDrag
UnityEngine.Debug:ExtractStackTraceNoAlloc (byte*,int,string)
UnityEngine.StackTraceUtility:ExtractStackTrace ()
UnityEngine.DebugLogHandler:Internal_Log (UnityEngine.LogType,UnityEngine.LogOption,string,UnityEngine.Object)
UnityEngine.DebugLogHandler:LogFormat (UnityEngine.LogType,UnityEngine.Object,string,object[])
UnityEngine.Logger:Log (UnityEngine.LogType,object)
UnityEngine.Debug:Log (object)
InventoryItem:OnDrag (UnityEngine.EventSystems.PointerEventData) (at Assets/InventoryItem.cs:80)
UnityEngine.EventSystems.ExecuteEvents:Execute (UnityEngine.EventSystems.IDragHandler,UnityEngine.EventSystems.BaseEventData) (at ./Library/PackageCache/com.unity.ugui@1c4864518158/Runtime/UGUI/EventSystem/ExecuteEvents.cs:78)
UnityEngine.EventSystems.ExecuteEvents:Execute<UnityEngine.EventSystems.IDragHandler> (UnityEngine.GameObject,UnityEngine.EventSystems.BaseEventData,UnityEngine.EventSystems.ExecuteEvents/EventFunction`1<UnityEngine.EventSystems.IDragHandler>) (at ./Library/PackageCache/com.unity.ugui@1c4864518158/Runtime/UGUI/EventSystem/ExecuteEvents.cs:272)
UnityEngine.InputSystem.UI.InputSystemUIInputModule:ProcessPointerButtonDrag (UnityEngine.InputSystem.UI.PointerModel/ButtonState&,UnityEngine.InputSystem.UI.ExtendedPointerEventData) (at ./Library/PackageCache/com.unity.inputsystem@7a4e1a2a8194/InputSystem/Runtime/Plugins/UI/InputSystemUIInputModule.cs:781)
UnityEngine.InputSystem.UI.InputSystemUIInputModule:ProcessPointer (UnityEngine.InputSystem.UI.PointerModel&) (at ./Library/PackageCache/com.unity.inputsystem@7a4e1a2a8194/InputSystem/Runtime/Plugins/UI/InputSystemUIInputModule.cs:487)
UnityEngine.InputSystem.UI.InputSystemUIInputModule:Process () (at ./Library/PackageCache/com.unity.inputsystem@7a4e1a2a8194/InputSystem/Runtime/Plugins/UI/InputSystemUIInputModule.cs:2405)
UnityEngine.EventSystems.EventSystem:Update () (at ./Library/PackageCache/com.unity.ugui@1c4864518158/Runtime/UGUI/EventSystem/EventSystem.cs:516)

(Filename: Assets/InventoryItem.cs Line: 80)

OnDrag
UnityEngine.Debug:ExtractStackTraceNoAlloc (byte*,int,string)
UnityEngine.StackTraceUtility:ExtractStackTrace ()
UnityEngine.DebugLogHandler:Internal_Log (UnityEngine.LogType,UnityEngine.LogOption,string,UnityEngine.Object)
UnityEngine.DebugLogHandler:LogFormat (UnityEngine.LogType,UnityEngine.Object,string,object[])
UnityEngine.Logger:Log (UnityEngine.LogType,object)
UnityEngine.Debug:Log (object)
InventoryItem:OnDrag (UnityEngine.EventSystems.PointerEventData) (at Assets/InventoryItem.cs:80)
UnityEngine.EventSystems.ExecuteEvents:Execute (UnityEngine.EventSystems.IDragHandler,UnityEngine.EventSystems.BaseEventData) (at ./Library/PackageCache/com.unity.ugui@1c4864518158/Runtime/UGUI/EventSystem/ExecuteEvents.cs:78)
UnityEngine.EventSystems.ExecuteEvents:Execute<UnityEngine.EventSystems.IDragHandler> (UnityEngine.GameObject,UnityEngine.EventSystems.BaseEventData,UnityEngine.EventSystems.ExecuteEvents/EventFunction`1<UnityEngine.EventSystems.IDragHandler>) (at ./Library/PackageCache/com.unity.ugui@1c4864518158/Runtime/UGUI/EventSystem/ExecuteEvents.cs:272)
UnityEngine.InputSystem.UI.InputSystemUIInputModule:ProcessPointerButtonDrag (UnityEngine.InputSystem.UI.PointerModel/ButtonState&,UnityEngine.InputSystem.UI.ExtendedPointerEventData) (at ./Library/PackageCache/com.unity.inputsystem@7a4e1a2a8194/InputSystem/Runtime/Plugins/UI/InputSystemUIInputModule.cs:781)
UnityEngine.InputSystem.UI.InputSystemUIInputModule:ProcessPointer (UnityEngine.InputSystem.UI.PointerModel&) (at ./Library/PackageCache/com.unity.inputsystem@7a4e1a2a8194/InputSystem/Runtime/Plugins/UI/InputSystemUIInputModule.cs:487)
UnityEngine.InputSystem.UI.InputSystemUIInputModule:Process () (at ./Library/PackageCache/com.unity.inputsystem@7a4e1a2a8194/InputSystem/Runtime/Plugins/UI/InputSystemUIInputModule.cs:2405)
UnityEngine.EventSystems.EventSystem:Update () (at ./Library/PackageCache/com.unity.ugui@1c4864518158/Runtime/UGUI/EventSystem/EventSystem.cs:516)

(Filename: Assets/InventoryItem.cs Line: 80)

OnDrag
UnityEngine.Debug:ExtractStackTraceNoAlloc (byte*,int,string)
UnityEngine.StackTraceUtility:ExtractStackTrace ()
UnityEngine.DebugLogHandler:Internal_Log (UnityEngine.LogType,UnityEngine.LogOption,string,UnityEngine.Object)
UnityEngine.DebugLogHandler:LogFormat (UnityEngine.LogType,UnityEngine.Object,string,object[])
UnityEngine.Logger:Log (UnityEngine.LogType,object)
UnityEngine.Debug:Log (object)
InventoryItem:OnDrag (UnityEngine.EventSystems.PointerEventData) (at Assets/InventoryItem.cs:80)
UnityEngine.EventSystems.ExecuteEvents:Execute (UnityEngine.EventSystems.IDragHandler,UnityEngine.EventSystems.BaseEventData) (at ./Library/PackageCache/com.unity.ugui@1c4864518158/Runtime/UGUI/EventSystem/ExecuteEvents.cs:78)
UnityEngine.EventSystems.ExecuteEvents:Execute<UnityEngine.EventSystems.IDragHandler> (UnityEngine.GameObject,UnityEngine.EventSystems.BaseEventData,UnityEngine.EventSystems.ExecuteEvents/EventFunction`1<UnityEngine.EventSystems.IDragHandler>) (at ./Library/PackageCache/com.unity.ugui@1c4864518158/Runtime/UGUI/EventSystem/ExecuteEvents.cs:272)
UnityEngine.InputSystem.UI.InputSystemUIInputModule:ProcessPointerButtonDrag (UnityEngine.InputSystem.UI.PointerModel/ButtonState&,UnityEngine.InputSystem.UI.ExtendedPointerEventData) (at ./Library/PackageCache/com.unity.inputsystem@7a4e1a2a8194/InputSystem/Runtime/Plugins/UI/InputSystemUIInputModule.cs:781)
UnityEngine.InputSystem.UI.InputSystemUIInputModule:ProcessPointer (UnityEngine.InputSystem.UI.PointerModel&) (at ./Library/PackageCache/com.unity.inputsystem@7a4e1a2a8194/InputSystem/Runtime/Plugins/UI/InputSystemUIInputModule.cs:487)
UnityEngine.InputSystem.UI.InputSystemUIInputModule:Process () (at ./Library/PackageCache/com.unity.inputsystem@7a4e1a2a8194/InputSystem/Runtime/Plugins/UI/InputSystemUIInputModule.cs:2405)
UnityEngine.EventSystems.EventSystem:Update () (at ./Library/PackageCache/com.unity.ugui@1c4864518158/Runtime/UGUI/EventSystem/EventSystem.cs:516)

(Filename: Assets/InventoryItem.cs Line: 80)

OnDrag
UnityEngine.Debug:ExtractStackTraceNoAlloc (byte*,int,string)
UnityEngine.StackTraceUtility:ExtractStackTrace ()
UnityEngine.DebugLogHandler:Internal_Log (UnityEngine.LogType,UnityEngine.LogOption,string,UnityEngine.Object)
UnityEngine.DebugLogHandler:LogFormat (UnityEngine.LogType,UnityEngine.Object,string,object[])
UnityEngine.Logger:Log (UnityEngine.LogType,object)
UnityEngine.Debug:Log (object)
InventoryItem:OnDrag (UnityEngine.EventSystems.PointerEventData) (at Assets/InventoryItem.cs:80)
UnityEngine.EventSystems.ExecuteEvents:Execute (UnityEngine.EventSystems.IDragHandler,UnityEngine.EventSystems.BaseEventData) (at ./Library/PackageCache/com.unity.ugui@1c4864518158/Runtime/UGUI/EventSystem/ExecuteEvents.cs:78)
UnityEngine.EventSystems.ExecuteEvents:Execute<UnityEngine.EventSystems.IDragHandler> (UnityEngine.GameObject,UnityEngine.EventSystems.BaseEventData,UnityEngine.EventSystems.ExecuteEvents/EventFunction`1<UnityEngine.EventSystems.IDragHandler>) (at ./Library/PackageCache/com.unity.ugui@1c4864518158/Runtime/UGUI/EventSystem/ExecuteEvents.cs:272)
UnityEngine.InputSystem.UI.InputSystemUIInputModule:ProcessPointerButtonDrag (UnityEngine.InputSystem.UI.PointerModel/ButtonState&,UnityEngine.InputSystem.UI.ExtendedPointerEventData) (at ./Library/PackageCache/com.unity.inputsystem@7a4e1a2a8194/InputSystem/Runtime/Plugins/UI/InputSystemUIInputModule.cs:781)
UnityEngine.InputSystem.UI.InputSystemUIInputModule:ProcessPointer (UnityEngine.InputSystem.UI.PointerModel&) (at ./Library/PackageCache/com.unity.inputsystem@7a4e1a2a8194/InputSystem/Runtime/Plugins/UI/InputSystemUIInputModule.cs:487)
UnityEngine.InputSystem.UI.InputSystemUIInputModule:Process () (at ./Library/PackageCache/com.unity.inputsystem@7a4e1a2a8194/InputSystem/Runtime/Plugins/UI/InputSystemUIInputModule.cs:2405)
UnityEngine.EventSystems.EventSystem:Update () (at ./Library/PackageCache/com.unity.ugui@1c4864518158/Runtime/UGUI/EventSystem/EventSystem.cs:516)

(Filename: Assets/InventoryItem.cs Line: 80)

OnDrag
UnityEngine.Debug:ExtractStackTraceNoAlloc (byte*,int,string)
UnityEngine.StackTraceUtility:ExtractStackTrace ()
UnityEngine.DebugLogHandler:Internal_Log (UnityEngine.LogType,UnityEngine.LogOption,string,UnityEngine.Object)
UnityEngine.DebugLogHandler:LogFormat (UnityEngine.LogType,UnityEngine.Object,string,object[])
UnityEngine.Logger:Log (UnityEngine.LogType,object)
UnityEngine.Debug:Log (object)
InventoryItem:OnDrag (UnityEngine.EventSystems.PointerEventData) (at Assets/InventoryItem.cs:80)
UnityEngine.EventSystems.ExecuteEvents:Execute (UnityEngine.EventSystems.IDragHandler,UnityEngine.EventSystems.BaseEventData) (at ./Library/PackageCache/com.unity.ugui@1c4864518158/Runtime/UGUI/EventSystem/ExecuteEvents.cs:78)
UnityEngine.EventSystems.ExecuteEvents:Execute<UnityEngine.EventSystems.IDragHandler> (UnityEngine.GameObject,UnityEngine.EventSystems.BaseEventData,UnityEngine.EventSystems.ExecuteEvents/EventFunction`1<UnityEngine.EventSystems.IDragHandler>) (at ./Library/PackageCache/com.unity.ugui@1c4864518158/Runtime/UGUI/EventSystem/ExecuteEvents.cs:272)
UnityEngine.InputSystem.UI.InputSystemUIInputModule:ProcessPointerButtonDrag (UnityEngine.InputSystem.UI.PointerModel/ButtonState&,UnityEngine.InputSystem.UI.ExtendedPointerEventData) (at ./Library/PackageCache/com.unity.inputsystem@7a4e1a2a8194/InputSystem/Runtime/Plugins/UI/InputSystemUIInputModule.cs:781)
UnityEngine.InputSystem.UI.InputSystemUIInputModule:ProcessPointer (UnityEngine.InputSystem.UI.PointerModel&) (at ./Library/PackageCache/com.unity.inputsystem@7a4e1a2a8194/InputSystem/Runtime/Plugins/UI/InputSystemUIInputModule.cs:487)
UnityEngine.InputSystem.UI.InputSystemUIInputModule:Process () (at ./Library/PackageCache/com.unity.inputsystem@7a4e1a2a8194/InputSystem/Runtime/Plugins/UI/InputSystemUIInputModule.cs:2405)
UnityEngine.EventSystems.EventSystem:Update () (at ./Library/PackageCache/com.unity.ugui@1c4864518158/Runtime/UGUI/EventSystem/EventSystem.cs:516)

(Filename: Assets/InventoryItem.cs Line: 80)

OnDrag
UnityEngine.Debug:ExtractStackTraceNoAlloc (byte*,int,string)
UnityEngine.StackTraceUtility:ExtractStackTrace ()
UnityEngine.DebugLogHandler:Internal_Log (UnityEngine.LogType,UnityEngine.LogOption,string,UnityEngine.Object)
UnityEngine.DebugLogHandler:LogFormat (UnityEngine.LogType,UnityEngine.Object,string,object[])
UnityEngine.Logger:Log (UnityEngine.LogType,object)
UnityEngine.Debug:Log (object)
InventoryItem:OnDrag (UnityEngine.EventSystems.PointerEventData) (at Assets/InventoryItem.cs:80)
UnityEngine.EventSystems.ExecuteEvents:Execute (UnityEngine.EventSystems.IDragHandler,UnityEngine.EventSystems.BaseEventData) (at ./Library/PackageCache/com.unity.ugui@1c4864518158/Runtime/UGUI/EventSystem/ExecuteEvents.cs:78)
UnityEngine.EventSystems.ExecuteEvents:Execute<UnityEngine.EventSystems.IDragHandler> (UnityEngine.GameObject,UnityEngine.EventSystems.BaseEventData,UnityEngine.EventSystems.ExecuteEvents/EventFunction`1<UnityEngine.EventSystems.IDragHandler>) (at ./Library/PackageCache/com.unity.ugui@1c4864518158/Runtime/UGUI/EventSystem/ExecuteEvents.cs:272)
UnityEngine.InputSystem.UI.InputSystemUIInputModule:ProcessPointerButtonDrag (UnityEngine.InputSystem.UI.PointerModel/ButtonState&,UnityEngine.InputSystem.UI.ExtendedPointerEventData) (at ./Library/PackageCache/com.unity.inputsystem@7a4e1a2a8194/InputSystem/Runtime/Plugins/UI/InputSystemUIInputModule.cs:781)
UnityEngine.InputSystem.UI.InputSystemUIInputModule:ProcessPointer (UnityEngine.InputSystem.UI.PointerModel&) (at ./Library/PackageCache/com.unity.inputsystem@7a4e1a2a8194/InputSystem/Runtime/Plugins/UI/InputSystemUIInputModule.cs:487)
UnityEngine.InputSystem.UI.InputSystemUIInputModule:Process () (at ./Library/PackageCache/com.unity.inputsystem@7a4e1a2a8194/InputSystem/Runtime/Plugins/UI/InputSystemUIInputModule.cs:2405)
UnityEngine.EventSystems.EventSystem:Update () (at ./Library/PackageCache/com.unity.ugui@1c4864518158/Runtime/UGUI/EventSystem/EventSystem.cs:516)

(Filename: Assets/InventoryItem.cs Line: 80)

OnDrag
UnityEngine.Debug:ExtractStackTraceNoAlloc (byte*,int,string)
UnityEngine.StackTraceUtility:ExtractStackTrace ()
UnityEngine.DebugLogHandler:Internal_Log (UnityEngine.LogType,UnityEngine.LogOption,string,UnityEngine.Object)
UnityEngine.DebugLogHandler:LogFormat (UnityEngine.LogType,UnityEngine.Object,string,object[])
UnityEngine.Logger:Log (UnityEngine.LogType,object)
UnityEngine.Debug:Log (object)
InventoryItem:OnDrag (UnityEngine.EventSystems.PointerEventData) (at Assets/InventoryItem.cs:80)
UnityEngine.EventSystems.ExecuteEvents:Execute (UnityEngine.EventSystems.IDragHandler,UnityEngine.EventSystems.BaseEventData) (at ./Library/PackageCache/com.unity.ugui@1c4864518158/Runtime/UGUI/EventSystem/ExecuteEvents.cs:78)
UnityEngine.EventSystems.ExecuteEvents:Execute<UnityEngine.EventSystems.IDragHandler> (UnityEngine.GameObject,UnityEngine.EventSystems.BaseEventData,UnityEngine.EventSystems.ExecuteEvents/EventFunction`1<UnityEngine.EventSystems.IDragHandler>) (at ./Library/PackageCache/com.unity.ugui@1c4864518158/Runtime/UGUI/EventSystem/ExecuteEvents.cs:272)
UnityEngine.InputSystem.UI.InputSystemUIInputModule:ProcessPointerButtonDrag (UnityEngine.InputSystem.UI.PointerModel/ButtonState&,UnityEngine.InputSystem.UI.ExtendedPointerEventData) (at ./Library/PackageCache/com.unity.inputsystem@7a4e1a2a8194/InputSystem/Runtime/Plugins/UI/InputSystemUIInputModule.cs:781)
UnityEngine.InputSystem.UI.InputSystemUIInputModule:ProcessPointer (UnityEngine.InputSystem.UI.PointerModel&) (at ./Library/PackageCache/com.unity.inputsystem@7a4e1a2a8194/InputSystem/Runtime/Plugins/UI/InputSystemUIInputModule.cs:487)
UnityEngine.InputSystem.UI.InputSystemUIInputModule:Process () (at ./Library/PackageCache/com.unity.inputsystem@7a4e1a2a8194/InputSystem/Runtime/Plugins/UI/InputSystemUIInputModule.cs:2405)
UnityEngine.EventSystems.EventSystem:Update () (at ./Library/PackageCache/com.unity.ugui@1c4864518158/Runtime/UGUI/EventSystem/EventSystem.cs:516)

(Filename: Assets/InventoryItem.cs Line: 80)

OnDrag
UnityEngine.Debug:ExtractStackTraceNoAlloc (byte*,int,string)
UnityEngine.StackTraceUtility:ExtractStackTrace ()
UnityEngine.DebugLogHandler:Internal_Log (UnityEngine.LogType,UnityEngine.LogOption,string,UnityEngine.Object)
UnityEngine.DebugLogHandler:LogFormat (UnityEngine.LogType,UnityEngine.Object,string,object[])
UnityEngine.Logger:Log (UnityEngine.LogType,object)
UnityEngine.Debug:Log (object)
InventoryItem:OnDrag (UnityEngine.EventSystems.PointerEventData) (at Assets/InventoryItem.cs:80)
UnityEngine.EventSystems.ExecuteEvents:Execute (UnityEngine.EventSystems.IDragHandler,UnityEngine.EventSystems.BaseEventData) (at ./Library/PackageCache/com.unity.ugui@1c4864518158/Runtime/UGUI/EventSystem/ExecuteEvents.cs:78)
UnityEngine.EventSystems.ExecuteEvents:Execute<UnityEngine.EventSystems.IDragHandler> (UnityEngine.GameObject,UnityEngine.EventSystems.BaseEventData,UnityEngine.EventSystems.ExecuteEvents/EventFunction`1<UnityEngine.EventSystems.IDragHandler>) (at ./Library/PackageCache/com.unity.ugui@1c4864518158/Runtime/UGUI/EventSystem/ExecuteEvents.cs:272)
UnityEngine.InputSystem.UI.InputSystemUIInputModule:ProcessPointerButtonDrag (UnityEngine.InputSystem.UI.PointerModel/ButtonState&,UnityEngine.InputSystem.UI.ExtendedPointerEventData) (at ./Library/PackageCache/com.unity.inputsystem@7a4e1a2a8194/InputSystem/Runtime/Plugins/UI/InputSystemUIInputModule.cs:781)
UnityEngine.InputSystem.UI.InputSystemUIInputModule:ProcessPointer (UnityEngine.InputSystem.UI.PointerModel&) (at ./Library/PackageCache/com.unity.inputsystem@7a4e1a2a8194/InputSystem/Runtime/Plugins/UI/InputSystemUIInputModule.cs:487)
UnityEngine.InputSystem.UI.InputSystemUIInputModule:Process () (at ./Library/PackageCache/com.unity.inputsystem@7a4e1a2a8194/InputSystem/Runtime/Plugins/UI/InputSystemUIInputModule.cs:2405)
UnityEngine.EventSystems.EventSystem:Update () (at ./Library/PackageCache/com.unity.ugui@1c4864518158/Runtime/UGUI/EventSystem/EventSystem.cs:516)

(Filename: Assets/InventoryItem.cs Line: 80)

OnDrag
UnityEngine.Debug:ExtractStackTraceNoAlloc (byte*,int,string)
UnityEngine.StackTraceUtility:ExtractStackTrace ()
UnityEngine.DebugLogHandler:Internal_Log (UnityEngine.LogType,UnityEngine.LogOption,string,UnityEngine.Object)
UnityEngine.DebugLogHandler:LogFormat (UnityEngine.LogType,UnityEngine.Object,string,object[])
UnityEngine.Logger:Log (UnityEngine.LogType,object)
UnityEngine.Debug:Log (object)
InventoryItem:OnDrag (UnityEngine.EventSystems.PointerEventData) (at Assets/InventoryItem.cs:80)
UnityEngine.EventSystems.ExecuteEvents:Execute (UnityEngine.EventSystems.IDragHandler,UnityEngine.EventSystems.BaseEventData) (at ./Library/PackageCache/com.unity.ugui@1c4864518158/Runtime/UGUI/EventSystem/ExecuteEvents.cs:78)
UnityEngine.EventSystems.ExecuteEvents:Execute<UnityEngine.EventSystems.IDragHandler> (UnityEngine.GameObject,UnityEngine.EventSystems.BaseEventData,UnityEngine.EventSystems.ExecuteEvents/EventFunction`1<UnityEngine.EventSystems.IDragHandler>) (at ./Library/PackageCache/com.unity.ugui@1c4864518158/Runtime/UGUI/EventSystem/ExecuteEvents.cs:272)
UnityEngine.InputSystem.UI.InputSystemUIInputModule:ProcessPointerButtonDrag (UnityEngine.InputSystem.UI.PointerModel/ButtonState&,UnityEngine.InputSystem.UI.ExtendedPointerEventData) (at ./Library/PackageCache/com.unity.inputsystem@7a4e1a2a8194/InputSystem/Runtime/Plugins/UI/InputSystemUIInputModule.cs:781)
UnityEngine.InputSystem.UI.InputSystemUIInputModule:ProcessPointer (UnityEngine.InputSystem.UI.PointerModel&) (at ./Library/PackageCache/com.unity.inputsystem@7a4e1a2a8194/InputSystem/Runtime/Plugins/UI/InputSystemUIInputModule.cs:487)
UnityEngine.InputSystem.UI.InputSystemUIInputModule:Process () (at ./Library/PackageCache/com.unity.inputsystem@7a4e1a2a8194/InputSystem/Runtime/Plugins/UI/InputSystemUIInputModule.cs:2405)
UnityEngine.EventSystems.EventSystem:Update () (at ./Library/PackageCache/com.unity.ugui@1c4864518158/Runtime/UGUI/EventSystem/EventSystem.cs:516)

(Filename: Assets/InventoryItem.cs Line: 80)

OnDrag
UnityEngine.Debug:ExtractStackTraceNoAlloc (byte*,int,string)
UnityEngine.StackTraceUtility:ExtractStackTrace ()
UnityEngine.DebugLogHandler:Internal_Log (UnityEngine.LogType,UnityEngine.LogOption,string,UnityEngine.Object)
UnityEngine.DebugLogHandler:LogFormat (UnityEngine.LogType,UnityEngine.Object,string,object[])
UnityEngine.Logger:Log (UnityEngine.LogType,object)
UnityEngine.Debug:Log (object)
InventoryItem:OnDrag (UnityEngine.EventSystems.PointerEventData) (at Assets/InventoryItem.cs:80)
UnityEngine.EventSystems.ExecuteEvents:Execute (UnityEngine.EventSystems.IDragHandler,UnityEngine.EventSystems.BaseEventData) (at ./Library/PackageCache/com.unity.ugui@1c4864518158/Runtime/UGUI/EventSystem/ExecuteEvents.cs:78)
UnityEngine.EventSystems.ExecuteEvents:Execute<UnityEngine.EventSystems.IDragHandler> (UnityEngine.GameObject,UnityEngine.EventSystems.BaseEventData,UnityEngine.EventSystems.ExecuteEvents/EventFunction`1<UnityEngine.EventSystems.IDragHandler>) (at ./Library/PackageCache/com.unity.ugui@1c4864518158/Runtime/UGUI/EventSystem/ExecuteEvents.cs:272)
UnityEngine.InputSystem.UI.InputSystemUIInputModule:ProcessPointerButtonDrag (UnityEngine.InputSystem.UI.PointerModel/ButtonState&,UnityEngine.InputSystem.UI.ExtendedPointerEventData) (at ./Library/PackageCache/com.unity.inputsystem@7a4e1a2a8194/InputSystem/Runtime/Plugins/UI/InputSystemUIInputModule.cs:781)
UnityEngine.InputSystem.UI.InputSystemUIInputModule:ProcessPointer (UnityEngine.InputSystem.UI.PointerModel&) (at ./Library/PackageCache/com.unity.inputsystem@7a4e1a2a8194/InputSystem/Runtime/Plugins/UI/InputSystemUIInputModule.cs:487)
UnityEngine.InputSystem.UI.InputSystemUIInputModule:Process () (at ./Library/PackageCache/com.unity.inputsystem@7a4e1a2a8194/InputSystem/Runtime/Plugins/UI/InputSystemUIInputModule.cs:2405)
UnityEngine.EventSystems.EventSystem:Update () (at ./Library/PackageCache/com.unity.ugui@1c4864518158/Runtime/UGUI/EventSystem/EventSystem.cs:516)

(Filename: Assets/InventoryItem.cs Line: 80)

OnDrag
UnityEngine.Debug:ExtractStackTraceNoAlloc (byte*,int,string)
UnityEngine.StackTraceUtility:ExtractStackTrace ()
UnityEngine.DebugLogHandler:Internal_Log (UnityEngine.LogType,UnityEngine.LogOption,string,UnityEngine.Object)
UnityEngine.DebugLogHandler:LogFormat (UnityEngine.LogType,UnityEngine.Object,string,object[])
UnityEngine.Logger:Log (UnityEngine.LogType,object)
UnityEngine.Debug:Log (object)
InventoryItem:OnDrag (UnityEngine.EventSystems.PointerEventData) (at Assets/InventoryItem.cs:80)
UnityEngine.EventSystems.ExecuteEvents:Execute (UnityEngine.EventSystems.IDragHandler,UnityEngine.EventSystems.BaseEventData) (at ./Library/PackageCache/com.unity.ugui@1c4864518158/Runtime/UGUI/EventSystem/ExecuteEvents.cs:78)
UnityEngine.EventSystems.ExecuteEvents:Execute<UnityEngine.EventSystems.IDragHandler> (UnityEngine.GameObject,UnityEngine.EventSystems.BaseEventData,UnityEngine.EventSystems.ExecuteEvents/EventFunction`1<UnityEngine.EventSystems.IDragHandler>) (at ./Library/PackageCache/com.unity.ugui@1c4864518158/Runtime/UGUI/EventSystem/ExecuteEvents.cs:272)
UnityEngine.InputSystem.UI.InputSystemUIInputModule:ProcessPointerButtonDrag (UnityEngine.InputSystem.UI.PointerModel/ButtonState&,UnityEngine.InputSystem.UI.ExtendedPointerEventData) (at ./Library/PackageCache/com.unity.inputsystem@7a4e1a2a8194/InputSystem/Runtime/Plugins/UI/InputSystemUIInputModule.cs:781)
UnityEngine.InputSystem.UI.InputSystemUIInputModule:ProcessPointer (UnityEngine.InputSystem.UI.PointerModel&) (at ./Library/PackageCache/com.unity.inputsystem@7a4e1a2a8194/InputSystem/Runtime/Plugins/UI/InputSystemUIInputModule.cs:487)
UnityEngine.InputSystem.UI.InputSystemUIInputModule:Process () (at ./Library/PackageCache/com.unity.inputsystem@7a4e1a2a8194/InputSystem/Runtime/Plugins/UI/InputSystemUIInputModule.cs:2405)
UnityEngine.EventSystems.EventSystem:Update () (at ./Library/PackageCache/com.unity.ugui@1c4864518158/Runtime/UGUI/EventSystem/EventSystem.cs:516)

(Filename: Assets/InventoryItem.cs Line: 80)

OnDrag
UnityEngine.Debug:ExtractStackTraceNoAlloc (byte*,int,string)
UnityEngine.StackTraceUtility:ExtractStackTrace ()
UnityEngine.DebugLogHandler:Internal_Log (UnityEngine.LogType,UnityEngine.LogOption,string,UnityEngine.Object)
UnityEngine.DebugLogHandler:LogFormat (UnityEngine.LogType,UnityEngine.Object,string,object[])
UnityEngine.Logger:Log (UnityEngine.LogType,object)
UnityEngine.Debug:Log (object)
InventoryItem:OnDrag (UnityEngine.EventSystems.PointerEventData) (at Assets/InventoryItem.cs:80)
UnityEngine.EventSystems.ExecuteEvents:Execute (UnityEngine.EventSystems.IDragHandler,UnityEngine.EventSystems.BaseEventData) (at ./Library/PackageCache/com.unity.ugui@1c4864518158/Runtime/UGUI/EventSystem/ExecuteEvents.cs:78)
UnityEngine.EventSystems.ExecuteEvents:Execute<UnityEngine.EventSystems.IDragHandler> (UnityEngine.GameObject,UnityEngine.EventSystems.BaseEventData,UnityEngine.EventSystems.ExecuteEvents/EventFunction`1<UnityEngine.EventSystems.IDragHandler>) (at ./Library/PackageCache/com.unity.ugui@1c4864518158/Runtime/UGUI/EventSystem/ExecuteEvents.cs:272)
UnityEngine.InputSystem.UI.InputSystemUIInputModule:ProcessPointerButtonDrag (UnityEngine.InputSystem.UI.PointerModel/ButtonState&,UnityEngine.InputSystem.UI.ExtendedPointerEventData) (at ./Library/PackageCache/com.unity.inputsystem@7a4e1a2a8194/InputSystem/Runtime/Plugins/UI/InputSystemUIInputModule.cs:781)
UnityEngine.InputSystem.UI.InputSystemUIInputModule:ProcessPointer (UnityEngine.InputSystem.UI.PointerModel&) (at ./Library/PackageCache/com.unity.inputsystem@7a4e1a2a8194/InputSystem/Runtime/Plugins/UI/InputSystemUIInputModule.cs:487)
UnityEngine.InputSystem.UI.InputSystemUIInputModule:Process () (at ./Library/PackageCache/com.unity.inputsystem@7a4e1a2a8194/InputSystem/Runtime/Plugins/UI/InputSystemUIInputModule.cs:2405)
UnityEngine.EventSystems.EventSystem:Update () (at ./Library/PackageCache/com.unity.ugui@1c4864518158/Runtime/UGUI/EventSystem/EventSystem.cs:516)

(Filename: Assets/InventoryItem.cs Line: 80)

OnDrag
UnityEngine.Debug:ExtractStackTraceNoAlloc (byte*,int,string)
UnityEngine.StackTraceUtility:ExtractStackTrace ()
UnityEngine.DebugLogHandler:Internal_Log (UnityEngine.LogType,UnityEngine.LogOption,string,UnityEngine.Object)
UnityEngine.DebugLogHandler:LogFormat (UnityEngine.LogType,UnityEngine.Object,string,object[])
UnityEngine.Logger:Log (UnityEngine.LogType,object)
UnityEngine.Debug:Log (object)
InventoryItem:OnDrag (UnityEngine.EventSystems.PointerEventData) (at Assets/InventoryItem.cs:80)
UnityEngine.EventSystems.ExecuteEvents:Execute (UnityEngine.EventSystems.IDragHandler,UnityEngine.EventSystems.BaseEventData) (at ./Library/PackageCache/com.unity.ugui@1c4864518158/Runtime/UGUI/EventSystem/ExecuteEvents.cs:78)
UnityEngine.EventSystems.ExecuteEvents:Execute<UnityEngine.EventSystems.IDragHandler> (UnityEngine.GameObject,UnityEngine.EventSystems.BaseEventData,UnityEngine.EventSystems.ExecuteEvents/EventFunction`1<UnityEngine.EventSystems.IDragHandler>) (at ./Library/PackageCache/com.unity.ugui@1c4864518158/Runtime/UGUI/EventSystem/ExecuteEvents.cs:272)
UnityEngine.InputSystem.UI.InputSystemUIInputModule:ProcessPointerButtonDrag (UnityEngine.InputSystem.UI.PointerModel/ButtonState&,UnityEngine.InputSystem.UI.ExtendedPointerEventData) (at ./Library/PackageCache/com.unity.inputsystem@7a4e1a2a8194/InputSystem/Runtime/Plugins/UI/InputSystemUIInputModule.cs:781)
UnityEngine.InputSystem.UI.InputSystemUIInputModule:ProcessPointer (UnityEngine.InputSystem.UI.PointerModel&) (at ./Library/PackageCache/com.unity.inputsystem@7a4e1a2a8194/InputSystem/Runtime/Plugins/UI/InputSystemUIInputModule.cs:487)
UnityEngine.InputSystem.UI.InputSystemUIInputModule:Process () (at ./Library/PackageCache/com.unity.inputsystem@7a4e1a2a8194/InputSystem/Runtime/Plugins/UI/InputSystemUIInputModule.cs:2405)
UnityEngine.EventSystems.EventSystem:Update () (at ./Library/PackageCache/com.unity.ugui@1c4864518158/Runtime/UGUI/EventSystem/EventSystem.cs:516)

(Filename: Assets/InventoryItem.cs Line: 80)

OnDrag
UnityEngine.Debug:ExtractStackTraceNoAlloc (byte*,int,string)
UnityEngine.StackTraceUtility:ExtractStackTrace ()
UnityEngine.DebugLogHandler:Internal_Log (UnityEngine.LogType,UnityEngine.LogOption,string,UnityEngine.Object)
UnityEngine.DebugLogHandler:LogFormat (UnityEngine.LogType,UnityEngine.Object,string,object[])
UnityEngine.Logger:Log (UnityEngine.LogType,object)
UnityEngine.Debug:Log (object)
InventoryItem:OnDrag (UnityEngine.EventSystems.PointerEventData) (at Assets/InventoryItem.cs:80)
UnityEngine.EventSystems.ExecuteEvents:Execute (UnityEngine.EventSystems.IDragHandler,UnityEngine.EventSystems.BaseEventData) (at ./Library/PackageCache/com.unity.ugui@1c4864518158/Runtime/UGUI/EventSystem/ExecuteEvents.cs:78)
UnityEngine.EventSystems.ExecuteEvents:Execute<UnityEngine.EventSystems.IDragHandler> (UnityEngine.GameObject,UnityEngine.EventSystems.BaseEventData,UnityEngine.EventSystems.ExecuteEvents/EventFunction`1<UnityEngine.EventSystems.IDragHandler>) (at ./Library/PackageCache/com.unity.ugui@1c4864518158/Runtime/UGUI/EventSystem/ExecuteEvents.cs:272)
UnityEngine.InputSystem.UI.InputSystemUIInputModule:ProcessPointerButtonDrag (UnityEngine.InputSystem.UI.PointerModel/ButtonState&,UnityEngine.InputSystem.UI.ExtendedPointerEventData) (at ./Library/PackageCache/com.unity.inputsystem@7a4e1a2a8194/InputSystem/Runtime/Plugins/UI/InputSystemUIInputModule.cs:781)
UnityEngine.InputSystem.UI.InputSystemUIInputModule:ProcessPointer (UnityEngine.InputSystem.UI.PointerModel&) (at ./Library/PackageCache/com.unity.inputsystem@7a4e1a2a8194/InputSystem/Runtime/Plugins/UI/InputSystemUIInputModule.cs:487)
UnityEngine.InputSystem.UI.InputSystemUIInputModule:Process () (at ./Library/PackageCache/com.unity.inputsystem@7a4e1a2a8194/InputSystem/Runtime/Plugins/UI/InputSystemUIInputModule.cs:2405)
UnityEngine.EventSystems.EventSystem:Update () (at ./Library/PackageCache/com.unity.ugui@1c4864518158/Runtime/UGUI/EventSystem/EventSystem.cs:516)

(Filename: Assets/InventoryItem.cs Line: 80)

OnDrag
UnityEngine.Debug:ExtractStackTraceNoAlloc (byte*,int,string)
UnityEngine.StackTraceUtility:ExtractStackTrace ()
UnityEngine.DebugLogHandler:Internal_Log (UnityEngine.LogType,UnityEngine.LogOption,string,UnityEngine.Object)
UnityEngine.DebugLogHandler:LogFormat (UnityEngine.LogType,UnityEngine.Object,string,object[])
UnityEngine.Logger:Log (UnityEngine.LogType,object)
UnityEngine.Debug:Log (object)
InventoryItem:OnDrag (UnityEngine.EventSystems.PointerEventData) (at Assets/InventoryItem.cs:80)
UnityEngine.EventSystems.ExecuteEvents:Execute (UnityEngine.EventSystems.IDragHandler,UnityEngine.EventSystems.BaseEventData) (at ./Library/PackageCache/com.unity.ugui@1c4864518158/Runtime/UGUI/EventSystem/ExecuteEvents.cs:78)
UnityEngine.EventSystems.ExecuteEvents:Execute<UnityEngine.EventSystems.IDragHandler> (UnityEngine.GameObject,UnityEngine.EventSystems.BaseEventData,UnityEngine.EventSystems.ExecuteEvents/EventFunction`1<UnityEngine.EventSystems.IDragHandler>) (at ./Library/PackageCache/com.unity.ugui@1c4864518158/Runtime/UGUI/EventSystem/ExecuteEvents.cs:272)
UnityEngine.InputSystem.UI.InputSystemUIInputModule:ProcessPointerButtonDrag (UnityEngine.InputSystem.UI.PointerModel/ButtonState&,UnityEngine.InputSystem.UI.ExtendedPointerEventData) (at ./Library/PackageCache/com.unity.inputsystem@7a4e1a2a8194/InputSystem/Runtime/Plugins/UI/InputSystemUIInputModule.cs:781)
UnityEngine.InputSystem.UI.InputSystemUIInputModule:ProcessPointer (UnityEngine.InputSystem.UI.PointerModel&) (at ./Library/PackageCache/com.unity.inputsystem@7a4e1a2a8194/InputSystem/Runtime/Plugins/UI/InputSystemUIInputModule.cs:487)
UnityEngine.InputSystem.UI.InputSystemUIInputModule:Process () (at ./Library/PackageCache/com.unity.inputsystem@7a4e1a2a8194/InputSystem/Runtime/Plugins/UI/InputSystemUIInputModule.cs:2405)
UnityEngine.EventSystems.EventSystem:Update () (at ./Library/PackageCache/com.unity.ugui@1c4864518158/Runtime/UGUI/EventSystem/EventSystem.cs:516)

(Filename: Assets/InventoryItem.cs Line: 80)

OnDrag
UnityEngine.Debug:ExtractStackTraceNoAlloc (byte*,int,string)
UnityEngine.StackTraceUtility:ExtractStackTrace ()
UnityEngine.DebugLogHandler:Internal_Log (UnityEngine.LogType,UnityEngine.LogOption,string,UnityEngine.Object)
UnityEngine.DebugLogHandler:LogFormat (UnityEngine.LogType,UnityEngine.Object,string,object[])
UnityEngine.Logger:Log (UnityEngine.LogType,object)
UnityEngine.Debug:Log (object)
InventoryItem:OnDrag (UnityEngine.EventSystems.PointerEventData) (at Assets/InventoryItem.cs:80)
UnityEngine.EventSystems.ExecuteEvents:Execute (UnityEngine.EventSystems.IDragHandler,UnityEngine.EventSystems.BaseEventData) (at ./Library/PackageCache/com.unity.ugui@1c4864518158/Runtime/UGUI/EventSystem/ExecuteEvents.cs:78)
UnityEngine.EventSystems.ExecuteEvents:Execute<UnityEngine.EventSystems.IDragHandler> (UnityEngine.GameObject,UnityEngine.EventSystems.BaseEventData,UnityEngine.EventSystems.ExecuteEvents/EventFunction`1<UnityEngine.EventSystems.IDragHandler>) (at ./Library/PackageCache/com.unity.ugui@1c4864518158/Runtime/UGUI/EventSystem/ExecuteEvents.cs:272)
UnityEngine.InputSystem.UI.InputSystemUIInputModule:ProcessPointerButtonDrag (UnityEngine.InputSystem.UI.PointerModel/ButtonState&,UnityEngine.InputSystem.UI.ExtendedPointerEventData) (at ./Library/PackageCache/com.unity.inputsystem@7a4e1a2a8194/InputSystem/Runtime/Plugins/UI/InputSystemUIInputModule.cs:781)
UnityEngine.InputSystem.UI.InputSystemUIInputModule:ProcessPointer (UnityEngine.InputSystem.UI.PointerModel&) (at ./Library/PackageCache/com.unity.inputsystem@7a4e1a2a8194/InputSystem/Runtime/Plugins/UI/InputSystemUIInputModule.cs:487)
UnityEngine.InputSystem.UI.InputSystemUIInputModule:Process () (at ./Library/PackageCache/com.unity.inputsystem@7a4e1a2a8194/InputSystem/Runtime/Plugins/UI/InputSystemUIInputModule.cs:2405)
UnityEngine.EventSystems.EventSystem:Update () (at ./Library/PackageCache/com.unity.ugui@1c4864518158/Runtime/UGUI/EventSystem/EventSystem.cs:516)

(Filename: Assets/InventoryItem.cs Line: 80)

OnDrag
UnityEngine.Debug:ExtractStackTraceNoAlloc (byte*,int,string)
UnityEngine.StackTraceUtility:ExtractStackTrace ()
UnityEngine.DebugLogHandler:Internal_Log (UnityEngine.LogType,UnityEngine.LogOption,string,UnityEngine.Object)
UnityEngine.DebugLogHandler:LogFormat (UnityEngine.LogType,UnityEngine.Object,string,object[])
UnityEngine.Logger:Log (UnityEngine.LogType,object)
UnityEngine.Debug:Log (object)
InventoryItem:OnDrag (UnityEngine.EventSystems.PointerEventData) (at Assets/InventoryItem.cs:80)
UnityEngine.EventSystems.ExecuteEvents:Execute (UnityEngine.EventSystems.IDragHandler,UnityEngine.EventSystems.BaseEventData) (at ./Library/PackageCache/com.unity.ugui@1c4864518158/Runtime/UGUI/EventSystem/ExecuteEvents.cs:78)
UnityEngine.EventSystems.ExecuteEvents:Execute<UnityEngine.EventSystems.IDragHandler> (UnityEngine.GameObject,UnityEngine.EventSystems.BaseEventData,UnityEngine.EventSystems.ExecuteEvents/EventFunction`1<UnityEngine.EventSystems.IDragHandler>) (at ./Library/PackageCache/com.unity.ugui@1c4864518158/Runtime/UGUI/EventSystem/ExecuteEvents.cs:272)
UnityEngine.InputSystem.UI.InputSystemUIInputModule:ProcessPointerButtonDrag (UnityEngine.InputSystem.UI.PointerModel/ButtonState&,UnityEngine.InputSystem.UI.ExtendedPointerEventData) (at ./Library/PackageCache/com.unity.inputsystem@7a4e1a2a8194/InputSystem/Runtime/Plugins/UI/InputSystemUIInputModule.cs:781)
UnityEngine.InputSystem.UI.InputSystemUIInputModule:ProcessPointer (UnityEngine.InputSystem.UI.PointerModel&) (at ./Library/PackageCache/com.unity.inputsystem@7a4e1a2a8194/InputSystem/Runtime/Plugins/UI/InputSystemUIInputModule.cs:487)
UnityEngine.InputSystem.UI.InputSystemUIInputModule:Process () (at ./Library/PackageCache/com.unity.inputsystem@7a4e1a2a8194/InputSystem/Runtime/Plugins/UI/InputSystemUIInputModule.cs:2405)
UnityEngine.EventSystems.EventSystem:Update () (at ./Library/PackageCache/com.unity.ugui@1c4864518158/Runtime/UGUI/EventSystem/EventSystem.cs:516)

(Filename: Assets/InventoryItem.cs Line: 80)

OnDrag
UnityEngine.Debug:ExtractStackTraceNoAlloc (byte*,int,string)
UnityEngine.StackTraceUtility:ExtractStackTrace ()
UnityEngine.DebugLogHandler:Internal_Log (UnityEngine.LogType,UnityEngine.LogOption,string,UnityEngine.Object)
UnityEngine.DebugLogHandler:LogFormat (UnityEngine.LogType,UnityEngine.Object,string,object[])
UnityEngine.Logger:Log (UnityEngine.LogType,object)
UnityEngine.Debug:Log (object)
InventoryItem:OnDrag (UnityEngine.EventSystems.PointerEventData) (at Assets/InventoryItem.cs:80)
UnityEngine.EventSystems.ExecuteEvents:Execute (UnityEngine.EventSystems.IDragHandler,UnityEngine.EventSystems.BaseEventData) (at ./Library/PackageCache/com.unity.ugui@1c4864518158/Runtime/UGUI/EventSystem/ExecuteEvents.cs:78)
UnityEngine.EventSystems.ExecuteEvents:Execute<UnityEngine.EventSystems.IDragHandler> (UnityEngine.GameObject,UnityEngine.EventSystems.BaseEventData,UnityEngine.EventSystems.ExecuteEvents/EventFunction`1<UnityEngine.EventSystems.IDragHandler>) (at ./Library/PackageCache/com.unity.ugui@1c4864518158/Runtime/UGUI/EventSystem/ExecuteEvents.cs:272)
UnityEngine.InputSystem.UI.InputSystemUIInputModule:ProcessPointerButtonDrag (UnityEngine.InputSystem.UI.PointerModel/ButtonState&,UnityEngine.InputSystem.UI.ExtendedPointerEventData) (at ./Library/PackageCache/com.unity.inputsystem@7a4e1a2a8194/InputSystem/Runtime/Plugins/UI/InputSystemUIInputModule.cs:781)
UnityEngine.InputSystem.UI.InputSystemUIInputModule:ProcessPointer (UnityEngine.InputSystem.UI.PointerModel&) (at ./Library/PackageCache/com.unity.inputsystem@7a4e1a2a8194/InputSystem/Runtime/Plugins/UI/InputSystemUIInputModule.cs:487)
UnityEngine.InputSystem.UI.InputSystemUIInputModule:Process () (at ./Library/PackageCache/com.unity.inputsystem@7a4e1a2a8194/InputSystem/Runtime/Plugins/UI/InputSystemUIInputModule.cs:2405)
UnityEngine.EventSystems.EventSystem:Update () (at ./Library/PackageCache/com.unity.ugui@1c4864518158/Runtime/UGUI/EventSystem/EventSystem.cs:516)

(Filename: Assets/InventoryItem.cs Line: 80)

OnDrag
UnityEngine.Debug:ExtractStackTraceNoAlloc (byte*,int,string)
UnityEngine.StackTraceUtility:ExtractStackTrace ()
UnityEngine.DebugLogHandler:Internal_Log (UnityEngine.LogType,UnityEngine.LogOption,string,UnityEngine.Object)
UnityEngine.DebugLogHandler:LogFormat (UnityEngine.LogType,UnityEngine.Object,string,object[])
UnityEngine.Logger:Log (UnityEngine.LogType,object)
UnityEngine.Debug:Log (object)
InventoryItem:OnDrag (UnityEngine.EventSystems.PointerEventData) (at Assets/InventoryItem.cs:80)
UnityEngine.EventSystems.ExecuteEvents:Execute (UnityEngine.EventSystems.IDragHandler,UnityEngine.EventSystems.BaseEventData) (at ./Library/PackageCache/com.unity.ugui@1c4864518158/Runtime/UGUI/EventSystem/ExecuteEvents.cs:78)
UnityEngine.EventSystems.ExecuteEvents:Execute<UnityEngine.EventSystems.IDragHandler> (UnityEngine.GameObject,UnityEngine.EventSystems.BaseEventData,UnityEngine.EventSystems.ExecuteEvents/EventFunction`1<UnityEngine.EventSystems.IDragHandler>) (at ./Library/PackageCache/com.unity.ugui@1c4864518158/Runtime/UGUI/EventSystem/ExecuteEvents.cs:272)
UnityEngine.InputSystem.UI.InputSystemUIInputModule:ProcessPointerButtonDrag (UnityEngine.InputSystem.UI.PointerModel/ButtonState&,UnityEngine.InputSystem.UI.ExtendedPointerEventData) (at ./Library/PackageCache/com.unity.inputsystem@7a4e1a2a8194/InputSystem/Runtime/Plugins/UI/InputSystemUIInputModule.cs:781)
UnityEngine.InputSystem.UI.InputSystemUIInputModule:ProcessPointer (UnityEngine.InputSystem.UI.PointerModel&) (at ./Library/PackageCache/com.unity.inputsystem@7a4e1a2a8194/InputSystem/Runtime/Plugins/UI/InputSystemUIInputModule.cs:487)
UnityEngine.InputSystem.UI.InputSystemUIInputModule:Process () (at ./Library/PackageCache/com.unity.inputsystem@7a4e1a2a8194/InputSystem/Runtime/Plugins/UI/InputSystemUIInputModule.cs:2405)
UnityEngine.EventSystems.EventSystem:Update () (at ./Library/PackageCache/com.unity.ugui@1c4864518158/Runtime/UGUI/EventSystem/EventSystem.cs:516)

(Filename: Assets/InventoryItem.cs Line: 80)

OnDrag
UnityEngine.Debug:ExtractStackTraceNoAlloc (byte*,int,string)
UnityEngine.StackTraceUtility:ExtractStackTrace ()
UnityEngine.DebugLogHandler:Internal_Log (UnityEngine.LogType,UnityEngine.LogOption,string,UnityEngine.Object)
UnityEngine.DebugLogHandler:LogFormat (UnityEngine.LogType,UnityEngine.Object,string,object[])
UnityEngine.Logger:Log (UnityEngine.LogType,object)
UnityEngine.Debug:Log (object)
InventoryItem:OnDrag (UnityEngine.EventSystems.PointerEventData) (at Assets/InventoryItem.cs:80)
UnityEngine.EventSystems.ExecuteEvents:Execute (UnityEngine.EventSystems.IDragHandler,UnityEngine.EventSystems.BaseEventData) (at ./Library/PackageCache/com.unity.ugui@1c4864518158/Runtime/UGUI/EventSystem/ExecuteEvents.cs:78)
UnityEngine.EventSystems.ExecuteEvents:Execute<UnityEngine.EventSystems.IDragHandler> (UnityEngine.GameObject,UnityEngine.EventSystems.BaseEventData,UnityEngine.EventSystems.ExecuteEvents/EventFunction`1<UnityEngine.EventSystems.IDragHandler>) (at ./Library/PackageCache/com.unity.ugui@1c4864518158/Runtime/UGUI/EventSystem/ExecuteEvents.cs:272)
UnityEngine.InputSystem.UI.InputSystemUIInputModule:ProcessPointerButtonDrag (UnityEngine.InputSystem.UI.PointerModel/ButtonState&,UnityEngine.InputSystem.UI.ExtendedPointerEventData) (at ./Library/PackageCache/com.unity.inputsystem@7a4e1a2a8194/InputSystem/Runtime/Plugins/UI/InputSystemUIInputModule.cs:781)
UnityEngine.InputSystem.UI.InputSystemUIInputModule:ProcessPointer (UnityEngine.InputSystem.UI.PointerModel&) (at ./Library/PackageCache/com.unity.inputsystem@7a4e1a2a8194/InputSystem/Runtime/Plugins/UI/InputSystemUIInputModule.cs:487)
UnityEngine.InputSystem.UI.InputSystemUIInputModule:Process () (at ./Library/PackageCache/com.unity.inputsystem@7a4e1a2a8194/InputSystem/Runtime/Plugins/UI/InputSystemUIInputModule.cs:2405)
UnityEngine.EventSystems.EventSystem:Update () (at ./Library/PackageCache/com.unity.ugui@1c4864518158/Runtime/UGUI/EventSystem/EventSystem.cs:516)

(Filename: Assets/InventoryItem.cs Line: 80)

OnDrag
UnityEngine.Debug:ExtractStackTraceNoAlloc (byte*,int,string)
UnityEngine.StackTraceUtility:ExtractStackTrace ()
UnityEngine.DebugLogHandler:Internal_Log (UnityEngine.LogType,UnityEngine.LogOption,string,UnityEngine.Object)
UnityEngine.DebugLogHandler:LogFormat (UnityEngine.LogType,UnityEngine.Object,string,object[])
UnityEngine.Logger:Log (UnityEngine.LogType,object)
UnityEngine.Debug:Log (object)
InventoryItem:OnDrag (UnityEngine.EventSystems.PointerEventData) (at Assets/InventoryItem.cs:80)
UnityEngine.EventSystems.ExecuteEvents:Execute (UnityEngine.EventSystems.IDragHandler,UnityEngine.EventSystems.BaseEventData) (at ./Library/PackageCache/com.unity.ugui@1c4864518158/Runtime/UGUI/EventSystem/ExecuteEvents.cs:78)
UnityEngine.EventSystems.ExecuteEvents:Execute<UnityEngine.EventSystems.IDragHandler> (UnityEngine.GameObject,UnityEngine.EventSystems.BaseEventData,UnityEngine.EventSystems.ExecuteEvents/EventFunction`1<UnityEngine.EventSystems.IDragHandler>) (at ./Library/PackageCache/com.unity.ugui@1c4864518158/Runtime/UGUI/EventSystem/ExecuteEvents.cs:272)
UnityEngine.InputSystem.UI.InputSystemUIInputModule:ProcessPointerButtonDrag (UnityEngine.InputSystem.UI.PointerModel/ButtonState&,UnityEngine.InputSystem.UI.ExtendedPointerEventData) (at ./Library/PackageCache/com.unity.inputsystem@7a4e1a2a8194/InputSystem/Runtime/Plugins/UI/InputSystemUIInputModule.cs:781)
UnityEngine.InputSystem.UI.InputSystemUIInputModule:ProcessPointer (UnityEngine.InputSystem.UI.PointerModel&) (at ./Library/PackageCache/com.unity.inputsystem@7a4e1a2a8194/InputSystem/Runtime/Plugins/UI/InputSystemUIInputModule.cs:487)
UnityEngine.InputSystem.UI.InputSystemUIInputModule:Process () (at ./Library/PackageCache/com.unity.inputsystem@7a4e1a2a8194/InputSystem/Runtime/Plugins/UI/InputSystemUIInputModule.cs:2405)
UnityEngine.EventSystems.EventSystem:Update () (at ./Library/PackageCache/com.unity.ugui@1c4864518158/Runtime/UGUI/EventSystem/EventSystem.cs:516)

(Filename: Assets/InventoryItem.cs Line: 80)

OnDrag
UnityEngine.Debug:ExtractStackTraceNoAlloc (byte*,int,string)
UnityEngine.StackTraceUtility:ExtractStackTrace ()
UnityEngine.DebugLogHandler:Internal_Log (UnityEngine.LogType,UnityEngine.LogOption,string,UnityEngine.Object)
UnityEngine.DebugLogHandler:LogFormat (UnityEngine.LogType,UnityEngine.Object,string,object[])
UnityEngine.Logger:Log (UnityEngine.LogType,object)
UnityEngine.Debug:Log (object)
InventoryItem:OnDrag (UnityEngine.EventSystems.PointerEventData) (at Assets/InventoryItem.cs:80)
UnityEngine.EventSystems.ExecuteEvents:Execute (UnityEngine.EventSystems.IDragHandler,UnityEngine.EventSystems.BaseEventData) (at ./Library/PackageCache/com.unity.ugui@1c4864518158/Runtime/UGUI/EventSystem/ExecuteEvents.cs:78)
UnityEngine.EventSystems.ExecuteEvents:Execute<UnityEngine.EventSystems.IDragHandler> (UnityEngine.GameObject,UnityEngine.EventSystems.BaseEventData,UnityEngine.EventSystems.ExecuteEvents/EventFunction`1<UnityEngine.EventSystems.IDragHandler>) (at ./Library/PackageCache/com.unity.ugui@1c4864518158/Runtime/UGUI/EventSystem/ExecuteEvents.cs:272)
UnityEngine.InputSystem.UI.InputSystemUIInputModule:ProcessPointerButtonDrag (UnityEngine.InputSystem.UI.PointerModel/ButtonState&,UnityEngine.InputSystem.UI.ExtendedPointerEventData) (at ./Library/PackageCache/com.unity.inputsystem@7a4e1a2a8194/InputSystem/Runtime/Plugins/UI/InputSystemUIInputModule.cs:781)
UnityEngine.InputSystem.UI.InputSystemUIInputModule:ProcessPointer (UnityEngine.InputSystem.UI.PointerModel&) (at ./Library/PackageCache/com.unity.inputsystem@7a4e1a2a8194/InputSystem/Runtime/Plugins/UI/InputSystemUIInputModule.cs:487)
UnityEngine.InputSystem.UI.InputSystemUIInputModule:Process () (at ./Library/PackageCache/com.unity.inputsystem@7a4e1a2a8194/InputSystem/Runtime/Plugins/UI/InputSystemUIInputModule.cs:2405)
UnityEngine.EventSystems.EventSystem:Update () (at ./Library/PackageCache/com.unity.ugui@1c4864518158/Runtime/UGUI/EventSystem/EventSystem.cs:516)

(Filename: Assets/InventoryItem.cs Line: 80)

OnDrag
UnityEngine.Debug:ExtractStackTraceNoAlloc (byte*,int,string)
UnityEngine.StackTraceUtility:ExtractStackTrace ()
UnityEngine.DebugLogHandler:Internal_Log (UnityEngine.LogType,UnityEngine.LogOption,string,UnityEngine.Object)
UnityEngine.DebugLogHandler:LogFormat (UnityEngine.LogType,UnityEngine.Object,string,object[])
UnityEngine.Logger:Log (UnityEngine.LogType,object)
UnityEngine.Debug:Log (object)
InventoryItem:OnDrag (UnityEngine.EventSystems.PointerEventData) (at Assets/InventoryItem.cs:80)
UnityEngine.EventSystems.ExecuteEvents:Execute (UnityEngine.EventSystems.IDragHandler,UnityEngine.EventSystems.BaseEventData) (at ./Library/PackageCache/com.unity.ugui@1c4864518158/Runtime/UGUI/EventSystem/ExecuteEvents.cs:78)
UnityEngine.EventSystems.ExecuteEvents:Execute<UnityEngine.EventSystems.IDragHandler> (UnityEngine.GameObject,UnityEngine.EventSystems.BaseEventData,UnityEngine.EventSystems.ExecuteEvents/EventFunction`1<UnityEngine.EventSystems.IDragHandler>) (at ./Library/PackageCache/com.unity.ugui@1c4864518158/Runtime/UGUI/EventSystem/ExecuteEvents.cs:272)
UnityEngine.InputSystem.UI.InputSystemUIInputModule:ProcessPointerButtonDrag (UnityEngine.InputSystem.UI.PointerModel/ButtonState&,UnityEngine.InputSystem.UI.ExtendedPointerEventData) (at ./Library/PackageCache/com.unity.inputsystem@7a4e1a2a8194/InputSystem/Runtime/Plugins/UI/InputSystemUIInputModule.cs:781)
UnityEngine.InputSystem.UI.InputSystemUIInputModule:ProcessPointer (UnityEngine.InputSystem.UI.PointerModel&) (at ./Library/PackageCache/com.unity.inputsystem@7a4e1a2a8194/InputSystem/Runtime/Plugins/UI/InputSystemUIInputModule.cs:487)
UnityEngine.InputSystem.UI.InputSystemUIInputModule:Process () (at ./Library/PackageCache/com.unity.inputsystem@7a4e1a2a8194/InputSystem/Runtime/Plugins/UI/InputSystemUIInputModule.cs:2405)
UnityEngine.EventSystems.EventSystem:Update () (at ./Library/PackageCache/com.unity.ugui@1c4864518158/Runtime/UGUI/EventSystem/EventSystem.cs:516)

(Filename: Assets/InventoryItem.cs Line: 80)

OnDrag
UnityEngine.Debug:ExtractStackTraceNoAlloc (byte*,int,string)
UnityEngine.StackTraceUtility:ExtractStackTrace ()
UnityEngine.DebugLogHandler:Internal_Log (UnityEngine.LogType,UnityEngine.LogOption,string,UnityEngine.Object)
UnityEngine.DebugLogHandler:LogFormat (UnityEngine.LogType,UnityEngine.Object,string,object[])
UnityEngine.Logger:Log (UnityEngine.LogType,object)
UnityEngine.Debug:Log (object)
InventoryItem:OnDrag (UnityEngine.EventSystems.PointerEventData) (at Assets/InventoryItem.cs:80)
UnityEngine.EventSystems.ExecuteEvents:Execute (UnityEngine.EventSystems.IDragHandler,UnityEngine.EventSystems.BaseEventData) (at ./Library/PackageCache/com.unity.ugui@1c4864518158/Runtime/UGUI/EventSystem/ExecuteEvents.cs:78)
UnityEngine.EventSystems.ExecuteEvents:Execute<UnityEngine.EventSystems.IDragHandler> (UnityEngine.GameObject,UnityEngine.EventSystems.BaseEventData,UnityEngine.EventSystems.ExecuteEvents/EventFunction`1<UnityEngine.EventSystems.IDragHandler>) (at ./Library/PackageCache/com.unity.ugui@1c4864518158/Runtime/UGUI/EventSystem/ExecuteEvents.cs:272)
UnityEngine.InputSystem.UI.InputSystemUIInputModule:ProcessPointerButtonDrag (UnityEngine.InputSystem.UI.PointerModel/ButtonState&,UnityEngine.InputSystem.UI.ExtendedPointerEventData) (at ./Library/PackageCache/com.unity.inputsystem@7a4e1a2a8194/InputSystem/Runtime/Plugins/UI/InputSystemUIInputModule.cs:781)
UnityEngine.InputSystem.UI.InputSystemUIInputModule:ProcessPointer (UnityEngine.InputSystem.UI.PointerModel&) (at ./Library/PackageCache/com.unity.inputsystem@7a4e1a2a8194/InputSystem/Runtime/Plugins/UI/InputSystemUIInputModule.cs:487)
UnityEngine.InputSystem.UI.InputSystemUIInputModule:Process () (at ./Library/PackageCache/com.unity.inputsystem@7a4e1a2a8194/InputSystem/Runtime/Plugins/UI/InputSystemUIInputModule.cs:2405)
UnityEngine.EventSystems.EventSystem:Update () (at ./Library/PackageCache/com.unity.ugui@1c4864518158/Runtime/UGUI/EventSystem/EventSystem.cs:516)

(Filename: Assets/InventoryItem.cs Line: 80)

OnDrag
UnityEngine.Debug:ExtractStackTraceNoAlloc (byte*,int,string)
UnityEngine.StackTraceUtility:ExtractStackTrace ()
UnityEngine.DebugLogHandler:Internal_Log (UnityEngine.LogType,UnityEngine.LogOption,string,UnityEngine.Object)
UnityEngine.DebugLogHandler:LogFormat (UnityEngine.LogType,UnityEngine.Object,string,object[])
UnityEngine.Logger:Log (UnityEngine.LogType,object)
UnityEngine.Debug:Log (object)
InventoryItem:OnDrag (UnityEngine.EventSystems.PointerEventData) (at Assets/InventoryItem.cs:80)
UnityEngine.EventSystems.ExecuteEvents:Execute (UnityEngine.EventSystems.IDragHandler,UnityEngine.EventSystems.BaseEventData) (at ./Library/PackageCache/com.unity.ugui@1c4864518158/Runtime/UGUI/EventSystem/ExecuteEvents.cs:78)
UnityEngine.EventSystems.ExecuteEvents:Execute<UnityEngine.EventSystems.IDragHandler> (UnityEngine.GameObject,UnityEngine.EventSystems.BaseEventData,UnityEngine.EventSystems.ExecuteEvents/EventFunction`1<UnityEngine.EventSystems.IDragHandler>) (at ./Library/PackageCache/com.unity.ugui@1c4864518158/Runtime/UGUI/EventSystem/ExecuteEvents.cs:272)
UnityEngine.InputSystem.UI.InputSystemUIInputModule:ProcessPointerButtonDrag (UnityEngine.InputSystem.UI.PointerModel/ButtonState&,UnityEngine.InputSystem.UI.ExtendedPointerEventData) (at ./Library/PackageCache/com.unity.inputsystem@7a4e1a2a8194/InputSystem/Runtime/Plugins/UI/InputSystemUIInputModule.cs:781)
UnityEngine.InputSystem.UI.InputSystemUIInputModule:ProcessPointer (UnityEngine.InputSystem.UI.PointerModel&) (at ./Library/PackageCache/com.unity.inputsystem@7a4e1a2a8194/InputSystem/Runtime/Plugins/UI/InputSystemUIInputModule.cs:487)
UnityEngine.InputSystem.UI.InputSystemUIInputModule:Process () (at ./Library/PackageCache/com.unity.inputsystem@7a4e1a2a8194/InputSystem/Runtime/Plugins/UI/InputSystemUIInputModule.cs:2405)
UnityEngine.EventSystems.EventSystem:Update () (at ./Library/PackageCache/com.unity.ugui@1c4864518158/Runtime/UGUI/EventSystem/EventSystem.cs:516)

(Filename: Assets/InventoryItem.cs Line: 80)

OnDrag
UnityEngine.Debug:ExtractStackTraceNoAlloc (byte*,int,string)
UnityEngine.StackTraceUtility:ExtractStackTrace ()
UnityEngine.DebugLogHandler:Internal_Log (UnityEngine.LogType,UnityEngine.LogOption,string,UnityEngine.Object)
UnityEngine.DebugLogHandler:LogFormat (UnityEngine.LogType,UnityEngine.Object,string,object[])
UnityEngine.Logger:Log (UnityEngine.LogType,object)
UnityEngine.Debug:Log (object)
InventoryItem:OnDrag (UnityEngine.EventSystems.PointerEventData) (at Assets/InventoryItem.cs:80)
UnityEngine.EventSystems.ExecuteEvents:Execute (UnityEngine.EventSystems.IDragHandler,UnityEngine.EventSystems.BaseEventData) (at ./Library/PackageCache/com.unity.ugui@1c4864518158/Runtime/UGUI/EventSystem/ExecuteEvents.cs:78)
UnityEngine.EventSystems.ExecuteEvents:Execute<UnityEngine.EventSystems.IDragHandler> (UnityEngine.GameObject,UnityEngine.EventSystems.BaseEventData,UnityEngine.EventSystems.ExecuteEvents/EventFunction`1<UnityEngine.EventSystems.IDragHandler>) (at ./Library/PackageCache/com.unity.ugui@1c4864518158/Runtime/UGUI/EventSystem/ExecuteEvents.cs:272)
UnityEngine.InputSystem.UI.InputSystemUIInputModule:ProcessPointerButtonDrag (UnityEngine.InputSystem.UI.PointerModel/ButtonState&,UnityEngine.InputSystem.UI.ExtendedPointerEventData) (at ./Library/PackageCache/com.unity.inputsystem@7a4e1a2a8194/InputSystem/Runtime/Plugins/UI/InputSystemUIInputModule.cs:781)
UnityEngine.InputSystem.UI.InputSystemUIInputModule:ProcessPointer (UnityEngine.InputSystem.UI.PointerModel&) (at ./Library/PackageCache/com.unity.inputsystem@7a4e1a2a8194/InputSystem/Runtime/Plugins/UI/InputSystemUIInputModule.cs:487)
UnityEngine.InputSystem.UI.InputSystemUIInputModule:Process () (at ./Library/PackageCache/com.unity.inputsystem@7a4e1a2a8194/InputSystem/Runtime/Plugins/UI/InputSystemUIInputModule.cs:2405)
UnityEngine.EventSystems.EventSystem:Update () (at ./Library/PackageCache/com.unity.ugui@1c4864518158/Runtime/UGUI/EventSystem/EventSystem.cs:516)

(Filename: Assets/InventoryItem.cs Line: 80)

OnDrag
UnityEngine.Debug:ExtractStackTraceNoAlloc (byte*,int,string)
UnityEngine.StackTraceUtility:ExtractStackTrace ()
UnityEngine.DebugLogHandler:Internal_Log (UnityEngine.LogType,UnityEngine.LogOption,string,UnityEngine.Object)
UnityEngine.DebugLogHandler:LogFormat (UnityEngine.LogType,UnityEngine.Object,string,object[])
UnityEngine.Logger:Log (UnityEngine.LogType,object)
UnityEngine.Debug:Log (object)
InventoryItem:OnDrag (UnityEngine.EventSystems.PointerEventData) (at Assets/InventoryItem.cs:80)
UnityEngine.EventSystems.ExecuteEvents:Execute (UnityEngine.EventSystems.IDragHandler,UnityEngine.EventSystems.BaseEventData) (at ./Library/PackageCache/com.unity.ugui@1c4864518158/Runtime/UGUI/EventSystem/ExecuteEvents.cs:78)
UnityEngine.EventSystems.ExecuteEvents:Execute<UnityEngine.EventSystems.IDragHandler> (UnityEngine.GameObject,UnityEngine.EventSystems.BaseEventData,UnityEngine.EventSystems.ExecuteEvents/EventFunction`1<UnityEngine.EventSystems.IDragHandler>) (at ./Library/PackageCache/com.unity.ugui@1c4864518158/Runtime/UGUI/EventSystem/ExecuteEvents.cs:272)
UnityEngine.InputSystem.UI.InputSystemUIInputModule:ProcessPointerButtonDrag (UnityEngine.InputSystem.UI.PointerModel/ButtonState&,UnityEngine.InputSystem.UI.ExtendedPointerEventData) (at ./Library/PackageCache/com.unity.inputsystem@7a4e1a2a8194/InputSystem/Runtime/Plugins/UI/InputSystemUIInputModule.cs:781)
UnityEngine.InputSystem.UI.InputSystemUIInputModule:ProcessPointer (UnityEngine.InputSystem.UI.PointerModel&) (at ./Library/PackageCache/com.unity.inputsystem@7a4e1a2a8194/InputSystem/Runtime/Plugins/UI/InputSystemUIInputModule.cs:487)
UnityEngine.InputSystem.UI.InputSystemUIInputModule:Process () (at ./Library/PackageCache/com.unity.inputsystem@7a4e1a2a8194/InputSystem/Runtime/Plugins/UI/InputSystemUIInputModule.cs:2405)
UnityEngine.EventSystems.EventSystem:Update () (at ./Library/PackageCache/com.unity.ugui@1c4864518158/Runtime/UGUI/EventSystem/EventSystem.cs:516)

(Filename: Assets/InventoryItem.cs Line: 80)

OnDrag
UnityEngine.Debug:ExtractStackTraceNoAlloc (byte*,int,string)
UnityEngine.StackTraceUtility:ExtractStackTrace ()
UnityEngine.DebugLogHandler:Internal_Log (UnityEngine.LogType,UnityEngine.LogOption,string,UnityEngine.Object)
UnityEngine.DebugLogHandler:LogFormat (UnityEngine.LogType,UnityEngine.Object,string,object[])
UnityEngine.Logger:Log (UnityEngine.LogType,object)
UnityEngine.Debug:Log (object)
InventoryItem:OnDrag (UnityEngine.EventSystems.PointerEventData) (at Assets/InventoryItem.cs:80)
UnityEngine.EventSystems.ExecuteEvents:Execute (UnityEngine.EventSystems.IDragHandler,UnityEngine.EventSystems.BaseEventData) (at ./Library/PackageCache/com.unity.ugui@1c4864518158/Runtime/UGUI/EventSystem/ExecuteEvents.cs:78)
UnityEngine.EventSystems.ExecuteEvents:Execute<UnityEngine.EventSystems.IDragHandler> (UnityEngine.GameObject,UnityEngine.EventSystems.BaseEventData,UnityEngine.EventSystems.ExecuteEvents/EventFunction`1<UnityEngine.EventSystems.IDragHandler>) (at ./Library/PackageCache/com.unity.ugui@1c4864518158/Runtime/UGUI/EventSystem/ExecuteEvents.cs:272)
UnityEngine.InputSystem.UI.InputSystemUIInputModule:ProcessPointerButtonDrag (UnityEngine.InputSystem.UI.PointerModel/ButtonState&,UnityEngine.InputSystem.UI.ExtendedPointerEventData) (at ./Library/PackageCache/com.unity.inputsystem@7a4e1a2a8194/InputSystem/Runtime/Plugins/UI/InputSystemUIInputModule.cs:781)
UnityEngine.InputSystem.UI.InputSystemUIInputModule:ProcessPointer (UnityEngine.InputSystem.UI.PointerModel&) (at ./Library/PackageCache/com.unity.inputsystem@7a4e1a2a8194/InputSystem/Runtime/Plugins/UI/InputSystemUIInputModule.cs:487)
UnityEngine.InputSystem.UI.InputSystemUIInputModule:Process () (at ./Library/PackageCache/com.unity.inputsystem@7a4e1a2a8194/InputSystem/Runtime/Plugins/UI/InputSystemUIInputModule.cs:2405)
UnityEngine.EventSystems.EventSystem:Update () (at ./Library/PackageCache/com.unity.ugui@1c4864518158/Runtime/UGUI/EventSystem/EventSystem.cs:516)

(Filename: Assets/InventoryItem.cs Line: 80)

OnDrag
UnityEngine.Debug:ExtractStackTraceNoAlloc (byte*,int,string)
UnityEngine.StackTraceUtility:ExtractStackTrace ()
UnityEngine.DebugLogHandler:Internal_Log (UnityEngine.LogType,UnityEngine.LogOption,string,UnityEngine.Object)
UnityEngine.DebugLogHandler:LogFormat (UnityEngine.LogType,UnityEngine.Object,string,object[])
UnityEngine.Logger:Log (UnityEngine.LogType,object)
UnityEngine.Debug:Log (object)
InventoryItem:OnDrag (UnityEngine.EventSystems.PointerEventData) (at Assets/InventoryItem.cs:80)
UnityEngine.EventSystems.ExecuteEvents:Execute (UnityEngine.EventSystems.IDragHandler,UnityEngine.EventSystems.BaseEventData) (at ./Library/PackageCache/com.unity.ugui@1c4864518158/Runtime/UGUI/EventSystem/ExecuteEvents.cs:78)
UnityEngine.EventSystems.ExecuteEvents:Execute<UnityEngine.EventSystems.IDragHandler> (UnityEngine.GameObject,UnityEngine.EventSystems.BaseEventData,UnityEngine.EventSystems.ExecuteEvents/EventFunction`1<UnityEngine.EventSystems.IDragHandler>) (at ./Library/PackageCache/com.unity.ugui@1c4864518158/Runtime/UGUI/EventSystem/ExecuteEvents.cs:272)
UnityEngine.InputSystem.UI.InputSystemUIInputModule:ProcessPointerButtonDrag (UnityEngine.InputSystem.UI.PointerModel/ButtonState&,UnityEngine.InputSystem.UI.ExtendedPointerEventData) (at ./Library/PackageCache/com.unity.inputsystem@7a4e1a2a8194/InputSystem/Runtime/Plugins/UI/InputSystemUIInputModule.cs:781)
UnityEngine.InputSystem.UI.InputSystemUIInputModule:ProcessPointer (UnityEngine.InputSystem.UI.PointerModel&) (at ./Library/PackageCache/com.unity.inputsystem@7a4e1a2a8194/InputSystem/Runtime/Plugins/UI/InputSystemUIInputModule.cs:487)
UnityEngine.InputSystem.UI.InputSystemUIInputModule:Process () (at ./Library/PackageCache/com.unity.inputsystem@7a4e1a2a8194/InputSystem/Runtime/Plugins/UI/InputSystemUIInputModule.cs:2405)
UnityEngine.EventSystems.EventSystem:Update () (at ./Library/PackageCache/com.unity.ugui@1c4864518158/Runtime/UGUI/EventSystem/EventSystem.cs:516)

(Filename: Assets/InventoryItem.cs Line: 80)

OnDrag
UnityEngine.Debug:ExtractStackTraceNoAlloc (byte*,int,string)
UnityEngine.StackTraceUtility:ExtractStackTrace ()
UnityEngine.DebugLogHandler:Internal_Log (UnityEngine.LogType,UnityEngine.LogOption,string,UnityEngine.Object)
UnityEngine.DebugLogHandler:LogFormat (UnityEngine.LogType,UnityEngine.Object,string,object[])
UnityEngine.Logger:Log (UnityEngine.LogType,object)
UnityEngine.Debug:Log (object)
InventoryItem:OnDrag (UnityEngine.EventSystems.PointerEventData) (at Assets/InventoryItem.cs:80)
UnityEngine.EventSystems.ExecuteEvents:Execute (UnityEngine.EventSystems.IDragHandler,UnityEngine.EventSystems.BaseEventData) (at ./Library/PackageCache/com.unity.ugui@1c4864518158/Runtime/UGUI/EventSystem/ExecuteEvents.cs:78)
UnityEngine.EventSystems.ExecuteEvents:Execute<UnityEngine.EventSystems.IDragHandler> (UnityEngine.GameObject,UnityEngine.EventSystems.BaseEventData,UnityEngine.EventSystems.ExecuteEvents/EventFunction`1<UnityEngine.EventSystems.IDragHandler>) (at ./Library/PackageCache/com.unity.ugui@1c4864518158/Runtime/UGUI/EventSystem/ExecuteEvents.cs:272)
UnityEngine.InputSystem.UI.InputSystemUIInputModule:ProcessPointerButtonDrag (UnityEngine.InputSystem.UI.PointerModel/ButtonState&,UnityEngine.InputSystem.UI.ExtendedPointerEventData) (at ./Library/PackageCache/com.unity.inputsystem@7a4e1a2a8194/InputSystem/Runtime/Plugins/UI/InputSystemUIInputModule.cs:781)
UnityEngine.InputSystem.UI.InputSystemUIInputModule:ProcessPointer (UnityEngine.InputSystem.UI.PointerModel&) (at ./Library/PackageCache/com.unity.inputsystem@7a4e1a2a8194/InputSystem/Runtime/Plugins/UI/InputSystemUIInputModule.cs:487)
UnityEngine.InputSystem.UI.InputSystemUIInputModule:Process () (at ./Library/PackageCache/com.unity.inputsystem@7a4e1a2a8194/InputSystem/Runtime/Plugins/UI/InputSystemUIInputModule.cs:2405)
UnityEngine.EventSystems.EventSystem:Update () (at ./Library/PackageCache/com.unity.ugui@1c4864518158/Runtime/UGUI/EventSystem/EventSystem.cs:516)

(Filename: Assets/InventoryItem.cs Line: 80)

OnDrag
UnityEngine.Debug:ExtractStackTraceNoAlloc (byte*,int,string)
UnityEngine.StackTraceUtility:ExtractStackTrace ()
UnityEngine.DebugLogHandler:Internal_Log (UnityEngine.LogType,UnityEngine.LogOption,string,UnityEngine.Object)
UnityEngine.DebugLogHandler:LogFormat (UnityEngine.LogType,UnityEngine.Object,string,object[])
UnityEngine.Logger:Log (UnityEngine.LogType,object)
UnityEngine.Debug:Log (object)
InventoryItem:OnDrag (UnityEngine.EventSystems.PointerEventData) (at Assets/InventoryItem.cs:80)
UnityEngine.EventSystems.ExecuteEvents:Execute (UnityEngine.EventSystems.IDragHandler,UnityEngine.EventSystems.BaseEventData) (at ./Library/PackageCache/com.unity.ugui@1c4864518158/Runtime/UGUI/EventSystem/ExecuteEvents.cs:78)
UnityEngine.EventSystems.ExecuteEvents:Execute<UnityEngine.EventSystems.IDragHandler> (UnityEngine.GameObject,UnityEngine.EventSystems.BaseEventData,UnityEngine.EventSystems.ExecuteEvents/EventFunction`1<UnityEngine.EventSystems.IDragHandler>) (at ./Library/PackageCache/com.unity.ugui@1c4864518158/Runtime/UGUI/EventSystem/ExecuteEvents.cs:272)
UnityEngine.InputSystem.UI.InputSystemUIInputModule:ProcessPointerButtonDrag (UnityEngine.InputSystem.UI.PointerModel/ButtonState&,UnityEngine.InputSystem.UI.ExtendedPointerEventData) (at ./Library/PackageCache/com.unity.inputsystem@7a4e1a2a8194/InputSystem/Runtime/Plugins/UI/InputSystemUIInputModule.cs:781)
UnityEngine.InputSystem.UI.InputSystemUIInputModule:ProcessPointer (UnityEngine.InputSystem.UI.PointerModel&) (at ./Library/PackageCache/com.unity.inputsystem@7a4e1a2a8194/InputSystem/Runtime/Plugins/UI/InputSystemUIInputModule.cs:487)
UnityEngine.InputSystem.UI.InputSystemUIInputModule:Process () (at ./Library/PackageCache/com.unity.inputsystem@7a4e1a2a8194/InputSystem/Runtime/Plugins/UI/InputSystemUIInputModule.cs:2405)
UnityEngine.EventSystems.EventSystem:Update () (at ./Library/PackageCache/com.unity.ugui@1c4864518158/Runtime/UGUI/EventSystem/EventSystem.cs:516)

(Filename: Assets/InventoryItem.cs Line: 80)

Дроп успешно!
UnityEngine.Debug:ExtractStackTraceNoAlloc (byte*,int,string)
UnityEngine.StackTraceUtility:ExtractStackTrace ()
UnityEngine.DebugLogHandler:Internal_Log (UnityEngine.LogType,UnityEngine.LogOption,string,UnityEngine.Object)
UnityEngine.DebugLogHandler:LogFormat (UnityEngine.LogType,UnityEngine.Object,string,object[])
UnityEngine.Logger:Log (UnityEngine.LogType,object)
UnityEngine.Debug:Log (object)
DropManager:Drop (UnityEngine.Vector2) (at Assets/DropManager.cs:39)
InventoryItem:OnEndDrag (UnityEngine.EventSystems.PointerEventData) (at Assets/InventoryItem.cs:50)
UnityEngine.EventSystems.ExecuteEvents:Execute (UnityEngine.EventSystems.IEndDragHandler,UnityEngine.EventSystems.BaseEventData) (at ./Library/PackageCache/com.unity.ugui@1c4864518158/Runtime/UGUI/EventSystem/ExecuteEvents.cs:85)
UnityEngine.EventSystems.ExecuteEvents:Execute<UnityEngine.EventSystems.IEndDragHandler> (UnityEngine.GameObject,UnityEngine.EventSystems.BaseEventData,UnityEngine.EventSystems.ExecuteEvents/EventFunction`1<UnityEngine.EventSystems.IEndDragHandler>) (at ./Library/PackageCache/com.unity.ugui@1c4864518158/Runtime/UGUI/EventSystem/ExecuteEvents.cs:272)
UnityEngine.InputSystem.UI.InputSystemUIInputModule:ProcessPointerButton (UnityEngine.InputSystem.UI.PointerModel/ButtonState&,UnityEngine.EventSystems.PointerEventData) (at ./Library/PackageCache/com.unity.inputsystem@7a4e1a2a8194/InputSystem/Runtime/Plugins/UI/InputSystemUIInputModule.cs:737)
UnityEngine.InputSystem.UI.InputSystemUIInputModule:ProcessPointer (UnityEngine.InputSystem.UI.PointerModel&) (at ./Library/PackageCache/com.unity.inputsystem@7a4e1a2a8194/InputSystem/Runtime/Plugins/UI/InputSystemUIInputModule.cs:486)
UnityEngine.InputSystem.UI.InputSystemUIInputModule:Process () (at ./Library/PackageCache/com.unity.inputsystem@7a4e1a2a8194/InputSystem/Runtime/Plugins/UI/InputSystemUIInputModule.cs:2405)
UnityEngine.EventSystems.EventSystem:Update () (at ./Library/PackageCache/com.unity.ugui@1c4864518158/Runtime/UGUI/EventSystem/EventSystem.cs:516)

(Filename: Assets/DropManager.cs Line: 39)

Poster: drop action initiated
UnityEngine.Debug:ExtractStackTraceNoAlloc (byte*,int,string)
UnityEngine.StackTraceUtility:ExtractStackTrace ()
UnityEngine.DebugLogHandler:Internal_Log (UnityEngine.LogType,UnityEngine.LogOption,string,UnityEngine.Object)
UnityEngine.DebugLogHandler:LogFormat (UnityEngine.LogType,UnityEngine.Object,string,object[])
UnityEngine.Logger:Log (UnityEngine.LogType,object)
UnityEngine.Debug:Log (object)
Poster:Activate () (at Assets/Poster.cs:7)
DropManager:Drop (UnityEngine.Vector2) (at Assets/DropManager.cs:47)
InventoryItem:OnEndDrag (UnityEngine.EventSystems.PointerEventData) (at Assets/InventoryItem.cs:50)
UnityEngine.EventSystems.ExecuteEvents:Execute (UnityEngine.EventSystems.IEndDragHandler,UnityEngine.EventSystems.BaseEventData) (at ./Library/PackageCache/com.unity.ugui@1c4864518158/Runtime/UGUI/EventSystem/ExecuteEvents.cs:85)
UnityEngine.EventSystems.ExecuteEvents:Execute<UnityEngine.EventSystems.IEndDragHandler> (UnityEngine.GameObject,UnityEngine.EventSystems.BaseEventData,UnityEngine.EventSystems.ExecuteEvents/EventFunction`1<UnityEngine.EventSystems.IEndDragHandler>) (at ./Library/PackageCache/com.unity.ugui@1c4864518158/Runtime/UGUI/EventSystem/ExecuteEvents.cs:272)
UnityEngine.InputSystem.UI.InputSystemUIInputModule:ProcessPointerButton (UnityEngine.InputSystem.UI.PointerModel/ButtonState&,UnityEngine.EventSystems.PointerEventData) (at ./Library/PackageCache/com.unity.inputsystem@7a4e1a2a8194/InputSystem/Runtime/Plugins/UI/InputSystemUIInputModule.cs:737)
UnityEngine.InputSystem.UI.InputSystemUIInputModule:ProcessPointer (UnityEngine.InputSystem.UI.PointerModel&) (at ./Library/PackageCache/com.unity.inputsystem@7a4e1a2a8194/InputSystem/Runtime/Plugins/UI/InputSystemUIInputModule.cs:486)
UnityEngine.InputSystem.UI.InputSystemUIInputModule:Process () (at ./Library/PackageCache/com.unity.inputsystem@7a4e1a2a8194/InputSystem/Runtime/Plugins/UI/InputSystemUIInputModule.cs:2405)
UnityEngine.EventSystems.EventSystem:Update () (at ./Library/PackageCache/com.unity.ugui@1c4864518158/Runtime/UGUI/EventSystem/EventSystem.cs:516)

(Filename: Assets/Poster.cs Line: 7)

OnEndDrag
UnityEngine.Debug:ExtractStackTraceNoAlloc (byte*,int,string)
UnityEngine.StackTraceUtility:ExtractStackTrace ()
UnityEngine.DebugLogHandler:Internal_Log (UnityEngine.LogType,UnityEngine.LogOption,string,UnityEngine.Object)
UnityEngine.DebugLogHandler:LogFormat (UnityEngine.LogType,UnityEngine.Object,string,object[])
UnityEngine.Logger:Log (UnityEngine.LogType,object)
UnityEngine.Debug:Log (object)
InventoryItem:OnEndDrag (UnityEngine.EventSystems.PointerEventData) (at Assets/InventoryItem.cs:53)
UnityEngine.EventSystems.ExecuteEvents:Execute (UnityEngine.EventSystems.IEndDragHandler,UnityEngine.EventSystems.BaseEventData) (at ./Library/PackageCache/com.unity.ugui@1c4864518158/Runtime/UGUI/EventSystem/ExecuteEvents.cs:85)
UnityEngine.EventSystems.ExecuteEvents:Execute<UnityEngine.EventSystems.IEndDragHandler> (UnityEngine.GameObject,UnityEngine.EventSystems.BaseEventData,UnityEngine.EventSystems.ExecuteEvents/EventFunction`1<UnityEngine.EventSystems.IEndDragHandler>) (at ./Library/PackageCache/com.unity.ugui@1c4864518158/Runtime/UGUI/EventSystem/ExecuteEvents.cs:272)
UnityEngine.InputSystem.UI.InputSystemUIInputModule:ProcessPointerButton (UnityEngine.InputSystem.UI.PointerModel/ButtonState&,UnityEngine.EventSystems.PointerEventData) (at ./Library/PackageCache/com.unity.inputsystem@7a4e1a2a8194/InputSystem/Runtime/Plugins/UI/InputSystemUIInputModule.cs:737)
UnityEngine.InputSystem.UI.InputSystemUIInputModule:ProcessPointer (UnityEngine.InputSystem.UI.PointerModel&) (at ./Library/PackageCache/com.unity.inputsystem@7a4e1a2a8194/InputSystem/Runtime/Plugins/UI/InputSystemUIInputModule.cs:486)
UnityEngine.InputSystem.UI.InputSystemUIInputModule:Process () (at ./Library/PackageCache/com.unity.inputsystem@7a4e1a2a8194/InputSystem/Runtime/Plugins/UI/InputSystemUIInputModule.cs:2405)
UnityEngine.EventSystems.EventSystem:Update () (at ./Library/PackageCache/com.unity.ugui@1c4864518158/Runtime/UGUI/EventSystem/EventSystem.cs:516)

(Filename: Assets/InventoryItem.cs Line: 53)

Unloading 0 Unused Serialized files (Serialized files now loaded: 0)
Loaded scene 'Temp/__Backupscenes/0.backup'
	Deserialize:            9.682 ms
	Integration:            439.816 ms
	Integration of assets:  0.009 ms
	Thread Wait Time:       0.127 ms
	Total Operation Time:   449.634 ms
Unloading 28 unused Assets / (273.9 KB). Loaded Objects now: 10505.
Memory consumption went from 0.74 GB to 0.74 GB.
Total: 36.846000 ms (FindLiveObjects: 1.130900 ms CreateObjectMapping: 2.177800 ms MarkObjects: 33.426000 ms  DeleteObjects: 0.109600 ms)

[Licensing::Client] Successfully resolved entitlement details
Asset Pipeline Refresh (id=dddcdc4d07c541b4f8383d63e6aa81c9): Total: 0.033 seconds - Initiated by RefreshV2(AllowForceSynchronousImport)
